code,iso,,country,1999,2000,2001,2002,2003,2004,2005,2006,2007,2008,2009,2010,2011,2012,2013,2014,2015,2016,2017,2018,2019
4,AFG,Keep,Afghanistan,NA,NA,NA,NA,NA,NA,NA,NA,NA,NA,NA,NA,-0.009634579,-0.007548756,-0.01164776,-0.015884887,-0.023196332,-0.031947567,-0.044031506,-0.045842256,-0.042599743
8,ALB,Keep,Albania,-0.06960899,-0.067758993,-0.051906368,-0.042329192,-0.032367663,-0.023223,-0.019297603,-0.026424329,-0.034415023,-0.04423717,-0.048636472,-0.051098066,-0.050510985,-0.046116142,-0.03559645,-0.021827491,-0.014574131,-0.011995343,-0.008871748,-0.012492729,-0.017080265
12,DZA,Keep,Algeria,0.005369086,-0.004122526,-0.017230518,-0.030644664,-0.038168293,-0.044620887,-0.041090339,-0.035699119,-0.034284225,-0.026556757,-0.021486758,-0.01517935,-0.012944376,-0.009825842,-0.00681477,-0.005713598,-0.00103629,0.002095632,0.003140258,0.005754761,0.007176557
20,AND,Keep,Andorra,NA,NA,NA,NA,NA,NA,NA,NA,NA,NA,NA,NA,NA,NA,NA,NA,NA,NA,NA,NA,NA
24,AGO,Keep,Angola,0.052489699,0.031246802,0.002797152,-0.030793364,-0.041778873,-0.046250801,-0.050996878,-0.063472669,-0.078884351,-0.088730571,-0.090776966,-0.085619888,-0.077804967,-0.072372527,-0.059507839,-0.040260885,-0.026372423,-0.017645231,-0.013342255,-0.01493881,-0.01300788
28,ATG,Keep,Antigua and Barbuda,-0.007278262,-0.004803852,-0.000166781,0.007291132,0.011931826,0.010411367,0.009727775,0.002436994,-0.00638226,-0.01269908,-0.008309944,-0.003652352,0.002985495,0.012696585,0.022492275,0.028051604,0.02969125,0.02180537,0.00778478,-0.009057919,-0.015631672
32,ARG,Keep,Argentina,-0.029600047,-0.019322645,-0.009703089,0.003727568,0.010499356,0.013387254,0.015074192,0.012515037,0.001768984,-0.011665925,-0.019471482,-0.030862128,-0.041100344,-0.040649464,-0.037301388,-0.028858477,-0.022930199,-0.014396801,-0.010313208,-0.004562489,0.001598224
51,ARM,Keep,Armenia,-0.011187535,-0.034645444,-0.057364761,-0.04369774,-0.051290529,-0.056804834,-0.053113788,-0.059845295,-0.058293194,-0.053642923,-0.048688748,-0.038756599,-0.02504136,-0.015434226,-0.009806168,-0.006052954,-0.00426173,-0.000987831,-0.004825574,-0.003928643,-0.008296628
533,ABW,Keep,Aruba,0.017587315,0.071044969,0.115846251,0.146699424,0.171923871,0.173723589,0.165650735,0.142660333,0.106824961,0.0581924,0.0056764,0.003169593,0.000282426,-0.031875484,-0.077277923,-0.111861256,-0.134358725,-0.148324065,-0.148456059,NA,NA
36,AUS,Keep,Australia,-0.020916291,-0.019473532,-0.015795182,-0.012151492,-0.01732687,-0.0191077,-0.025083321,-0.025888381,-0.02834991,-0.032477555,-0.031861806,-0.031002009,-0.018711665,-0.008686857,-0.017086093,-0.019820971,-0.026191323,-0.030016921,-0.030189522,-0.033574887,-0.03707575
40,AUT,Keep,Austria,-0.017596888,-0.020928998,-0.019271129,-0.020254595,-0.016462424,-0.014890372,-0.011776583,-0.00748536,-0.007181145,-0.00826695,-0.007971829,-0.004377744,-0.003472941,-0.006352319,-0.004031185,-0.004518327,-0.004060089,-0.004775645,-0.009350026,-0.018452642,-0.021186966
31,AZE,Keep,Azerbaijan,0.01094633,-0.015548606,-0.047366268,-0.069376688,-0.078852319,-0.077809474,-0.081107116,-0.092453388,-0.108757396,-0.114060135,-0.123375809,-0.127547732,-0.122532781,-0.109469257,-0.090150618,-0.062797019,-0.035619208,-0.015789859,-0.007679217,0.004273153,0.007963605
44,BHS,Keep,Bahamas,-0.018508529,-0.022501891,-0.025217361,-0.022500407,-0.01838727,-0.013258581,-0.014374078,-0.017690973,-0.029078628,-0.009639489,-0.011300852,0.004261385,0.002036282,0.001398581,0.023786868,0.032991862,0.026241371,0.008970315,-0.005789704,-0.004655746,-0.018910381
48,BHR,Keep,Bahrain,-0.019442607,-0.014329832,-0.02229869,-0.029595575,-0.035458549,-0.0396134,-0.041211537,-0.042812519,-0.037788716,-0.028011341,-0.01810643,-0.008983109,-0.006788973,-0.004750417,-0.001647551,-0.002427479,-0.002652391,-0.010050706,-0.012381673,-0.017422796,-0.020534721
50,BGD,Keep,Bangladesh,-0.021848138,-0.022166595,-0.021580556,-0.021091127,-0.021987241,-0.022656304,-0.022084034,-0.022004134,-0.023888815,-0.026293575,-0.027056689,-0.027787339,-0.027992152,-0.027971377,-0.028884622,-0.029539101,-0.029653486,-0.030710543,-0.03312079,-0.03464942,-0.035468309
52,BRB,Keep,Barbados,-0.018827288,-0.015340658,-0.001099206,0.007941353,0.023816731,0.020108957,0.016408342,0.006463208,-0.004027671,-4.11E-05,0.007867542,0.00893629,0.013259625,0.013974303,0.014563088,0.008357015,0.000956532,-0.009905445,-0.025658541,-0.02983438,-0.027422926
112,BLR,Keep,Belarus,-0.028633959,-0.040932555,-0.051677645,-0.058702815,-0.064839536,-0.068753593,-0.066845271,-0.061836808,-0.061261365,-0.061864008,-0.060261211,-0.059759016,-0.051465629,-0.042231203,-0.032122213,-0.022316859,-0.013607312,-0.004717399,-0.000786929,0.001180799,0.001500352
56,BEL,Keep,Belgium,-0.008381278,-0.012974685,-0.016380349,-0.021519419,-0.023969226,-0.026076655,-0.028628848,-0.028583943,-0.03140694,-0.029830586,-0.028395148,-0.02354118,-0.022236573,-0.02460909,-0.021254842,-0.020258142,-0.018645437,-0.018631028,-0.021024086,-0.019950377,-0.019519566
84,BLZ,Keep,Belize,-0.035984426,-0.032602173,-0.021299947,-0.017578152,-0.015550132,-0.023164531,-0.026024055,-0.035592585,-0.031673803,-0.030403301,-0.023518583,-0.017810432,-0.00387118,-4.60E-05,0.010754727,0.00362376,0.007188705,0.006322842,0.007672438,0.002191696,0.006800009
204,BEN,Keep,Benin,-0.004560497,-0.006024326,-0.013193434,-0.014388244,-0.01675965,-0.016153754,-0.015739974,-0.010062005,-0.003906215,-0.001893241,0.001902318,0.009069177,0.006954966,0.005728959,0.00214519,-0.005240761,-0.006975933,-0.004618974,-0.001628416,-0.004459563,-0.008294961
64,BTN,Keep,Bhutan,0.006559958,0.00045598,-0.008692367,-0.020938177,-0.039233542,-0.058269956,-0.061682403,-0.063581994,-0.066628986,-0.068138806,-0.061432703,-0.053929714,-0.045683667,-0.037205422,-0.029342556,-0.025587421,-0.017166365,-0.009856821,-0.008975846,-0.012283384,-0.012277202
68,BOL,Keep,Bolivia,0.047429232,0.046030153,0.028299174,0.009161057,-0.005644913,-0.010354678,-0.019653339,-0.019175873,-0.008554882,0.002307396,0.013421481,0.023913594,0.018465357,0.007280141,-0.00467925,-0.008856728,-0.010087529,-0.009445879,-0.011690873,-0.015212146,-0.016651161
70,BIH,Keep,Bosnia and Herzegovina,NA,NA,NA,NA,-0.025902673,0.001184989,0.017909548,0.002134105,-0.003814414,-0.003156851,-0.003813799,0.005698202,0.015272459,0.019364079,0.019398489,0.015872394,0.006158674,0.00296541,-0.005738382,-0.013679944,-0.015363178
72,BWA,Keep,Botswana,-0.034568633,-0.033512728,-0.027752006,-0.024736115,-0.052528772,-0.070040469,-0.075523211,-0.068276866,-0.073393604,-0.046157472,-0.053066368,-0.018297751,0.031501729,0.047238043,0.019148141,-0.013580491,-0.044358728,-0.065920096,-0.082364074,-0.07531171,-0.103597211
76,BRA,Keep,Brazil,-0.003282045,-0.003235048,-0.001496788,0.001149875,0.003687491,0.004234985,0.002754225,-0.001864091,-0.007989667,-0.013357795,-0.018225619,-0.021014052,-0.02299595,-0.02276696,-0.019586574,-0.013321934,-0.005816595,0.001415555,0.006596703,0.007565357,0.006025282
96,BRN,Keep,Brunei Darussalam,-0.023445082,-0.006922169,-5.18E-05,-0.003412547,-0.001152494,-0.001520005,-0.004242183,-0.00448566,0.012128792,0.038684261,0.044136401,0.049544646,0.0582373,0.053832138,0.039273935,0.027473652,0.003914059,-0.014954452,-0.012821969,0.000134524,0.014557446
100,BGR,Keep,Bulgaria,-0.02258306,-0.026362536,-0.032041468,-0.038539773,-0.031038931,-0.035693272,-0.040139648,-0.047794555,-0.044969423,-0.048198493,-0.051747283,-0.052257835,-0.04347413,-0.040568887,-0.038083108,-0.033277083,-0.027054671,-0.026190201,-0.020618541,-0.021613622,-0.029493357
854,BFA,Keep,Burkina Faso,-0.030691772,-0.031556337,-0.037367596,-0.03915539,-0.032941511,-0.023137745,-0.014408663,-0.012114238,-0.008978202,-0.008194505,-0.011026864,-0.011357483,-0.018017719,-0.025898821,-0.026583478,-0.025879894,-0.025079216,-0.025606926,-0.025580306,-0.027333641,-0.027399941
108,BDI,Keep,Burundi,0.037242111,0.034011165,0.0292763,0.017952901,0.008526709,-0.000436394,-0.003452949,-0.001228413,0.003598763,0.004827893,0.00021048,-0.000578135,0.002750448,-0.002327969,-0.00057159,-0.002261976,-0.000650119,0.004866385,0.014780969,0.022203249,0.022529812
132,CPV,Keep,Cabo Verde,-0.066262154,-0.069083246,-0.061784475,-0.045319673,-0.027742861,-0.019703269,-0.004138668,0.003674585,0.003573932,-0.003957808,-0.005763085,-0.007907386,-0.008188414,-0.013971619,-0.01947415,-0.025657282,-0.022557644,-0.016979541,-0.015209241,-0.011547401,-0.00500255
116,KHM,Keep,Cambodia,NA,NA,NA,-0.022715636,-0.049439166,-0.059616435,-0.063289792,-0.065032684,-0.065339701,-0.061751029,-0.050325186,-0.043472333,-0.037871874,-0.034286705,-0.030281828,-0.031606577,-0.03248937,-0.032485128,-0.032305083,-0.034555066,-0.027518647
120,CMR,Keep,Cameroon,0.000111683,-0.006716637,-0.017253699,-0.025361486,-0.025776201,-0.033006215,-0.03563279,-0.037820057,-0.039755151,-0.040243452,-0.038252857,-0.033037415,-0.031308959,-0.032231725,-0.030533848,-0.030799455,-0.024770191,-0.022532843,-0.023380289,-0.023988022,-0.023734378
124,CAN,Keep,Canada,NA,NA,NA,NA,NA,NA,NA,-0.023110769,-0.026213711,-0.028802019,-0.03028275,-0.031628814,-0.032440227,-0.032949679,-0.030208293,-0.026012375,-0.020723085,-0.015520498,-0.011862906,-0.008936337,-0.006279954
140,CAF,Keep,Central African Republic,0.004875976,0.005859011,-0.005754528,-0.020054228,-0.013406137,-0.019033612,-0.024726583,-0.022696293,-0.021501698,-0.012978222,-0.028101439,-0.024485728,-0.028842488,-0.050862188,-0.02242417,-0.006100523,0.010619901,0.026974085,0.034310504,0.043415679,0.023640726
148,TCD,Keep,Chad,0.042527109,0.031270267,0.019647169,0.003508946,-0.005228228,-0.027383721,-0.049137127,-0.059348897,-0.064905238,-0.067975387,-0.062829994,-0.049685499,-0.038561455,-0.025321882,-0.012542465,-0.010182206,-0.010298927,-0.001580906,0.010856623,0.023530316,0.033199281
152,CHL,Keep,Chile,-0.003844524,0.003835693,0.001097983,-0.004736189,-0.012588274,-0.019043254,-0.026413858,-0.031094363,-0.030070944,-0.029263108,-0.023959379,-0.02071848,-0.019469683,-0.017931151,-0.017746846,-0.019563894,-0.020666879,-0.02111027,-0.018534406,-0.01645986,-0.015145097
156,CHN,Keep,China,-0.069474078,-0.06904801,-0.066916354,-0.063649524,-0.056649071,-0.046783648,-0.034026935,-0.022049556,-0.01554638,-0.013966683,-0.015785284,-0.019752208,-0.025002496,-0.03159259,-0.036068123,-0.038448733,-0.040701333,-0.043492189,-0.047866025,-0.051531431,-0.053968379
170,COL,Keep,Colombia,-0.024598802,-0.02333096,-0.021227257,-0.017892778,-0.015011059,-0.014895567,-0.017810822,-0.022415944,-0.026897445,-0.027101208,-0.025908344,-0.023055058,-0.02268248,-0.022327459,-0.019778036,-0.020237153,-0.021759041,-0.020011397,-0.02249873,-0.02224843,-0.016850092
174,COM,Keep,Comoros,0.014524648,0.007545286,0.005858034,6.79093051363377e-05,-0.004664819,-0.004878201,-0.006112864,-0.002035866,-0.00660103,-0.006265038,-0.00250366,-0.002365116,-0.003835514,-0.005187538,-0.003679745,-0.003002875,-0.001038525,0.006153012,0.006434332,0.00697027,0.005567873
188,CRI,Keep,Costa Rica,-0.02963796,-0.035015022,-0.03653113,-0.035450137,-0.034137147,-0.028274653,-0.029040707,-0.029500221,-0.026762003,-0.024067862,-0.022159939,-0.024608354,-0.027626515,-0.030005493,-0.028471411,-0.026754489,-0.028286585,-0.028660428,-0.026006503,-0.020396277,-0.011235472
384,CIV,Keep,Cote d'Ivoire,0.007676406,0.005628453,0.006249837,0.006799722,0.005673779,0.005514834,0.013606717,0.018327592,0.019906512,0.013968658,-0.001058007,-0.010478542,-0.008520104,-0.003476258,-0.005050241,-0.008874658,-0.011260947,-0.009784623,-0.013254827,-0.019915391,-0.032516221
191,HRV,Keep,Croatia,NA,NA,NA,NA,NA,-0.010217876,-0.010326526,-0.013716241,-0.014200181,-0.017207974,-0.018394555,-0.020554979,-0.020987397,-0.023416625,-0.023998105,-0.024113991,-0.023537101,-0.023965507,-0.021479255,-0.023128831,-0.024727951
196,CYP,Keep,Cyprus,-0.012319794,-0.016673584,-0.020799966,-0.024425934,-0.02001305,-0.015160756,-0.02140679,-0.020712365,-0.020839608,-0.018927055,-0.01871904,-0.017705972,-0.018615403,-0.019546949,-0.016043182,-0.011845394,-0.010734041,-0.010040242,-0.010031111,-0.011784171,-0.014312471
203,CZE,Keep,Czech Republic,-0.043490346,-0.041160686,-0.035183936,-0.031754884,-0.026744747,-0.02704829,-0.030723447,-0.03527073,-0.037877881,-0.041697882,-0.044867403,-0.042286864,-0.039558015,-0.036623659,-0.03123948,-0.029346836,-0.02791136,-0.026271861,-0.027416275,-0.032048134,-0.034311392
180,COD,Keep,Dem. Rep. Congo,0.035283186,0.026468915,0.020092028,0.021538035,0.02842136,0.034129268,0.0352296,0.026515454,0.012348263,-0.001607566,-0.018046199,-0.030906692,-0.04198608,-0.041976326,-0.037966841,-0.033977084,-0.032545914,-0.029731392,-0.027896565,-0.028343884,-0.02773775
208,DNK,Keep,Denmark,-0.018525733,-0.032805814,-0.036259077,-0.042621159,-0.040854165,-0.041464619,-0.046227484,-0.03451696,-0.030816589,-0.027730643,-0.026228112,-0.026424991,-0.028707162,-0.032521009,-0.029130437,-0.033151316,-0.04191629,-0.042939378,-0.047694387,-0.050350231,-0.052772004
262,DJI,Keep,Djibouti,NA,0.040048254,0.033384985,0.023537946,0.016352117,0.006669258,-0.000718278,-0.007235038,-0.012030753,-0.016902854,-0.021799717,-0.023555273,-0.028829499,-0.031277327,-0.029639814,-0.033942145,-0.036513372,-0.038911127,-0.039052812,-0.041323032,-0.04561981
212,DMA,Keep,Dominica,0.010171719,0.01310755,0.014250453,0.007741826,0.008349786,0.015886651,0.0235781,0.024747934,0.031196071,0.0125133,0.001744802,-0.002326218,-0.00847312,-0.014558817,-0.017317808,-0.015055025,-0.009999311,-0.0080002,0.001114425,0.002619288,0.001711926
214,DOM,Keep,Dominican Republic,-0.00392574,-0.009962875,-0.011411743,-0.013862664,-0.016212098,-0.024114926,-0.029037165,-0.030956638,-0.03218119,-0.033020144,-0.035377888,-0.037907506,-0.037580807,-0.032704317,-0.026040784,-0.024646395,-0.025772723,-0.027691839,-0.029854877,-0.031814491,-0.0321188
218,ECU,Keep,Ecuador,0.000359564,-0.006900476,-0.013206066,-0.011374766,-0.00354342,-0.012011123,-0.010239885,-0.006904848,-0.007578934,-0.013714074,-0.012709857,-0.013997277,-0.012980443,-0.016065201,-0.016115587,-0.014344212,-0.015338633,-0.017754462,-0.016738071,-0.020146385,-0.018075284
818,EGY,Keep,Egypt,-0.000651444,-0.003020066,-0.007252037,-0.012121648,-0.007494828,-0.008393356,-0.003582277,-0.002091562,-0.001146555,-0.000279002,-0.001569511,-0.003924733,-0.009012028,-0.015755909,-0.019234656,-0.021020977,-0.02128415,-0.019826207,-0.016577243,-0.016091725,-0.017382912
222,SLV,Keep,El Salvador,0.004354622,-0.002547329,-0.001333723,-0.001394644,-0.001017411,0.000356893,-0.000417234,-0.001911665,0.000845574,-0.001817561,-0.00435497,-0.010990595,-0.016397002,-0.019822061,-0.025267578,-0.028276933,-0.027853073,-0.026836144,-0.027214824,-0.024256307,-0.017297228
226,GNQ,Keep,Equatorial Guinea,0.129403733,0.011327562,-0.11263648,-0.181379347,-0.196706854,-0.178801036,-0.149393996,-0.127213357,-0.128020239,-0.120753908,-0.113347487,-0.093139748,-0.073199922,-0.067544625,-0.054010968,-0.044602258,-0.032611236,-0.017665927,-0.01022218,0.003286768,0.011610694
232,ERI,Keep,Eritrea,NA,NA,-0.021584109,-0.003033249,0.006878162,0.008021388,0.00817679,0.005560417,0.004751724,0.010257123,0.009821059,0.01252492,-0.002590458,-0.017685922,-0.019330689,-0.033473695,-0.031179643,-0.033717208,-0.025683197,-0.010994305,-0.000438114
233,EST,Keep,Estonia,NA,NA,NA,NA,NA,-0.067630283,-0.064240072,-0.060331081,-0.054469526,-0.04897384,-0.039730607,-0.024251936,-0.010810828,-0.004774965,0.00880583,0.017412183,0.015031468,0.004300696,-0.007412234,-0.01730223,-0.037655032
748,SWZ,Keep,Eswatini,-0.018646351,-0.017060912,-0.01765888,-0.01809903,-0.027984647,-0.027735617,-0.02911934,-0.039606602,-0.041464634,-0.042981542,-0.04120546,-0.042904349,-0.04589226,-0.043606404,-0.035182306,-0.03740935,-0.037702016,-0.035776938,-0.034434586,-0.031189536,-0.030795329
231,ETH,Keep,Ethiopia,-0.020017657,-0.026762459,-0.028112879,-0.013740463,-0.00857975,-0.008442636,-0.013248496,-0.022670003,-0.03073863,-0.032626977,-0.035882566,-0.044368284,-0.056072592,-0.059022117,-0.058217797,-0.0589261,-0.061519702,-0.063068668,-0.062137648,-0.060801475,-0.058913097
242,FJI,Keep,Fiji,-0.012288337,-0.013080683,-0.009939391,-0.013113478,-0.011497645,-0.005409645,-0.004788628,-0.002793261,-0.000181836,-0.005207457,-0.016564761,-0.016197467,-0.013426649,-0.01743596,-0.014473953,-0.01351302,-0.008047171,-0.004005049,-0.003169357,-0.008835553,-0.002814603
246,FIN,Keep,Finland,-0.017470233,-0.031978285,-0.036637451,-0.039773355,-0.033951338,-0.023822803,-0.026472403,-0.016508014,-0.014177507,-0.018620447,-0.020533776,-0.021543884,-0.024877764,-0.027085341,-0.022288903,-0.014983397,-0.019757461,-0.017859533,-0.023459219,-0.030141173,-0.036214854
250,FRA,Keep,France,-0.021573803,-0.024506624,-0.022839468,-0.022969902,-0.020695471,-0.021783149,-0.02185689,-0.019854716,-0.020567789,-0.019262829,-0.018849834,-0.019672572,-0.021458624,-0.022065356,-0.020658786,-0.022039246,-0.021295603,-0.021397593,-0.021751815,-0.02309677,-0.024214714
266,GAB,Keep,Gabon,0.009624225,0.018244312,0.018785093,0.021274932,0.025221067,0.018632766,0.009053472,-0.002156869,-0.030352708,-0.04195223,-0.049877838,-0.054099255,-0.05720956,-0.059586782,-0.053783971,-0.046871842,-0.039199381,-0.03425396,-0.043225088,-0.043587216,-0.045935824
270,GMB,Keep,Gambia,-0.010428705,-0.011543714,-0.016470816,-0.020203845,-0.023589549,-0.022863683,-0.01604587,-0.004258385,0.001458362,0.009587983,0.019422211,0.028193541,0.024998864,0.020550752,0.014751757,0.011815033,0.011762969,0.009394931,0.002608365,-0.008266917,-0.011204746
268,GEO,Keep,Georgia,0.015904554,-0.030066224,-0.073101118,-0.066195109,-0.049688498,-0.036695698,-0.043989081,-0.040907501,-0.041820901,-0.044852252,-0.03998769,-0.031286902,-0.024897183,-0.019980127,-0.017373209,-0.011762396,-0.005561329,0.001335632,0.001590158,-0.012850361,-0.019739675
276,DEU,Keep,Germany,-0.033886115,-0.028964574,-0.026884389,-0.02732413,-0.025749644,-0.024576072,-0.023599739,-0.020141788,-0.020294364,-0.020817511,-0.022797073,-0.022950216,-0.024933998,-0.025423299,-0.022486379,-0.021686986,-0.020148502,-0.018478271,-0.020107072,-0.022714284,-0.027353229
288,GHA,Keep,Ghana,-0.011155799,-0.010601388,-0.011954814,-0.016750646,-0.020677104,-0.026720479,-0.030791812,-0.029809308,-0.027806494,-0.029086809,-0.037119048,-0.037356872,-0.035109528,-0.03135028,-0.026879737,-0.02559769,-0.019269551,-0.009738535,-0.004720305,-0.002006887,-0.009097354
300,GRC,Keep,Greece,-0.005557107,-0.006572732,-0.011297576,-0.015139299,-0.019193849,-0.022965186,-0.024323542,-0.028357772,-0.031630217,-0.031445921,-0.029762925,-0.026446388,-0.01934871,-0.007646528,-0.002257954,0.000277294,0.002772324,-0.000511614,-0.003297938,-0.00842588,-0.01174853
308,GRD,Keep,Grenada,0.023228384,0.011671236,0.001688885,-0.005737982,-0.013562663,-0.016037644,-0.020087217,-0.01767657,-0.013918372,-0.010927396,-0.002668668,0.003209335,0.008900553,0.018748068,0.028740604,0.018505921,0.004508218,-0.004396306,-0.015038904,-0.023335124,-0.025371038
320,GTM,Keep,Guatemala,-0.001133573,-0.000381105,-0.000114206,0.002884781,0.001973314,0.003783004,0.006115306,0.002900349,-0.00135005,-0.007728392,-0.010117443,-0.011172755,-0.011664708,-0.010990935,-0.010516603,-0.008478499,-0.001987104,0.003814714,0.007775141,0.003249681,0.002716351
324,GIN,Keep,Guinea,-0.01520069,-0.012787255,-0.0073745,-0.002395427,0.001571974,0.005163102,0.014269839,0.018760495,0.014035714,0.010226927,0.007643395,0.009546004,0.011353619,0.013039268,0.011338255,0.00657733,0.004002234,0.002288364,-0.006942192,-0.018520204,-0.02631895
624,GNB,Keep,Guinea-Bissau,-0.0008753,0.008902048,0.021480999,0.034060764,0.044245119,0.047909342,0.044285855,0.031539881,0.008908652,-0.000509705,-0.004621553,-0.012742723,-0.017715149,-0.014099762,-0.010464601,-0.009366518,-0.011482265,-0.012425927,-0.014339033,-0.015604098,-0.0162071
328,GUY,Keep,Guyana,-0.003414789,-0.006149746,-0.00610105,-0.01147854,-0.012284214,-0.01144479,-0.011713274,-0.01797636,-0.021100573,-0.021851728,-0.019061787,-0.019872064,-0.020917572,-0.024532171,-0.020294702,-0.012218079,-0.006777038,-0.008526373,-0.009797111,-0.008899829,-0.006450378
332,HTI,Keep,Haiti,0.033070314,0.024996907,0.017755755,0.015072317,0.009018106,0.009997956,0.021220143,0.02918608,0.035053447,0.035409699,0.029097213,0.023876052,0.017128997,0.011243683,0.000668738,-0.008379888,-0.005684996,-0.00227773,8.58670935881545e-05,0.00172378,0.003815394
340,HND,Keep,Honduras,-0.007941193,-0.009003404,-0.004699294,-0.001879907,0.000483154,0.004336684,0.007685017,0.003414604,0.001593166,-0.00118489,-0.004774903,-0.010620136,-0.012670179,-0.015583366,-0.011977033,-0.009292268,-0.00475822,-0.008724104,-0.009818963,-0.012545107,-0.011077444
344,HKG,Keep,Hong Kong,-0.007173355,-0.002448353,-0.001714498,0.005707398,0.016735463,0.011537905,0.004137597,-0.015738177,-0.036485112,-0.040657543,-0.036676467,-0.040707535,-0.043166901,-0.0418108,-0.033043129,-0.02703806,-0.02362723,-0.022818055,-0.023545494,-0.024542058,-0.023707665
348,HUN,Keep,Hungary,NA,-0.028803747,-0.030708148,-0.035044265,-0.035446887,-0.039078773,-0.041733623,-0.040565348,-0.037777647,-0.036833221,-0.035544293,-0.03383301,-0.03227936,-0.03028319,-0.02907246,-0.030343005,-0.02949033,-0.028744085,-0.026551079,-0.025665738,-0.026912993
352,ISL,Keep,Iceland,NA,NA,NA,NA,NA,-0.018753942,-0.021457143,-0.020083113,-0.022010706,-0.019066901,-0.014366518,-0.008795323,-0.005694927,0.000705429,0.004099,0.003852635,-0.000280533,-0.008323616,-0.01912304,-0.025860858,-0.032268892
356,IND,Keep,India,-0.025090905,-0.028792307,-0.030334814,-0.031488669,-0.032710698,-0.033704022,-0.03495715,-0.035874315,-0.034811617,-0.030769292,-0.027018134,-0.025169536,-0.022689234,-0.019315182,-0.019144037,-0.018573901,-0.020469759,-0.025239424,-0.030479219,-0.031998499,-0.032017005
360,IDN,Keep,Indonesia,-0.010874565,-0.008379577,-0.00342254,0.001882145,0.005249516,0.005763768,0.000171089,-0.006452246,-0.012642791,-0.016815535,-0.016223101,-0.01870741,-0.015451026,-0.012029417,-0.018471704,-0.023536732,-0.025283018,-0.025047748,-0.026553898,-0.025010132,-0.020346004
364,IRN,Keep,Iran,0.018391344,0.020323982,0.020619962,0.015611452,0.009100059,0.009237636,0.008841719,0.007054458,-0.000731,-0.006110527,-0.00284781,-0.003030154,-0.002086866,0.000874401,0.002921745,0.005651002,0.009887252,0.009946846,0.007262947,0.011481475,0.019435356
368,IRQ,Keep,Iraq,-0.05256105,-0.085115191,-0.083363327,-0.074091116,-0.045132284,-0.028588998,-0.008159575,-8.24E-05,-0.00696284,-0.011687414,-0.016301248,-0.026635802,-0.029881297,-0.031053251,-0.005047152,0.007881822,0.020197055,0.027489199,0.018002003,0.018235868,0.019483153
372,IRL,Keep,Ireland,-0.04504746,-0.049886852,-0.051280723,-0.053147362,-0.052818578,-0.051029823,-0.051512289,-0.050745302,-0.050809009,-0.04730182,-0.042113499,-0.037339683,-0.033210646,-0.027567325,-0.022482873,-0.022603168,-0.033204913,-0.040557982,-0.051564795,-0.062224155,-0.069515732
376,ISR,Keep,Israel,NA,NA,NA,NA,NA,-0.005630433,-0.010286218,-0.012466358,-0.01476042,-0.01404208,-0.018276578,-0.020067127,-0.018095695,-0.014907585,-0.014609252,-0.019337653,-0.022377896,-0.023691512,-0.025918097,-0.025231429,-0.026289846
380,ITA,Keep,Italy,-0.008840703,-0.008867903,-0.0094547,-0.00974513,-0.008051301,-0.008118574,-0.006665637,-0.007334907,-0.008870563,-0.010240998,-0.012732317,-0.015116552,-0.019065225,-0.022440958,-0.024149205,-0.026844626,-0.025474101,-0.024776737,-0.023860989,-0.022058507,-0.021072265
388,JAM,Keep,Jamaica,0.013952798,0.019703922,0.023143937,0.021159232,0.014782304,0.005274833,-0.001895876,-0.004261546,-0.008943056,-0.012290493,-0.0255971,-0.034222254,-0.036095262,-0.039079379,-0.035044483,-0.034647195,-0.031145234,-0.021287161,-0.015897979,-0.006268726,-0.007066785
392,JPN,Keep,Japan,-0.000955232,-0.001344668,-0.003977583,-0.005224786,-0.006356796,-0.00499201,-0.00465727,-0.005360535,-0.006131568,-0.008926325,-0.010235902,-0.009993747,-0.009405176,-0.006410911,-0.002923703,-0.000745422,-0.002220319,-0.004372363,-0.006537167,-0.009480687,-0.014243094
400,JOR,Keep,Jordan,-0.007729104,-0.007786695,-0.010519722,-0.010063263,-0.012362771,-0.010096162,-0.009584757,-0.01106071,-0.013264731,-0.018772012,-0.025077068,-0.029909928,-0.032294128,-0.028647688,-0.02440714,-0.01513631,-0.005819033,-0.001933529,0.003532215,-0.005697605,-0.014109102
398,KAZ,Keep,Kazakhstan,-0.042647359,-0.057230895,-0.065668161,-0.064631651,-0.063788023,-0.050693449,-0.039721637,-0.03271397,-0.026751531,-0.01804685,-0.017337598,-0.013504835,-0.012649353,-0.01619491,-0.022616522,-0.027986551,-0.035123579,-0.038077534,-0.035290509,-0.028279943,-0.026975895
404,KEN,Keep,Kenya,-0.004830255,-0.004052205,-0.009005747,-0.01156891,-0.011969987,-0.011076759,-0.012475615,-0.016680493,-0.008505385,0.001569129,0.01108512,0.013922998,0.012064849,0.006523352,-0.001667854,-0.009254364,-0.019452344,-0.031884147,-0.034927424,-0.034608919,-0.029147226
296,KIR,Keep,Kiribati,0.009603165,0.00488238,-0.003582429,0.001646779,0.011751313,0.023171445,0.038013333,0.053571987,0.057740574,0.060061147,0.05016625,0.041720806,0.023233216,0.007624497,-0.008507006,-0.015066126,-0.018453708,-0.015392343,-0.016623738,-0.009733363,0.002835833
414,KWT,Keep,Kuwait,NA,NA,-0.00809112,-0.015758968,-0.016627253,-0.016711331,-0.018516533,-0.023861319,-0.025742289,-0.030064758,-0.025706495,-0.017844454,-0.012107901,-0.002495075,0.001250066,-0.000310529,0.001471152,0.001521956,0.000497326,-0.001145566,0.002105445
417,KGZ,Keep,Kyrgyzstan,-0.01888556,-0.038553898,-0.059291614,-0.057452951,-0.051731515,-0.041819593,-0.037310236,-0.030255457,-0.024176307,-0.012928654,-0.010674426,-0.010176811,-0.013315179,-0.000797324,0.005358044,0.010388424,0.012773326,0.00759132,0.00055357,0.001196297,-0.006008956
418,LAO,Keep,Laos,-0.041672488,-0.043203032,-0.04390589,-0.041959236,-0.040376798,-0.036871104,-0.035103144,-0.033856086,-0.031569531,-0.032158975,-0.033316533,-0.031744753,-0.032644832,-0.031383731,-0.029109499,-0.02674419,-0.013485705,0.008301468,0.029372713,0.041937595,0.059920865
428,LVA,Keep,Latvia,NA,NA,NA,NA,NA,-0.071917626,-0.067053398,-0.059218881,-0.053905573,-0.046777478,-0.035263213,-0.020300597,-0.009907143,-0.004468352,-0.000512355,0.001195175,-0.001175593,-0.006549457,-0.016838312,-0.02848647,-0.031717459
422,LBN,Keep,Lebanon,-0.011441081,0.009261744,0.011267973,0.010776065,0.012425832,0.004920408,-0.003619825,-0.022028073,-0.038015216,-0.041448644,-0.037323517,-0.040064022,-0.037330883,-0.030011435,-0.016553733,-0.004104231,0.010018428,0.018224673,0.017476365,0.006146355,0.005364508
426,LSO,Keep,Lesotho,-0.027854624,-0.020701562,-0.0165375,-0.012990625,-0.010053657,-0.009128056,-0.008018752,-0.011560361,-0.017173478,-0.026625628,-0.022830044,-0.02128334,-0.02054861,-0.022374283,-0.024824236,-0.026885031,-0.028122971,-0.030822848,-0.025516365,-0.020983712,-0.014586517
430,LBR,Keep,Liberia,NA,NA,NA,NA,NA,NA,NA,NA,NA,NA,0.041149441,0.02673507,0.007834659,-0.016179819,-0.022274139,-0.018342716,-0.008760698,0.003862897,0.009402768,0.011774005,0.018977585
434,LBY,Keep,Libya,NA,NA,NA,NA,NA,NA,NA,NA,NA,-0.04265803,-0.046355733,-0.044064196,-0.016438422,-0.010394952,0.000178195,0.019031326,0.02981294,0.030193359,0.01712619,0.000202825,-0.024553812
440,LTU,Keep,Lithuania,NA,NA,NA,NA,NA,-0.065449499,-0.064072884,-0.060082866,-0.054008497,-0.045915113,-0.037609515,-0.031772035,-0.021831265,-0.012926244,-0.013132274,-0.01250823,-0.010705096,-0.012848167,-0.013519992,-0.018494904,-0.023100837
442,LUX,Keep,Luxembourg,-0.076621396,-0.078921374,-0.074370681,-0.062656703,-0.04554155,-0.022638135,-0.008797307,0.002506594,0.003357564,-0.001127117,-0.007378024,-0.013913762,-0.020695195,-0.02558822,-0.031570892,-0.03358679,-0.036035372,-0.041083902,-0.047038238,-0.048406592,-0.046677218
446,MAC,Keep,Macao,0.02637483,0.03429416,0.041955921,0.028929658,0.011526741,-0.010486826,-0.034940191,-0.06105951,-0.091604444,-0.11593857,-0.107277565,-0.119214029,-0.124059048,-0.133253948,-0.140858711,-0.129423781,-0.080807918,-0.043366921,-0.017905738,-3.15E-05,0.067072146
450,MDG,Keep,Madagascar,-0.007100425,-0.016661057,-0.025975074,-0.028827041,-0.0296687,-0.032374143,-0.027690603,-0.025438869,-0.022493618,-0.021726493,-0.017299382,-0.01349156,-0.015548374,-0.012414914,-0.010271936,-0.013504969,-0.011515539,-0.012774577,-0.015393097,-0.022150862,-0.025650992
454,MWI,Keep,Malawi,-0.024642668,-0.023362026,-0.022452327,-0.012235323,-0.006053693,0.002495021,0.004829915,0.005044522,0.001642931,-0.001620312,-0.009494545,-0.015149861,-0.018988109,-0.017254005,-0.015213054,-0.014570509,-0.011667174,-0.007160381,-0.003004259,0.004725608,0.006971581
458,MYS,Keep,Malaysia,-0.003721682,-0.005890905,-0.002790615,-0.002120175,0.00456608,0.008121585,0.013485636,0.011123708,0.007149447,0.006064256,-0.001521016,-0.00827505,-0.014081943,-0.020652507,-0.019226769,-0.016914702,-0.017796912,-0.018483021,-0.023369508,-0.02457594,-0.02479454
462,MDV,Keep,Maldives,NA,NA,NA,NA,NA,0.040494172,0.042868683,0.04249314,0.037659198,0.019114545,0.01794386,0.014892468,0.012369556,0.023523859,0.011546585,0.014658576,0.017212029,0.019129564,0.014786631,0.004791187,-3.51E-05
466,MLI,Keep,Mali,-0.012462275,-0.00609784,-0.014648598,-0.01923767,-0.025077032,-0.024927163,-0.023747922,-0.023356757,-0.022124685,-0.018766784,-0.015193484,-0.006166664,-0.005861189,-0.003586653,-0.003186599,-0.000956019,-0.001005035,-0.000986002,-0.002557323,-0.003327776,-0.006711399
470,MLT,Keep,Malta,-0.044115883,-0.055429658,-0.057010989,-0.061896313,-0.046414422,-0.033976095,-0.02518881,-0.019973102,-0.007883715,-0.007833144,-0.003511471,-0.014920125,-0.015958052,-0.02079453,-0.028397243,-0.035814747,-0.056488068,-0.080715432,-0.093282483,-0.08987099,-0.080809749
584,MHL,Keep,Marshall Islands,0.011995935,0.02198607,0.030855254,0.033977594,0.035004776,0.034414867,0.024425956,0.021573731,0.019997872,0.024075806,0.023402601,0.025117849,0.024008121,0.022446205,0.016577082,0.016290244,0.010551943,0.006571597,0.001358947,0.000932323,0.014691199
478,MRT,Keep,Mauritania,0.002182882,0.01220199,0.023026328,0.029789071,0.030041458,0.027598961,0.015186172,-0.004283993,-0.016187966,-0.028884534,-0.034587481,-0.032563806,-0.027858696,-0.020004987,-0.014055307,-0.007135287,-0.001660241,-0.00253349,-0.00017682,-0.004075573,-0.005682802
480,MUS,Keep,Mauritius,-0.012441749,-0.00832996,-0.006271422,-0.002090618,0.001103854,-0.002851798,-0.002145526,0.000151937,-0.002278733,-0.006553891,-0.009614699,-0.0106651,-0.013969218,-0.016814568,-0.01920964,-0.022140997,-0.023447902,-0.020881191,-0.018202422,-0.016859041,-0.016679494
484,MEX,Keep,Mexico,-0.000112561,-0.001620179,-0.002447274,-0.004364224,-0.003827912,-0.005885442,-0.002654007,-0.000674675,0.001833502,0.006270779,0.010135717,0.007689814,0.002874372,-0.002797282,-0.006212893,-0.012807844,-0.019248564,-0.024253831,-0.029345118,-0.03092257,-0.027292952
583,FSM,Keep,Micronesia,0.042016568,0.045950282,0.048065168,0.044195833,0.033927921,0.012208333,0.00082975,-0.008506923,-0.006295565,-0.010826009,-0.002687477,-0.011710872,-0.01150667,-0.009081321,0.001909795,0.014740343,0.017576689,0.018148565,0.021007451,0.017546231,0.038422065
498,MDA,Keep,Moldova,NA,NA,NA,NA,NA,-0.100423514,-0.089947975,-0.067238821,-0.058414025,-0.048270276,-0.043262218,-0.043097198,-0.04212476,-0.040507456,-0.038830687,-0.038591471,-0.03676515,-0.034160488,-0.030346368,-0.022104818,-0.019434049
496,MNG,Keep,Mongolia,-0.011307357,-0.022760888,-0.02696801,-0.031932668,-0.038322982,-0.049667431,-0.054862902,-0.054919643,-0.048080653,-0.042486072,-0.027567313,-0.010341137,0.008901234,0.027161554,0.039472879,0.028559108,0.012253391,0.003571202,0.005367141,-0.001838211,0.003048338
499,MNE,Keep,Montenegro,NA,NA,NA,NA,NA,NA,NA,0.003558867,-0.001651035,-0.003298796,-0.025480009,-0.028601176,-0.023782373,-0.014436586,-0.003367913,0.010382505,0.02128317,0.019211811,0.013687401,0.011473381,-0.002513051
504,MAR,Keep,Morocco,-0.003080864,-0.002593068,-0.004794336,-0.005603542,-0.007279894,-0.007693925,-0.003167088,-0.005239439,-0.004586802,-0.007476319,-0.010725964,-0.011168593,-0.012318302,-0.013011501,-0.017866494,-0.018556839,-0.017621353,-0.01784194,-0.015664028,-0.013520628,-0.011032832
508,MOZ,Keep,Mozambique,-0.058156754,-0.066391889,-0.070913279,-0.065825877,-0.060251762,-0.055044891,-0.043180232,-0.038537451,-0.040349132,-0.03818297,-0.046463388,-0.050857855,-0.054650861,-0.051344532,-0.044680125,-0.034432379,-0.026892977,-0.022263927,-0.014781849,-0.003579842,-0.003482662
104,MMR,Keep,Myanmar,-0.037162026,-0.042364108,-0.049013788,-0.057026626,-0.064581932,-0.070078354,-0.074991209,-0.078455757,-0.082094783,-0.085063219,-0.084621578,-0.082008635,-0.078970976,-0.077644466,-0.075775012,-0.070022965,-0.062321112,-0.052073638,-0.042663623,-0.036615342,-0.027929996
516,NAM,Keep,Namibia,-0.025125929,-0.019408511,-0.014873347,-0.022839433,-0.025250835,-0.027782898,-0.025918131,-0.021778486,-0.02514546,-0.028661393,-0.020697365,-0.014060685,0.007547023,0.020181494,-1.09E-05,-0.022063294,-0.038213402,-0.043355351,-0.049176315,-0.061245202,-0.062790891
520,NRU,Keep,Nauru,NA,NA,NA,NA,NA,NA,NA,NA,NA,NA,NA,NA,NA,NA,-0.096458501,-0.100652366,-0.093878391,-0.110717188,-0.096334861,-0.085073899,-0.058033183
524,NPL,Keep,Nepal,-0.022115039,-0.02173088,-0.02305488,-0.024852559,-0.024885304,-0.027823762,-0.026708118,-0.026591843,-0.026275604,-0.025542463,-0.021942737,-0.020040037,-0.018228078,-0.016840312,-0.01404654,-0.012756921,-0.013967426,-0.010939074,-0.010434642,-0.011158221,-0.009415546
528,NLD,Keep,Netherlands,-0.02541218,-0.031996637,-0.035944527,-0.038218133,-0.036783452,-0.034088099,-0.031114103,-0.026141574,-0.024077616,-0.023626684,-0.023043712,-0.020289124,-0.02167179,-0.020794318,-0.017834312,-0.015796527,-0.014230511,-0.01398792,-0.016631588,-0.022753469,-0.027244441
554,NZL,Keep,New Zealand,-0.017538968,-0.018928606,-0.018181958,-0.017779564,-0.019302901,-0.02256234,-0.026521203,-0.030671086,-0.032533321,-0.03239805,-0.030124324,-0.027566792,-0.024099712,-0.018717837,-0.015402441,-0.012683915,-0.01317401,-0.016096153,-0.020457257,-0.024035593,-0.025579521
558,NIC,Keep,Nicaragua,-0.013743469,-0.010770927,-0.016111274,-0.014046918,-0.004629259,0.001440329,0.001443686,-0.003858081,-0.008683281,-0.016116902,-0.016709996,-0.018207661,-0.018039406,-0.018136356,-0.015530588,-0.014816096,-0.012388845,-0.011605009,-0.014962127,-0.015894367,-0.007885497
562,NER,Keep,Niger,0.019629448,0.016598932,0.012153043,0.006421314,0.003583935,0.00322983,0.000733592,-0.000624983,0.000191166,-0.003551074,-0.003059291,-0.006361906,-0.009565476,-0.014195306,-0.015928274,-0.014882032,-0.014852893,-0.015209873,-0.013708926,-0.013372448,-0.010614732
566,NGA,Keep,Nigeria,0.024485358,0.015555225,0.004569036,-0.020564315,-0.038741633,-0.05548561,-0.065986375,-0.070767687,-0.077824661,-0.085180437,-0.092927597,-0.085269894,-0.069556426,-0.065448129,-0.056506991,-0.048711152,-0.04101144,-0.033470842,-0.025836141,-0.018376141,-0.019716911
807,MKD,Keep,North Macedonia,-0.001180317,0.008530404,0.003045385,-0.007273208,-0.015532274,-0.0226413,-0.028312149,-0.030669363,-0.043436388,-0.048085408,-0.058217152,-0.063817523,-0.05964586,-0.05839311,-0.056581295,-0.054167134,-0.05187502,-0.048660463,-0.045380842,-0.045241108,-0.042897755
578,NOR,Keep,Norway,-0.019418605,-0.015383859,-0.010837734,-0.013066876,-0.005959982,-0.004472871,-0.005854919,-0.008939181,-0.011962792,-0.007292961,-0.003380895,-0.005657309,-0.011321449,-0.019365096,-0.017770124,-0.018931787,-0.021961508,-0.028503612,-0.030587899,-0.022734628,-0.014818485
512,OMN,Keep,Oman,-0.012830915,-0.005395473,0.005364362,0.01534812,0.032089475,0.037631369,0.044668541,0.051088983,0.053288817,0.039336793,0.024647633,0.014075617,0.005291179,-0.000711197,0.005360893,0.003403105,0.002256068,0.003193659,0.007917971,0.007101181,0.001614836
586,PAK,Keep,Pakistan,-0.003093703,-0.000104823,-0.000964713,-0.00246569,-0.003270077,-0.004195547,-0.007856808,-0.010056434,-0.011214237,-0.010684745,-0.010118636,-0.009977274,-0.010553534,-0.010531236,-0.011675402,-0.013399015,-0.015031641,-0.013361604,-0.009366446,-0.006358897,-0.002875582
585,PLW,Keep,Palau,NA,NA,NA,NA,NA,NA,NA,NA,NA,NA,-0.005429776,0.00514186,0.013033852,0.011471901,0.005222664,-0.006767363,-0.016663804,-0.023239175,-0.024552897,-0.030987381,-0.010883747
591,PAN,Keep,Panama,-0.009823188,-0.011836228,-0.005812956,-0.002526456,-0.003659713,-0.008724498,-0.014621483,-0.016789653,-0.028085675,-0.035192175,-0.038200819,-0.040254908,-0.032380517,-0.03275637,-0.027711989,-0.030830416,-0.03141839,-0.032655826,-0.035767225,-0.042478549,-0.038747815
598,PNG,Keep,Papua New Guinea,-0.002894512,0.016318063,0.033956042,0.048311461,0.049751459,0.047929205,0.048389329,0.038959466,0.02777819,0.037470609,0.011184697,-0.015516583,-0.03669554,-0.053040859,-0.065299905,-0.06184404,-0.045425397,-0.025973692,-0.008480487,0.017824336,0.028347744
600,PRY,Keep,Paraguay,-0.004465639,-0.003277106,-0.002600804,-0.002137138,0.002077579,0.000540469,0.001125792,-0.002018323,-0.004091032,-0.010256215,-0.011434207,-0.016516862,-0.016192008,-0.01333201,-0.009496726,-0.010687351,-0.011687156,-0.013316098,-0.010746845,-0.017834133,-0.01823733
604,PER,Keep,Peru,-0.019205437,-0.016061481,-0.01660006,-0.016530872,-0.015284704,-0.01664616,-0.018328754,-0.025201811,-0.028470549,-0.03313019,-0.028678126,-0.024056797,-0.022417339,-0.02139623,-0.024683167,-0.021322657,-0.017629323,-0.017382524,-0.015336015,-0.017903659,-0.015132373
608,PHL,Keep,Philippines,0.004070917,-0.001092358,-0.006325168,-0.010585496,-0.015987812,-0.019895219,-0.023149312,-0.030001299,-0.034017431,-0.037356352,-0.036148596,-0.033849503,-0.031478141,-0.028829437,-0.026030719,-0.02331031,-0.020581981,-0.021125637,-0.020949481,-0.020532244,-0.02000144
616,POL,Keep,Poland,-0.056312834,-0.066684574,-0.06837639,-0.067431638,-0.063316911,-0.060503257,-0.055360584,-0.047127751,-0.041247006,-0.0391228,-0.040936186,-0.04255819,-0.042807998,-0.043120496,-0.040150527,-0.039770515,-0.037818423,-0.032585481,-0.029241797,-0.02620999,-0.030478114
620,PRT,Keep,Portugal,0.005647815,0.002658922,-0.003242161,-0.002661052,-0.005367758,-0.006354465,-0.004179453,-0.008714475,-0.014452064,-0.019161139,-0.014860426,-0.013977671,-0.013260418,-0.006249239,-0.000876948,0.005573478,0.015722832,0.019235848,0.021453637,0.017016247,0.014185172
634,QAT,Keep,Qatar,NA,NA,NA,NA,NA,NA,NA,NA,NA,NA,-0.072722235,-0.075907062,-0.073399108,-0.064336179,-0.051091567,-0.036651851,-0.023965666,-0.013881422,-0.008184447,-0.009432427,-0.006387765
178,COG,Keep,Republic of Congo,0.050482829,0.055326242,0.049514963,0.01753925,-0.004007293,-0.020636023,-0.027466209,-0.028838635,-0.027787428,-0.026044118,-0.019326236,-0.009524214,-0.003191134,-0.024730146,-0.036294418,-0.047136046,-0.04547389,-0.032583269,-0.015994628,0.001548592,0.012995206
642,ROU,Keep,Romania,-0.047553666,-0.048886662,-0.049885589,-0.048073626,-0.042953472,-0.044805232,-0.045488036,-0.044336472,-0.044035652,-0.050304155,-0.059772136,-0.06173744,-0.057191448,-0.053775197,-0.051120337,-0.050630438,-0.0477885,-0.04395189,-0.040282626,-0.041780208,-0.047116298
643,RUS,Keep,Russia,0.014250216,0.001331097,-0.012687002,-0.022186602,-0.029715771,-0.036383194,-0.041694357,-0.045059383,-0.051688628,-0.052433214,-0.04874835,-0.044664192,-0.038130944,-0.030871803,-0.024024552,-0.018547928,-0.012163145,-0.006380526,-0.004465545,-0.003743442,-0.003746213
646,RWA,Keep,Rwanda,0.018182045,0.002800611,-0.01367472,-0.040419286,-0.061193984,-0.039565832,-0.037877718,-0.036992632,-0.035630114,-0.037182769,-0.033319001,-0.033309159,-0.035977429,-0.043077442,-0.044159058,-0.044965346,-0.043005721,-0.041756902,-0.03872644,-0.038252407,-0.039630224
659,KNA,Keep,Saint Kitts and Nevis,-0.005360704,-0.004190554,-0.0027727,0.002189137,0.00722596,0.012636475,0.007637804,5.77587408296942e-05,-0.003668008,-0.007529338,-0.005358678,-0.004872085,-0.005565466,-0.00519845,-0.003414576,-0.000202926,-0.004290543,-0.010032913,-0.009379695,-0.011654305,-0.008620754
662,LCA,Keep,Saint Lucia,0.048278519,0.04005651,0.032260073,0.003033319,-0.005489416,-0.013811098,-0.016770366,-0.015358782,-0.021343955,-0.035334591,-0.037118464,-0.031466237,-0.027551931,-0.030110113,-0.02302514,-0.012787663,-0.002592257,0.003419265,-0.00026045,-0.006279919,-0.006083928
670,VCT,Keep,Saint Vincent and the Grenadines,0.028402408,0.020406905,0.020833969,0.014396486,0.007479563,0.009866499,0.008547659,0.001915723,-0.000119076,-0.009781712,0.004972696,-0.002678122,-0.005947452,4.19923319385784e-05,-0.005637446,0.00378793,-0.000356759,-0.002173319,0.002656232,-0.008174648,0.007412767
882,WSM,Keep,Samoa,-0.009349032,-0.013761602,-0.01529848,-0.01765268,-0.02050199,-0.020616133,-0.02192631,-0.024094631,-0.026992018,-0.027140763,-0.019956544,-0.012314039,-0.003542297,0.005282264,0.013727663,0.021056583,0.028320801,0.029900524,0.023762766,0.017775641,0.02286504
674,SMR,Keep,San Marino,NA,NA,NA,NA,NA,NA,NA,-0.022429833,-0.023561428,-0.024508961,-0.02527487,-0.019300168,-0.011177107,-0.001127797,0.00419263,0.005415847,0.007298391,0.005017025,-0.001223171,-0.010048416,-0.023263545
678,STP,Keep,Sao Tome and Principe,NA,NA,NA,NA,NA,NA,NA,NA,NA,NA,NA,-0.008719855,-0.014166756,-0.013112743,-0.012420954,-0.011522943,-0.011689879,-0.011476769,-0.010852083,-0.015706341,-0.02067992
682,SAU,Keep,Saudi Arabia,-0.020867471,-0.021973697,-0.013185442,0.001600113,0.016540305,0.035896805,0.038572395,0.044880357,0.034196054,0.018517523,0.008763193,0.00935923,0.003590258,0.006560728,0.001117423,0.003141898,0.003804247,0.000830099,-0.005614062,-0.012653428,-0.013885153
686,SEN,Keep,Senegal,-0.012819733,-0.015095329,-0.019027121,-0.022694317,-0.026885865,-0.023794487,-0.022713748,-0.020395513,-0.02072436,-0.022325898,-0.021882563,-0.011106272,-0.001551952,0.00186262,0.002098327,0.00305992,0.003216437,-8.69E-05,-0.008722316,-0.018168032,-0.027258861
688,SRB,Keep,Serbia,NA,NA,NA,NA,NA,-0.007578754,-0.017711467,-0.016871508,-0.018032566,-0.019346578,-0.031048453,-0.03379869,-0.031252121,-0.029570507,-0.024892373,-0.023223598,-0.022641027,-0.015115771,-0.01091772,-0.010638074,-0.009390825
690,SYC,Keep,Seychelles,0.067137763,0.083906452,0.104735864,0.100844555,0.092182286,0.097722384,0.081825666,0.05951924,0.030109826,0.011159092,-0.01459788,-0.042752374,-0.075112211,-0.096535988,-0.120033413,-0.102774046,-0.087589401,-0.058318541,-0.038571491,-0.022425462,-0.014674062
694,SLE,Keep,Sierra Leone,-0.009302035,-0.017715196,-0.014594748,-0.009481464,0.001175352,0.014656797,0.02672945,0.034429495,0.030996264,0.015192377,-0.00191841,-0.023180822,-0.026183818,-0.033142233,-0.043313371,-0.046843141,-0.037683995,-0.017143146,-0.006756162,-0.006940674,-0.009149772
702,SGP,Keep,Singapore,-0.054209305,-0.051945312,-0.043597034,-0.040046178,-0.033024493,-0.02560481,-0.051128109,-0.062873085,-0.063238369,-0.05708064,-0.029237833,-0.027919622,-0.044872374,-0.04770822,-0.038178322,-0.031480013,-0.033892947,-0.05223565,-0.066408385,-0.069798223,-0.04282299
703,SVK,Keep,Slovakia,NA,NA,-0.05354164,-0.047669691,-0.042127736,-0.040325731,-0.038923698,-0.040183776,-0.04831755,-0.055464719,-0.058867847,-0.060606041,-0.058025361,-0.054959768,-0.049086805,-0.044682081,-0.038953728,-0.032487946,-0.030538502,-0.030119204,-0.032116387
705,SVN,Keep,Slovenia,NA,NA,NA,NA,NA,-0.034442576,-0.033119433,-0.030968982,-0.029612357,-0.02714858,-0.025902845,-0.027027384,-0.026182651,-0.023419316,-0.020880144,-0.023694154,-0.024428597,-0.025436844,-0.029055076,-0.0317328,-0.03593094
90,SLB,Keep,Solomon Islands,-0.011230272,0.005509883,0.0271914,0.043769811,0.055138833,0.059349228,0.054060288,0.043960251,0.03152375,0.015399485,-0.00254431,-0.01402665,-0.019772556,-0.019865558,-0.019062008,-0.0208061,-0.025305688,-0.030656384,-0.035135728,-0.037984826,-0.026800752
706,SOM,Keep,Somalia,NA,NA,NA,NA,NA,NA,NA,NA,NA,NA,NA,NA,NA,NA,NA,NA,NA,NA,NA,NA,NA
710,ZAF,Keep,South Africa,0.001856051,0.000204774,-0.004237527,-0.012981425,-0.015492133,-0.01448177,-0.015488881,-0.01662754,-0.015754873,-0.013459145,-0.010410205,-0.010498912,-0.014993809,-0.023107389,-0.027007485,-0.024155671,-0.027168145,-0.027367208,-0.026203061,-0.023810567,-0.017203161
410,KOR,Keep,South Korea,-0.013894438,-0.014366881,-0.019054349,-0.024501542,-0.026664801,-0.028789656,-0.032619224,-0.035576612,-0.034435984,-0.034598786,-0.033595253,-0.027115945,-0.020402704,-0.015049688,-0.010950507,-0.007563112,-0.007703521,-0.008733737,-0.010766784,-0.012746423,-0.017314744
728,SSD,Keep,South Sudan,NA,NA,NA,NA,NA,NA,NA,NA,NA,NA,NA,NA,NA,NA,NA,NA,NA,NA,NA,NA,NA
724,ESP,Keep,Spain,-0.002537616,-0.002621674,-0.004038866,-0.003574768,-0.005333798,-0.004478191,-0.003586582,-0.007258239,-0.009034633,-0.014343469,-0.019851068,-0.02590143,-0.030654721,-0.031700825,-0.033856024,-0.033057677,-0.028769814,-0.02683015,-0.020297237,-0.018009234,-0.020734895
144,LKA,Keep,Sri Lanka,-0.026788941,-0.024207573,-0.021966665,-0.015877575,-0.01412556,-0.011741539,-0.011723159,-0.01455109,-0.020047214,-0.028080257,-0.033374904,-0.037595705,-0.037578175,-0.036208972,-0.037612019,-0.033593213,-0.024955584,-0.017402038,-0.015078624,-0.012472598,-0.007414842
729,SDN,Keep,Sudan,-0.004595676,-0.00657211,-0.012504672,-0.017743701,-0.022835241,-0.021339248,-0.022152552,-0.025906789,-0.033327041,-0.041627517,-0.045501459,-0.047125329,-0.047518944,-0.042503218,-0.037406802,-0.031493648,-0.024267457,-0.020106766,-0.018430796,-0.018909416,-0.017522244
740,SUR,Keep,Suriname,-0.002346396,-0.015283404,-0.021381022,-0.041497918,-0.055182356,-0.067637486,-0.075636534,-0.074563728,-0.073751184,-0.064926305,-0.051768866,-0.031960188,-0.011483216,-0.001841775,0.006018572,0.012181926,0.013820405,0.011848206,0.007613422,0.008233543,0.009601705
752,SWE,Keep,Sweden,-0.017446781,-0.027043159,-0.032116639,-0.032482471,-0.031482858,-0.028937462,-0.026506205,-0.022162654,-0.021763393,-0.020770838,-0.024474127,-0.025466601,-0.026901777,-0.025993526,-0.027865266,-0.030665002,-0.038798213,-0.038740303,-0.042750245,-0.045834106,-0.048026953
756,CHE,Keep,Switzerland,-0.017620766,-0.021762461,-0.019385402,-0.017713351,-0.017261491,-0.01635566,-0.016700143,-0.016297849,-0.019588546,-0.019936139,-0.018025656,-0.023118359,-0.025160812,-0.026336162,-0.023447509,-0.02575716,-0.025603034,-0.026393451,-0.030784949,-0.034143516,-0.031695182
760,SYR,Keep,Syria,-0.019544685,-0.013061307,-0.011861324,-0.02745513,-0.026369468,-0.031252575,-0.038457086,-0.043787632,-0.039591141,-0.03648725,-0.030636455,-0.022951219,NA,NA,NA,NA,NA,NA,NA,NA,NA
158,TWN,Keep,Taiwan,-0.011044193,-0.007928575,-0.003472202,-0.000291411,0.003664703,0.003712566,0.000801603,-0.00674995,-0.011163136,-0.01751101,-0.024753795,-0.02991476,-0.032159424,-0.034246152,-0.033253675,-0.031066398,-0.029629622,-0.027589234,-0.020499145,-0.016965512,-0.015598329
762,TJK,Keep,Tajikistan,0.035741007,0.001781236,-0.029824763,-0.044620477,-0.062816841,-0.076935242,-0.082689783,-0.073369482,-0.062768388,-0.052160802,-0.040836937,-0.032327028,-0.030750239,-0.033289654,-0.038424547,-0.034016483,-0.028628573,-0.01845409,-0.004716522,8.80555053199839e-05,-0.001951919
834,TZA,Keep,Tanzania,-0.008520168,-0.01289021,-0.017383479,-0.01933788,-0.01838776,-0.021013303,-0.018757868,-0.02429829,-0.030133432,-0.031312431,-0.031769675,-0.03347718,-0.035343416,-0.032880634,-0.027186868,-0.025116726,-0.021169903,-0.023268287,-0.027814038,-0.031912571,-0.036106347
764,THA,Keep,Thailand,0.000142487,0.001893951,0.004073564,0.003196739,0.00117078,-0.002791983,-0.007436431,-0.013049504,-0.015151219,-0.016701394,-0.013547819,-0.012166879,-0.009758716,-0.00870922,-0.006653725,-0.006123598,-0.007604294,-0.011488014,-0.017031225,-0.024107497,-0.026594929
626,TLS,Keep,Timor-Leste,NA,NA,NA,NA,NA,NA,NA,NA,NA,NA,0.160279056,0.143870477,0.11231394,0.072309824,0.02568523,-0.003834496,-0.016971488,-0.026242013,-0.016907629,-0.008444477,0.000803562
768,TGO,Keep,Togo,-0.001066734,-0.002240806,-0.007386808,-0.008621184,0.003937452,0.007591494,0.018705097,0.019541622,0.008785071,0.008493527,0.019081798,0.021090642,0.0165868,0.006693334,-0.002683827,-0.01615626,-0.01408477,-0.01807678,-0.02410419,-0.028269508,-0.022910376
776,TON,Keep,Tonga,-0.025616462,-0.024685543,-0.023079925,-0.023615052,-0.017412713,-0.009933336,-0.004879217,-0.002225528,0.001722535,0.000971711,0.010241735,0.011079392,0.0003316,-0.007911807,-0.011370142,-0.015256903,-0.015996422,-0.013863597,-0.010255693,-0.006329288,0.014477611
780,TTO,Keep,Trinidad and Tobago,-0.001343039,0.006011186,0.014577838,0.020954837,0.022000176,0.02010865,0.016027058,0.01688118,0.011586057,0.009266355,0.006573998,0.005040057,0.004725195,0.002398369,-0.001344708,-0.0054934,-0.008101956,-0.011589502,-0.011430668,-0.015807185,-0.013269106
788,TUN,Keep,Tunisia,-0.01801846,-0.019862136,-0.015256727,-0.01480616,-0.012192479,-0.012853252,-0.014095421,-0.014882755,-0.018097199,-0.018430441,-0.019857753,-0.017281686,-0.01497764,-0.012118989,-0.01133498,-0.010843481,-0.009046802,-0.008952831,-0.010958184,-0.019144832,-0.023974633
792,TUR,Keep,Turkey,-0.006493127,-0.003189196,-0.000457134,-0.000413338,-0.003815033,-0.009246289,-0.015831969,-0.018606336,-0.019919096,-0.020564915,-0.014522559,-0.008493755,-0.004093531,-0.000473797,-0.000360023,-0.00341767,-0.011293129,-0.015320566,-0.016831837,-0.019401206,-0.018433146
795,TKM,Keep,Turkmenistan,0.010937883,0.014151968,0.01819111,0.021012906,0.023954414,0.030021371,0.032570506,0.024194608,0.00931423,-0.010363281,-0.038250595,-0.057260548,-0.072142571,-0.079296505,-0.077016211,-0.072598551,-0.067598673,-0.062793123,-0.056520252,-0.047745516,-0.048233385
798,TUV,Keep,Tuvalu,-0.026909893,-0.027883021,-0.025876176,-0.014961376,-0.004200884,0.001713708,0.012338716,0.01432168,0.020605321,0.012939284,0.008420043,-0.005906817,-0.023848852,-0.019153204,-0.014403045,-0.008103104,-0.002322537,-0.009561133,-0.009120079,-0.011262619,-0.003000301
800,UGA,Keep,Uganda,-0.043630081,-0.042109265,-0.03960175,-0.036413013,-0.031826308,-0.029423407,-0.026656839,-0.032375393,-0.033855143,-0.025156251,-0.022519979,-0.017441833,-0.016472252,-0.016081318,-0.014281783,-0.015104292,-0.013345933,-0.018372126,-0.021558768,-0.019142828,-0.020408316
804,UKR,Keep,Ukraine,0.036926806,0.019821347,-0.002901281,-0.020728867,-0.036261792,-0.052288404,-0.057614407,-0.06181498,-0.069277081,-0.073194702,-0.069350625,-0.058359209,-0.051516323,-0.041599492,-0.030632684,-0.028209052,-0.024674735,-0.025008981,-0.03231068,-0.038879734,-0.046114179
784,ARE,Keep,United Arab Emirates,-0.00497688,-0.005115452,-0.006018671,-0.016569648,-0.01259946,-0.009775346,-0.009870829,-0.011174919,-0.015095305,-0.010822193,-0.003784255,0.010532395,0.020983158,0.029251351,0.038635366,0.038432078,0.036833394,0.025638522,0.004407658,-0.012311881,-0.021720938
826,GBR,Keep,United Kingdom,-0.036751276,-0.041585927,-0.042064683,-0.042328576,-0.042086016,-0.041267824,-0.0395295,-0.035819824,-0.035182105,-0.033410575,-0.033683246,-0.031744699,-0.03308016,-0.032316333,-0.031561529,-0.034019208,-0.036925979,-0.041011143,-0.04536189,-0.047020943,-0.049190993
840,USA,Keep,United States of America,-0.020673281,-0.022664196,-0.024046747,-0.024454088,-0.024025892,-0.023656153,-0.023351441,-0.023494366,-0.022122764,-0.021556831,-0.022171507,-0.020989652,-0.021051437,-0.022193147,-0.022130625,-0.021603603,-0.022651823,-0.025440267,-0.026830617,-0.026561134,-0.027683251
858,URY,Keep,Uruguay,-0.02758448,-0.029681931,-0.025771507,-0.015592125,-0.004449178,0.002686754,0.007787359,0.013855059,0.009009292,0.003059019,-0.003184067,-0.019566489,-0.032529196,-0.038009596,-0.042017143,-0.041724007,-0.040346696,-0.034451629,-0.032254978,-0.021817459,-0.010792157
860,UZB,Keep,Uzbekistan,0.011620245,0.006436503,8.50208676568265e-05,-0.004711966,-0.009238224,-0.015120195,-0.024075385,-0.030995591,-0.042058018,-0.048180479,-0.061760888,-0.073427137,-0.077679932,-0.075020932,-0.074161524,-0.074375763,-0.074934448,-0.071204048,-0.067588317,-0.05891356,-0.057483508
548,VUT,Keep,Vanuatu,-0.007184231,-0.013389185,-0.01803457,-0.017675296,-0.013116489,-0.015617662,-0.017612057,-0.020832004,-0.013713961,-0.009324407,-0.005297215,-0.005475106,-0.004864978,-0.00207869,0.00099182,0.003107557,0.001759897,-0.006878546,-0.007231716,-0.009371671,-0.009946964
862,VEN,Keep,Venezuela,0.024492896,0.034580577,0.038057256,0.039621946,0.046134737,0.033036467,0.016945684,-0.00612366,-0.035698017,-0.050028176,-0.052501489,-0.05524355,-0.058332042,-0.044298219,-0.022095243,-0.011405752,-0.00174808,0.01183412,0.018824361,0.030298146,0.060564179
704,VNM,Keep,Viet Nam,-0.020848602,-0.018067015,-0.015157567,-0.012856835,-0.011353311,-0.007613662,-0.006699628,-0.008224202,-0.010809901,-0.012644566,-0.012312432,-0.012156073,-0.013295153,-0.016837039,-0.019329584,-0.017323779,-0.013751048,-0.014685563,-0.018679046,-0.018826513,-0.013653891
887,YEM,Keep,Yemen,-0.013777153,-0.00248605,0.004010226,0.005627096,0.008568807,0.012897074,0.016674964,0.022836262,0.025136996,0.019767104,0.019108328,0.015619477,0.013584137,0.003324431,0.004396716,0.001392687,-0.007769836,-0.011961148,-0.012326466,-0.005382439,0.004900668
894,ZMB,Keep,Zambia,-0.018969479,-0.026424327,-0.031994464,-0.031038308,-0.030587426,-0.026224751,-0.022566774,-0.031392438,-0.039883157,-0.042769467,-0.052043626,-0.060418659,-0.068435691,-0.066682666,-0.059501189,-0.051965559,-0.040366587,-0.03387581,-0.027813762,-0.022863123,-0.020899267
716,ZWE,Keep,Zimbabwe,-0.026961617,-0.0252617,-0.028781932,-0.019488279,-0.006693461,0.006746628,0.021432634,0.03217027,0.03834649,0.046224714,0.044568876,0.0347267,0.016816517,-0.014298515,-0.029847434,-0.044681616,-0.048475197,-0.053379707,-0.053834828,-0.042328685,-0.029935979