"code","iso","country","SOE.raw.2003","SOE.raw.2004","SOE.raw.2005","SOE.raw.2006","SOE.raw.2007","SOE.raw.2008","SOE.raw.2009","SOE.raw.2010","SOE.raw.2011","SOE.raw.2012","SOE.raw.2013","SOE.raw.2014","SOE.raw.2015","SOE.raw.2016","SOE.raw.2017","SOE.raw.2018","SOE.raw.2019"
4,"AFG","Afghanistan",0.001213715,0.001301638,0.001346168,0.001457343,0.001551545,0.001678791,0.001680549,0.001801575,0.00185898,0.001889333,0.001967894,0.002024412,0.002046252,0.002255563,0.002236815,0.002263465,0.002283607
8,"ALB","Albania",0.016917499,0.015107582,0.01519332,0.014096257,0.012679278,0.011593873,0.010172971,0.008574383,0.009351356,0.008512298,0.007810464,0.00705557,0.007237174,0.006460226,0.006505618,0.0065626,0.006018663
12,"DZA","Algeria",0.006182501,0.006672429,0.006893143,0.006898151,0.006748544,0.006713361,0.006535088,0.006301703,0.007531521,0.008785021,0.00844238,0.01027699,0.011476632,0.012211239,0.012916941,0.01356521,0.01405927
20,"AND","Andorra",0.007149325,0.006503877,0.006109852,0.005810696,0.005016303,0.004626769,0.004151466,0.00348502,0.003405318,0.003170378,0.002839979,0.002769013,0.002588724,0.00238719,0.00220652,0.001925551,0.001824439
24,"AGO","Angola",0.001648334,0.001679319,0.001670202,0.001711105,0.001834656,0.001837964,0.001779257,0.001859136,0.001997476,0.001799217,0.00193696,0.001860749,0.002006352,0.002174768,0.002034313,0.002164288,0.002398781
660,"AIA","Anguilla",0.000849156,0.000695774,0.000840771,0.000804942,0.000806901,0.000649514,0.000702527,0.000920403,0.000703048,0.000756441,0.000648358,0.000673515,0.000743073,0.000800663,0.000648497,0.000535286,0.000618198
28,"ATG","Antigua and Barbuda",0.003332315,0.002861474,0.003521809,0.003366661,0.003079073,0.002614223,0.00270033,0.003693258,0.003045467,0.002878799,0.002697422,0.002681698,0.002929175,0.003486752,0.002111615,0.001995766,0.002162165
32,"ARG","Argentina",0.002502351,0.002285282,0.002177671,0.002213143,0.002106457,0.002181865,0.00197706,0.001848794,0.001809862,0.001775079,0.001779351,0.001687924,0.001695854,0.001622048,0.001584146,0.001559696,0.001533966
51,"ARM","Armenia",0.00535198,0.005427218,0.005577453,0.006409659,0.007123352,0.008385675,0.008782975,0.009467873,0.009385181,0.009659952,0.009667305,0.00993838,0.009548561,0.009799213,0.009959396,0.009316295,0.010229359
533,"ABW","Aruba",0.002600435,0.002454601,0.002611942,0.002440512,0.002377966,0.002147195,0.002184276,0.002378887,0.002230137,0.002237193,0.002191549,0.002101372,0.002150189,0.002358435,0.002290414,0.002145283,0.002281017
36,"AUS","Australia",0.017093044,0.016509948,0.016572089,0.015575422,0.014560302,0.013934555,0.013360065,0.012901608,0.012012038,0.011573199,0.011080724,0.010781767,0.010333113,0.009342279,0.00872793,0.008080565,0.008088235
40,"AUT","Austria",0.006604293,0.005817966,0.005977879,0.005490635,0.004834197,0.0046997,0.004258629,0.003831225,0.0037097,0.0034187,0.003283892,0.003222106,0.003123367,0.002864289,0.002641088,0.002756493,0.002444838
31,"AZE","Azerbaijan",0.013970645,0.014489039,0.013775868,0.013062216,0.012303081,0.011217808,0.010566213,0.010110765,0.009174182,0.009343735,0.009102408,0.008867642,0.008708232,0.008549078,0.007905808,0.007452307,0.007607446
44,"BHS","Bahamas",0.003302013,0.002840496,0.002870976,0.002830834,0.002691362,0.002499195,0.002436073,0.002253561,0.002311074,0.002277679,0.002223468,0.002426806,0.002527931,0.002289315,0.001525095,0.001464431,0.001435063
48,"BHR","Bahrain",0.035964745,0.036962536,0.036704006,0.037097166,0.035688275,0.034632869,0.033165074,0.037906985,0.033811971,0.034504139,0.034248815,0.034339315,0.034618444,0.03780883,0.038428359,0.037154104,0.035889673
50,"BGD","Bangladesh",0.010927918,0.011827579,0.012724413,0.014309729,0.014481693,0.015423718,0.016994242,0.01651239,0.017983973,0.018663447,0.019061566,0.020177521,0.020512891,0.020546419,0.01969033,0.021594055,0.023096158
52,"BRB","Barbados",0.000780999,0.000713901,0.000860296,0.000731611,0.000688321,0.000638747,0.000604421,0.000720036,0.000652123,0.000623365,0.000587685,0.000544243,0.000572671,0.000676908,0.000467282,0.000435684,0.000482321
112,"BLR","Belarus",0.005271813,0.005351725,0.005304464,0.005080919,0.004996812,0.004787088,0.004812935,0.004976193,0.004714881,0.004625542,0.004712314,0.004592664,0.004434224,0.00434755,0.00424451,0.004283397,0.004154716
56,"BEL","Belgium",0.015095143,0.013376919,0.012227397,0.010844701,0.010158137,0.009111511,0.008346824,0.007473565,0.006941451,0.006378703,0.006070411,0.005710953,0.005182851,0.004888349,0.004670096,0.004313213,0.003650112
84,"BLZ","Belize",0.001058922,0.000898218,0.001048389,0.000834417,0.000870324,0.000806321,0.000790441,0.000777508,0.000850904,0.000733838,0.000787028,0.000783386,0.000776729,0.000780132,0.000730754,0.000662834,0.000749138
204,"BEN","Benin",0.001509508,0.001797678,0.001932751,0.001861032,0.002190306,0.002241276,0.002049803,0.001970872,0.002082179,0.002125531,0.00216112,0.002166167,0.002352012,0.002341437,0.002335507,0.002370242,0.00237537
60,"BMU","Bermuda",0.001034338,0.000990159,0.000950137,0.000930497,0.00084796,0.000835194,0.000824935,0.00075592,0.00074217,0.000752844,0.000710101,0.000729243,0.000730028,0.000727164,0.000534527,0.000497851,0.000509101
64,"BTN","Bhutan",0.003059746,0.003292779,0.003597486,0.003891518,0.003992306,0.004236171,0.004657762,0.004759456,0.005029558,0.005254431,0.005357167,0.005654894,0.005604088,0.005817956,0.005844926,0.005976049,0.006331967
68,"BOL","Bolivia",0.000542056,0.00056391,0.000543528,0.000469112,0.000525848,0.000470723,0.000399816,0.000547692,0.000478855,0.000375756,0.000362501,0.000351405,0.000340287,0.000440943,0.000368807,0.000352364,0.000393661
70,"BIH","Bosnia and Herzegovina",0.034833506,0.033287642,0.034588831,0.031442156,0.027527128,0.024580953,0.020857049,0.017511605,0.017680494,0.016500375,0.015278503,0.014825668,0.014310461,0.013497989,0.012889809,0.01258121,0.011734278
72,"BWA","Botswana",0.00503335,0.005049081,0.005060074,0.00526709,0.005294463,0.005383637,0.005138572,0.005546238,0.005487062,0.005223607,0.005206195,0.005312837,0.005219167,0.005231057,0.005250271,0.005114995,0.005450139
76,"BRA","Brazil",0.009107155,0.008525494,0.0081696,0.007997036,0.007679291,0.007253545,0.006938581,0.006508412,0.00662714,0.006541006,0.006308724,0.006282533,0.006384705,0.006094274,0.005964575,0.00600372,0.006177151
92,"VGB","British Virgin Islands",0.000726103,0.000630974,0.000703543,0.00070683,0.000722475,0.000596614,0.000658038,0.000701402,0.000619652,0.000649857,0.000587409,0.000635801,0.000664776,0.00068094,0.000549008,0.000506413,0.000556756
96,"BRN","Brunei Darussalam",0.002905193,0.002653761,0.003105379,0.002668474,0.002570396,0.002631779,0.003764984,0.003053294,0.003198118,0.003272714,0.003077032,0.003043544,0.003196426,0.003555147,0.002708158,0.003063562,0.003274333
100,"BGR","Bulgaria",0.066165034,0.066129266,0.06389764,0.059819097,0.053364115,0.047919249,0.042510257,0.035533199,0.035820033,0.0346889,0.033249574,0.03100731,0.031243545,0.029650603,0.029835825,0.027612024,0.027159726
854,"BFA","Burkina Faso",0.00075822,0.000860708,0.000868567,0.000824181,0.000869979,0.000865437,0.000884444,0.00097819,0.000944862,0.000870122,0.000929495,0.000953871,0.000931532,0.000989604,0.001018804,0.001018025,0.001023406
108,"BDI","Burundi",0.009095043,0.009095557,0.009329303,0.008977042,0.009863469,0.009281585,0.009241415,0.009351154,0.010041278,0.010493605,0.009989997,0.010053879,0.009618203,0.009443445,0.009390839,0.009972253,0.010337961
132,"CPV","Cabo Verde",0.000665677,0.00069992,0.000725792,0.000698963,0.000673826,0.000693541,0.000681451,0.000678115,0.000654141,0.000689118,0.000634754,0.000577143,0.000617509,0.000591913,0.000569972,0.000524101,0.000524383
116,"KHM","Cambodia",0.003436989,0.00428088,0.004691343,0.004756255,0.004801596,0.004799426,0.005124716,0.005167463,0.005073258,0.005016388,0.005320156,0.005273166,0.005265321,0.005302483,0.004972848,0.005210328,0.005348759
120,"CMR","Cameroon",0.004281253,0.004313799,0.004332354,0.004293161,0.004377269,0.004441749,0.004368922,0.004331413,0.00441736,0.004463097,0.004492846,0.004489031,0.004507157,0.004767587,0.004726355,0.004744485,0.00481118
124,"CAN","Canada",0.016268203,0.014734043,0.014436906,0.013122477,0.012056364,0.011285224,0.010208644,0.009127404,0.008877572,0.008661556,0.008354162,0.007997276,0.007994647,0.007552797,0.007341453,0.006984597,0.006790068
136,"CYM","Cayman Islands",0.001248333,0.001116399,0.001044663,0.000998876,0.00098686,0.000980833,0.000945145,0.00091114,0.000894095,0.0008878,0.000901992,0.000933865,0.000904852,0.000872139,0.000693197,0.000713495,0.000719128
140,"CAF","Central African Republic",0.001194797,0.001144636,0.001178634,0.001104506,0.001250083,0.001354504,0.000933583,0.000976998,0.001135515,0.000899363,0.00084579,0.001047499,0.001131765,0.001227741,0.000989945,0.001055248,0.000856321
148,"TCD","Chad",0.000715453,0.00077744,0.000730831,0.000704192,0.000743632,0.000748522,0.000599222,0.000659041,0.000663607,0.000648858,0.000629367,0.000582032,0.000586601,0.000740869,0.00062484,0.000605832,0.000531216
152,"CHL","Chile",0.071408261,0.069717147,0.06697893,0.06707431,0.0656724,0.065530841,0.062027338,0.061931228,0.062182499,0.061193135,0.062607432,0.060862578,0.061385097,0.060619419,0.063206981,0.061892967,0.062142567
156,"CHN","China",0.07009387,0.07670669,0.081456068,0.081440992,0.081699019,0.079704984,0.077517551,0.074403099,0.07701806,0.076556443,0.078041733,0.078936586,0.079088153,0.078784265,0.079073764,0.078259105,0.082293619
170,"COL","Colombia",0.003541056,0.003479584,0.00328039,0.003178206,0.003194828,0.00305679,0.003000161,0.002890086,0.002781044,0.002871678,0.002896178,0.002845533,0.00287202,0.002761565,0.002778445,0.002803602,0.002757183
174,"COM","Comoros",0.000451328,0.000487783,0.000550057,0.000554204,0.000564459,0.000552299,0.000598631,0.000559551,0.000602342,0.000589278,0.000623652,0.00059653,0.000654939,0.000660013,0.00048538,0.000494649,0.000483573
184,"COK","Cook Islands",0.000267328,0.000281343,0.000276344,0.000251611,0.000262194,0.000275288,0.000281314,0.000298299,0.000291545,0.000287336,0.000288596,0.000281776,0.000280456,0.000281421,0.000237945,0.000261531,0.00025422
188,"CRI","Costa Rica",0.004547246,0.004449628,0.004441593,0.004332926,0.004278447,0.004271899,0.004186193,0.004032022,0.004196501,0.004336297,0.004219077,0.004069749,0.003989055,0.004224279,0.00387677,0.003950612,0.003874712
384,"CIV","Cote d'Ivoire",0.001266324,0.001244839,0.001365075,0.001268015,0.001437696,0.001558164,0.001405687,0.001359872,0.001437903,0.001396035,0.001439752,0.001308743,0.001500014,0.001549228,0.001457594,0.001471281,0.001480522
191,"HRV","Croatia",0.020473613,0.019419104,0.019730209,0.01811315,0.016069296,0.014647675,0.012481454,0.010761838,0.010746945,0.009948055,0.009332424,0.009052179,0.00871614,0.008223034,0.007756414,0.00755262,0.007013308
192,"CUB","Cuba",0.005818156,0.00505338,0.004976269,0.004733367,0.004409343,0.004074391,0.003827305,0.003421601,0.003483417,0.003463912,0.00339535,0.00347365,0.003420328,0.003237323,0.002872897,0.002966465,0.002992802
531,"CUW","Curacao",0.004605259,0.004600682,0.005299267,0.004394591,0.004325363,0.004145249,0.003895625,0.004812734,0.004397442,0.004186608,0.003983356,0.003744008,0.003820356,0.004471179,0.004164512,0.003897028,0.004079406
196,"CYP","Cyprus",0.019862145,0.019171472,0.017317208,0.016683495,0.016821507,0.01594772,0.015059334,0.015436477,0.013576489,0.013440651,0.012338095,0.011848222,0.011845692,0.011622372,0.008779166,0.007973298,0.00778045
203,"CZE","Czech Republic",0.017570995,0.015796946,0.016689772,0.015372687,0.013300111,0.012985948,0.012145338,0.01143084,0.010867938,0.009972739,0.00976431,0.009495226,0.008843038,0.008504245,0.007752691,0.008078722,0.007088383
180,"COD","Dem. Rep. Congo",0.013613977,0.013463766,0.013855146,0.013673473,0.013642322,0.013895722,0.013768398,0.013851583,0.013757031,0.013557669,0.013671192,0.013376967,0.013256929,0.013810149,0.013306183,0.01298361,0.01319593
208,"DNK","Denmark",0.004420973,0.00395657,0.004076568,0.003889265,0.003433857,0.003378415,0.003127177,0.00294515,0.002861924,0.002577332,0.00251436,0.002528455,0.002288121,0.002172445,0.001879192,0.00190593,0.001721827
262,"DJI","Djibouti",0.0019997,0.002122951,0.002160064,0.002072988,0.002153569,0.002311296,0.002171445,0.002377,0.002345904,0.002227201,0.002284256,0.002089579,0.00222609,0.002200758,0.002339174,0.002175241,0.002158072
212,"DMA","Dominica",0.001126705,0.001020554,0.001209518,0.001067726,0.00100254,0.000898984,0.000871985,0.001141362,0.000976969,0.000902707,0.000862077,0.000817911,0.000867428,0.001046657,0.000698897,0.000636667,0.000702849
214,"DOM","Dominican Republic",0.006463003,0.005785837,0.005542872,0.00530657,0.004953382,0.004347129,0.004045992,0.003787166,0.003523399,0.003421046,0.003308072,0.003385472,0.003272752,0.003151615,0.002830627,0.002726873,0.002813874
218,"ECU","Ecuador",0.002295978,0.002143275,0.001964764,0.001887265,0.001825374,0.001756041,0.001692679,0.001574476,0.001566625,0.001557454,0.00154901,0.001513903,0.00155135,0.001503888,0.001449746,0.001423611,0.001420866
818,"EGY","Egypt",0.041947745,0.042724383,0.043239656,0.043904749,0.042253579,0.042085291,0.041670223,0.040993337,0.039940864,0.041209468,0.04357206,0.046488385,0.044633883,0.045919242,0.047453546,0.047089037,0.048733963
222,"SLV","El Salvador",0.012306538,0.01209358,0.011569861,0.010776523,0.011166579,0.01024458,0.011240907,0.010037166,0.010490673,0.01067885,0.010386602,0.010328988,0.010261693,0.010196516,0.009586227,0.009839187,0.010367292
226,"GNQ","Equatorial Guinea",0.001628751,0.001621768,0.001727326,0.001689492,0.001708242,0.001699762,0.001737885,0.001752406,0.001734205,0.001797428,0.001858457,0.001830601,0.001898737,0.002140179,0.00180378,0.001821895,0.001847207
232,"ERI","Eritrea",0.001448938,0.001583973,0.00155759,0.001459577,0.001584926,0.001703368,0.001679589,0.00176182,0.001597486,0.001646991,0.001638748,0.001664153,0.001798564,0.00166478,0.001913583,0.001797623,0.001831498
233,"EST","Estonia",0.010619823,0.010978778,0.010801013,0.010597629,0.009860414,0.009215434,0.009566733,0.009606299,0.008821551,0.008630761,0.009341995,0.009057195,0.007903071,0.008722001,0.00798425,0.008541128,0.008062804
748,"SWZ","Eswatini",0.007049681,0.007955556,0.00839682,0.008687856,0.009420937,0.008953156,0.008718938,0.008999207,0.008734383,0.008490904,0.009083373,0.009382346,0.008949272,0.00842978,0.007938484,0.007925659,0.008553266
231,"ETH","Ethiopia",0.00114751,0.001194989,0.001296138,0.00119073,0.001306918,0.001356085,0.001306472,0.001348942,0.001346152,0.001395994,0.001390091,0.001387147,0.001452319,0.001436003,0.001395676,0.00135362,0.001366707
234,"FRO","Faeroe Islands",0.000623834,0.000519195,0.00045666,0.000527627,0.000413738,0.000463756,0.000510285,0.000462996,0.000453721,0.00036401,0.000409731,0.000475283,0.000395055,0.000408626,0.000377114,0.000397926,0.000355414
238,"FLK","Falkland Islands",0.000170161,0.000188383,0.000179245,0.000183339,0.000184292,0.000183707,0.000187409,0.000190922,0.000171292,0.000198889,0.000181037,0.000181384,0.000177321,0.000178774,0.000177994,0.000186928,0.000186956
242,"FJI","Fiji",0.002103794,0.002106964,0.002258822,0.002112121,0.002228646,0.002263736,0.00205256,0.002230822,0.002305304,0.002051413,0.002169604,0.002090751,0.001864664,0.002172571,0.002061222,0.002032131,0.001945947
246,"FIN","Finland",0.003013925,0.003068966,0.002999102,0.00284946,0.002519967,0.002443136,0.002342528,0.002228439,0.002082783,0.00211344,0.001972583,0.002005514,0.00180268,0.001716127,0.001515525,0.001670794,0.001522586
250,"FRA","France",0.009299125,0.008174084,0.00772846,0.007070503,0.006549661,0.006050065,0.005564415,0.004991202,0.00477678,0.004341398,0.004043853,0.003898438,0.003538321,0.003309814,0.003031605,0.002751302,0.002417418
258,"PYF","French Polynesia",0.000408673,0.000382154,0.000403583,0.000381727,0.000387084,0.000379383,0.000413472,0.000392415,0.000391653,0.000423012,0.000387572,0.000412648,0.000415444,0.000424653,0.000344508,0.00038515,0.000377591
266,"GAB","Gabon",0.001159036,0.001235996,0.001310091,0.001307831,0.001301512,0.001316846,0.001332047,0.001361989,0.001365605,0.001377516,0.001364106,0.001327497,0.001371355,0.001384267,0.0013554,0.001351661,0.001341566
270,"GMB","Gambia",0.010439417,0.011353275,0.010560495,0.010386335,0.010391687,0.010820809,0.010878189,0.012091414,0.011287764,0.010104593,0.010638957,0.011068212,0.011004943,0.011683775,0.011851279,0.012694581,0.013373563
268,"GEO","Georgia",0.004647425,0.004555351,0.00457676,0.004850406,0.005077747,0.005357002,0.005379794,0.005767228,0.005524732,0.005566084,0.005459006,0.005574278,0.005458266,0.00530413,0.005382921,0.005364079,0.005521341
276,"DEU","Germany",0.009951276,0.008716473,0.008328421,0.007454346,0.006573334,0.006113259,0.005565414,0.004964762,0.004659005,0.004251805,0.00393075,0.00388728,0.003459393,0.003200491,0.002977666,0.002905382,0.002418887
288,"GHA","Ghana",0.001685875,0.001751516,0.00197834,0.001732358,0.00214146,0.002278018,0.001962156,0.001942,0.00212092,0.002001568,0.002124398,0.001975886,0.002314973,0.002458313,0.002232006,0.00224359,0.002168187
300,"GRC","Greece",0.02194925,0.021484999,0.020334818,0.019481604,0.017933417,0.015842276,0.014334405,0.01269666,0.012305826,0.012224669,0.01122755,0.010772431,0.01059662,0.01014112,0.010065524,0.009469775,0.008693983
304,"GRL","Greenland",0.00031553,0.000319671,0.000325349,0.000307331,0.000319092,0.000330527,0.000309333,0.000333085,0.000293321,0.000298519,0.000264422,0.000260535,0.000251259,0.000239318,0.000245915,0.000205708,0.000225397
308,"GRD","Grenada",0.000712258,0.000721859,0.000838376,0.000729829,0.000704328,0.00071879,0.000659969,0.000773747,0.000730591,0.000720133,0.000673371,0.000616234,0.000624717,0.000731451,0.000530544,0.000499276,0.000578197
320,"GTM","Guatemala",0.009618171,0.008937603,0.009107388,0.008373947,0.008546138,0.008172636,0.008310525,0.007804509,0.008087987,0.007955849,0.007751556,0.007437029,0.007301457,0.007523548,0.007579967,0.007380802,0.007734426
831,"GGY","Guernsey",0.009543462,0.008757111,0.009177805,0.008915618,0.008307449,0.008069306,0.008027741,0.007948511,0.007892168,0.006636856,0.006250489,0.007115031,0.00604659,0.0060824,0.004552365,0.005114246,0.004277373
324,"GIN","Guinea",0.00179228,0.001942285,0.001804361,0.00198158,0.002282679,0.002017154,0.002403431,0.001876449,0.002079079,0.002271874,0.002139395,0.002221391,0.002311817,0.002638245,0.002156091,0.00207635,0.002219273
624,"GNB","Guinea-Bissau",0.003457068,0.003917658,0.003313945,0.003283065,0.003613975,0.003534791,0.003499571,0.003829884,0.00363686,0.003185531,0.003360197,0.003504462,0.003405615,0.003691064,0.003361965,0.004017301,0.003946798
328,"GUY","Guyana",0.000385366,0.00033748,0.000364726,0.000339911,0.000334346,0.000332188,0.000362114,0.000362815,0.000332869,0.000350491,0.000326209,0.000336988,0.000358048,0.000382166,0.000306884,0.000315783,0.000327702
332,"HTI","Haiti",0.00179313,0.001653112,0.001503993,0.001540492,0.001437411,0.001381574,0.001351236,0.001168052,0.001212932,0.001200318,0.001232358,0.001225457,0.001240091,0.001132694,0.001048921,0.001081947,0.001068499
336,"VAT","Holy See",0.000277867,0.000261717,0.000253971,0.000260385,0.00026733,0.00024361,0.000204562,0.000236637,0.000221675,0.00018892,0.000193643,0.000277325,0.000196162,0.000107673,0.000303971,0.000107735,0.000127571
340,"HND","Honduras",0.004248615,0.003723901,0.004227193,0.003734818,0.003871527,0.003767992,0.003652862,0.003608735,0.003798252,0.003359753,0.003562115,0.003300024,0.003011214,0.003482951,0.003190136,0.003013067,0.003281444
344,"HKG","Hong Kong",0.106406059,0.126591459,0.127193512,0.134166123,0.131048298,0.127619511,0.126294917,0.116490511,0.116400454,0.114416131,0.117217963,0.123427689,0.12611223,0.124064073,0.106654717,0.112369298,0.114907899
348,"HUN","Hungary",0.037006504,0.033461489,0.035225582,0.032587963,0.027183709,0.025340977,0.021952454,0.019185095,0.019003638,0.017387478,0.0164928,0.01643845,0.015219327,0.014420706,0.013243271,0.013277431,0.012055627
352,"ISL","Iceland",0.002506862,0.002141445,0.002037466,0.001873732,0.00171437,0.001609324,0.001566439,0.001407252,0.001259459,0.001251204,0.001096861,0.001101813,0.000915677,0.000995698,0.000771327,0.000657538,0.000643602
356,"IND","India",0.025326928,0.026559171,0.026968084,0.028447908,0.029170253,0.030944737,0.031065259,0.031887795,0.033551037,0.033210441,0.033350765,0.034459214,0.035378175,0.036187864,0.035548736,0.03672373,0.037371797
360,"IDN","Indonesia",0.015947872,0.016593137,0.016559596,0.017415054,0.01796398,0.018984138,0.020437849,0.021385052,0.021034138,0.021652023,0.022054036,0.022340577,0.022754465,0.024026775,0.020424401,0.020195681,0.020414893
364,"IRN","Iran",0.030130537,0.031816036,0.032067359,0.031387454,0.031489649,0.03106687,0.03034594,0.031078658,0.031175463,0.032802962,0.033320659,0.034995798,0.036201617,0.037344724,0.039420878,0.038926781,0.041992291
368,"IRQ","Iraq",0.024227573,0.025203737,0.0259259,0.024484522,0.024646992,0.024721246,0.024063074,0.02495418,0.024400717,0.026556196,0.027561643,0.028377249,0.029471751,0.031211354,0.032052144,0.031681943,0.032642651
372,"IRL","Ireland",0.006530172,0.005644564,0.005244679,0.005194818,0.004834578,0.004321514,0.004007756,0.003879362,0.003504708,0.003299855,0.003194524,0.003188151,0.002840548,0.002954953,0.002666305,0.002659773,0.002489382
833,"IMN","Isle of Man",0.003733139,0.00277724,0.002732322,0.002639196,0.002439933,0.002314026,0.002098783,0.001859646,0.001866564,0.00171811,0.001675847,0.00165357,0.001439244,0.001463128,0.001253754,0.00124509,0.001211135
376,"ISR","Israel",0.106335017,0.1059475,0.107890968,0.107269485,0.108580076,0.109148641,0.110000959,0.115154688,0.101085924,0.106710585,0.106838521,0.110916781,0.109227729,0.110427839,0.09147457,0.092176887,0.092016983
380,"ITA","Italy",0.015925059,0.014462822,0.013203903,0.01254576,0.011252458,0.009951976,0.008810231,0.007551332,0.007561184,0.007136204,0.00648967,0.006103691,0.005898286,0.005368873,0.004882294,0.004375632,0.004092857
388,"JAM","Jamaica",0.012555892,0.011745268,0.011914302,0.010544883,0.010342533,0.009219692,0.008765258,0.008494494,0.008309004,0.007949913,0.008093883,0.008139191,0.007820244,0.008147578,0.007088815,0.006661463,0.006914048
392,"JPN","Japan",0.021105195,0.019805428,0.017831927,0.017444275,0.016976272,0.016074701,0.015190986,0.01413554,0.013652465,0.012912647,0.012700612,0.012412829,0.012207101,0.011867118,0.010988405,0.010445641,0.010188837
832,"JEY","Jersey",0.010863599,0.010065717,0.010522499,0.010177709,0.009446769,0.009143771,0.00922505,0.009049016,0.009050296,0.007611644,0.007230501,0.008182604,0.006948806,0.006947394,0.005280555,0.005879812,0.004889886
400,"JOR","Jordan",0.062176274,0.063293425,0.063631621,0.064562597,0.062887776,0.062689918,0.061271579,0.061379896,0.061663763,0.062342018,0.060928019,0.0639132,0.063148325,0.063171064,0.065898906,0.064155495,0.063112402
398,"KAZ","Kazakhstan",0.012648382,0.013015433,0.013263582,0.012160714,0.011988671,0.012652219,0.011426647,0.011651152,0.011697328,0.01223754,0.010636526,0.01073449,0.010639139,0.010709195,0.010492363,0.010529701,0.010324741
404,"KEN","Kenya",0.003158434,0.003467255,0.003886755,0.003764438,0.004069228,0.004091691,0.004058517,0.004182193,0.004238482,0.004402487,0.004377635,0.004449239,0.004518618,0.004558937,0.004425544,0.004523886,0.00445843
296,"KIR","Kiribati",0.0001601,0.000160567,0.000165484,0.000158558,0.000163048,0.000164001,0.00016576,0.000169999,0.000167126,0.000167738,0.000179476,0.000182433,0.000153973,0.000180063,0.000177457,0.000175084,0.000143269
689,"XKX","Kosovo",0.023539268,0.022905823,0.02288413,0.020756583,0.020115623,0.018057413,0.016490679,0.014775489,0.014967125,0.014372648,0.013055183,0.011884284,0.011302148,0.01039217,0.01024092,0.009843656,0.009026866
414,"KWT","Kuwait",0.148947506,0.159413164,0.158029692,0.155630628,0.152732418,0.149188752,0.15158509,0.163523832,0.141862655,0.149106857,0.143528979,0.144076235,0.142440473,0.141685742,0.146814387,0.136264448,0.139207538
417,"KGZ","Kyrgyzstan",0.005474714,0.005524273,0.005584035,0.005959376,0.0064652,0.006949896,0.007237108,0.007713605,0.007864337,0.007951873,0.007610729,0.007703212,0.007495694,0.007417062,0.007352176,0.00723343,0.007168423
418,"LAO","Laos",0.003554576,0.004563274,0.004318795,0.004294764,0.00509261,0.004133013,0.004615977,0.005401962,0.004167488,0.004750156,0.004729657,0.005043814,0.004806717,0.005856617,0.004300418,0.004248018,0.005156534
428,"LVA","Latvia",0.00234508,0.002340691,0.002468822,0.002716354,0.002735999,0.003028898,0.003123755,0.003434829,0.003297218,0.003291152,0.003463519,0.003389988,0.003223652,0.003258337,0.002898831,0.003095844,0.002954692
422,"LBN","Lebanon",0.03727965,0.038137648,0.037537808,0.038147992,0.03772423,0.037986186,0.037269239,0.038444715,0.036527604,0.038483713,0.037595379,0.03860061,0.039314428,0.039946123,0.038441124,0.036918721,0.0377425
426,"LSO","Lesotho",0.025907154,0.025568868,0.024899214,0.024815755,0.024274644,0.024001253,0.024353219,0.025084221,0.025057792,0.024637641,0.02370773,0.024728018,0.023895881,0.024394866,0.023768662,0.023859821,0.024820463
430,"LBR","Liberia",0.000812037,0.000741556,0.000697154,0.000769864,0.000961897,0.000874065,0.001736127,0.000811152,0.000824377,0.001052553,0.000848493,0.000960405,0.001270424,0.001045936,0.000869811,0.0007923,0.001012141
434,"LBY","Libya",0.005486516,0.005709061,0.005640902,0.005974757,0.00560024,0.005504163,0.005244807,0.005257581,0.005535506,0.005844033,0.00578899,0.006404497,0.006392259,0.006872585,0.007002308,0.007260692,0.007483427
438,"LIE","Liechtenstein",0.003433851,0.003057966,0.002863217,0.002732516,0.002482754,0.002317817,0.002098225,0.001824579,0.001848805,0.001629159,0.001585022,0.001497525,0.001536999,0.001410089,0.001357709,0.001288495,0.001151043
440,"LTU","Lithuania",0.003867295,0.003906044,0.00399718,0.004191691,0.00405677,0.004144612,0.004168819,0.004416809,0.00422923,0.004224013,0.004350849,0.004210395,0.004110473,0.004038904,0.00386107,0.004072353,0.003854822
442,"LUX","Luxembourg",0.006020125,0.005149476,0.00489705,0.00435402,0.004093571,0.003581245,0.003372308,0.003057046,0.002852007,0.0026113,0.002506658,0.002404002,0.002203797,0.002094143,0.002049367,0.002085628,0.001739041
446,"MAC","Macao",0.08977782,0.104935963,0.102720115,0.107576324,0.105674816,0.103965048,0.102370258,0.09507114,0.096064005,0.095489632,0.096631579,0.099985833,0.099890216,0.099377586,0.092389134,0.094693286,0.097823366
450,"MDG","Madagascar",0.000562108,0.000491448,0.000611498,0.000620098,0.000611365,0.000595458,0.000663014,0.000714054,0.000741261,0.000703175,0.000732301,0.000667029,0.000679802,0.000721311,0.000590113,0.000622584,0.000600957
454,"MWI","Malawi",0.001447021,0.001528157,0.001693177,0.001671923,0.001853352,0.001923295,0.001816389,0.001843645,0.001983925,0.00200706,0.001930293,0.001933985,0.001955536,0.001874288,0.001780641,0.001879032,0.001853444
458,"MYS","Malaysia",0.007124533,0.007240043,0.00745993,0.007360896,0.007406713,0.007555891,0.008266466,0.008302328,0.008200417,0.008746442,0.008961137,0.008907908,0.009192752,0.009313684,0.007648848,0.007897206,0.008061329
462,"MDV","Maldives",0.000411108,0.00041652,0.000379294,0.000399473,0.000430595,0.000347359,0.000378616,0.000362013,0.00039393,0.000410375,0.000390181,0.000394313,0.000351574,0.000406021,0.000344347,0.000370686,0.000354061
466,"MLI","Mali",0.000527994,0.000592619,0.00060341,0.000578775,0.000577572,0.000588523,0.000583489,0.000636949,0.000656622,0.000597361,0.000646068,0.000647245,0.000669526,0.00071202,0.000679174,0.000664788,0.000668508
470,"MLT","Malta",0.019395018,0.0172085,0.015066256,0.015782447,0.014915455,0.01366926,0.011480358,0.009836398,0.010388395,0.009762922,0.008539033,0.008111207,0.008074766,0.007112615,0.005582657,0.005161499,0.004471648
584,"MHL","Marshall Islands",0.00012253,0.00013875,0.000143589,0.000138959,0.000151995,0.000146589,0.00014972,0.000156196,0.00014566,0.000165032,0.000163708,0.000152417,0.000152063,0.000151773,0.00014679,0.000123394,0.000141587
478,"MRT","Mauritania",0.001152398,0.001168971,0.00124041,0.001193494,0.001116703,0.001161897,0.001129406,0.001235944,0.001180769,0.00125094,0.001325001,0.001289868,0.001326439,0.001237363,0.001356988,0.001285716,0.001378125
480,"MUS","Mauritius",0.001139929,0.001135905,0.001120322,0.001123025,0.001128183,0.001215077,0.001381173,0.001312547,0.001417832,0.001233522,0.001340247,0.001329822,0.001389327,0.001318095,0.000915859,0.000940187,0.000928643
484,"MEX","Mexico",0.293426237,0.289731344,0.290944961,0.295981983,0.290800695,0.277989984,0.27195922,0.26357227,0.268187517,0.271160281,0.255469466,0.261859712,0.260044803,0.253102776,0.25791059,0.253901899,0.258798599
583,"FSM","Micronesia",0.000159607,0.000171482,0.00017115,0.00017915,0.000170378,0.000165884,0.000183389,0.000178854,0.000169928,0.000180501,0.000188635,0.000181184,0.00021854,0.000187191,0.000151695,0.0001472,0.000156818
498,"MDA","Moldova",0.016459892,0.01634678,0.017047056,0.015816636,0.015106642,0.014367286,0.014055083,0.012966754,0.013535399,0.012956142,0.011851723,0.012295755,0.012501865,0.011968607,0.011820602,0.011943671,0.011696957
492,"MCO","Monaco",0.000313002,0.000317508,0.000288309,0.000311604,0.000355683,0.000329844,0.000240503,0.000312491,0.00028905,0.000233526,0.000226876,0.000340817,0.000224217,0.000142378,0.000299934,0.000136604,0.000162841
496,"MNG","Mongolia",0.011021839,0.010817694,0.013029613,0.012705924,0.013747163,0.012435076,0.01237471,0.011648484,0.013014491,0.013029812,0.013392643,0.014355858,0.013900462,0.013941783,0.014511608,0.012885699,0.016298121
499,"MNE","Montenegro",0.016223388,0.014996011,0.015345818,0.014047573,0.012829369,0.011064446,0.009800772,0.008031683,0.008936105,0.008552416,0.007466336,0.006749123,0.007266667,0.006326946,0.006585096,0.006427545,0.005950334
504,"MAR","Morocco",0.011654651,0.012427335,0.012777789,0.012237811,0.012549135,0.012295796,0.012092032,0.011592726,0.01325467,0.013727668,0.013736863,0.014291392,0.015829008,0.016134238,0.016705986,0.016074816,0.017497897
508,"MOZ","Mozambique",0.000715655,0.000693288,0.000750956,0.000781847,0.000864729,0.00090823,0.000771984,0.000817224,0.000863752,0.000863514,0.000850428,0.000877918,0.00085445,0.000808428,0.000735562,0.000810535,0.0007638
104,"MMR","Myanmar",0.00181618,0.002300526,0.002118046,0.002252639,0.002973202,0.002813672,0.003489361,0.003683438,0.003355984,0.003681724,0.003717103,0.00385347,0.003782341,0.004072096,0.003815141,0.003937097,0.004366882
516,"NAM","Namibia",0.001175655,0.001194405,0.001339807,0.001364775,0.001408248,0.001400679,0.00140802,0.001475039,0.001723133,0.00177636,0.001581565,0.001524423,0.001613462,0.001546734,0.001541879,0.001561126,0.001630697
520,"NRU","Nauru",0.000107486,0.000101841,0.000102439,0.000108095,0.000112456,0.000125447,0.000112562,0.000117542,0.000123676,0.000115758,0.000139384,0.000115432,0.000106291,0.000137812,0.000123942,0.000116124,8.72e-05
524,"NPL","Nepal",0.008680624,0.009272557,0.009731027,0.01042469,0.010834807,0.011533122,0.012373852,0.012430419,0.012745654,0.013471621,0.013456166,0.013950162,0.014049707,0.014644971,0.014067114,0.01445121,0.01548822
528,"NLD","Netherlands",0.008886297,0.007841111,0.007160866,0.006620137,0.005927204,0.005532334,0.00503025,0.004287739,0.004260554,0.003843474,0.003498879,0.003537435,0.003199176,0.002923841,0.002687565,0.002453025,0.00215306
540,"NCL","New Caledonia",0.001786049,0.001720922,0.001782983,0.001638221,0.001701885,0.001832652,0.001850998,0.001794516,0.001950157,0.001841403,0.001861931,0.001787167,0.00173366,0.001895859,0.001783935,0.001840134,0.001539388
554,"NZL","New Zealand",0.007044694,0.006596922,0.006983683,0.006490555,0.006601153,0.006504813,0.006370098,0.006321896,0.006087674,0.006115068,0.006287179,0.005893939,0.005994797,0.005737301,0.005775222,0.005634888,0.005663213
558,"NIC","Nicaragua",0.010113295,0.008825981,0.010922176,0.009292422,0.009813591,0.009225018,0.008336561,0.009548185,0.009166616,0.008107191,0.008311887,0.00754034,0.006826366,0.008059585,0.007322121,0.006222844,0.006590117
562,"NER","Niger",0.000929074,0.001049671,0.00112935,0.001112721,0.001198941,0.001166315,0.001236315,0.001294792,0.001239292,0.001344221,0.001385786,0.001357978,0.001259983,0.001422145,0.001360238,0.001465697,0.001474862
566,"NGA","Nigeria",0.002083734,0.002398554,0.002577095,0.002592638,0.002839057,0.002954315,0.002794098,0.002826804,0.00297711,0.003053459,0.003104356,0.003150589,0.003210465,0.003459573,0.003382256,0.003536672,0.003734615
570,"NIU","Niue",0.000289701,0.000294911,0.000298072,0.000270497,0.000272257,0.000289691,0.000283067,0.000294402,0.000302607,0.000296866,0.000306207,0.00028049,0.000300331,0.000316504,0.000258259,0.000270562,0.000264074
408,"PRK","North Korea",0.040221747,0.040481757,0.040194264,0.043345863,0.044519506,0.042057851,0.042098802,0.040444209,0.041067762,0.040812117,0.041593662,0.043167464,0.043846927,0.041689445,0.041225681,0.041329477,0.043751804
807,"MKD","North Macedonia",0.056521385,0.055991661,0.054542815,0.050784831,0.04599792,0.041313829,0.036422094,0.031347867,0.031619156,0.030740619,0.028586778,0.027302424,0.025710639,0.024600316,0.024145383,0.023437397,0.021449425
578,"NOR","Norway",0.017584085,0.016169204,0.014380086,0.013788843,0.012047447,0.010708585,0.009387899,0.008046318,0.007494277,0.006803656,0.006569001,0.005768128,0.005377369,0.005230123,0.004575682,0.004311465,0.003825037
512,"OMN","Oman",0.009969684,0.010592887,0.010839909,0.010946122,0.010809871,0.011094257,0.010683921,0.010947655,0.010991575,0.0118055,0.011664272,0.012020898,0.012701283,0.013380366,0.013775758,0.014574053,0.013767838
586,"PAK","Pakistan",0.025145934,0.026588581,0.026503064,0.027064785,0.029280392,0.029473174,0.030839235,0.032621309,0.032099309,0.03297287,0.032976544,0.033529392,0.034473719,0.036571077,0.035390511,0.035850533,0.035834763
585,"PLW","Palau",0.000228407,0.0002477,0.000227246,0.000239128,0.000252964,0.000236041,0.00026549,0.000240241,0.000221839,0.000240587,0.000251011,0.000244782,0.000261031,0.000255026,0.000182772,0.000202592,0.00021239
591,"PAN","Panama",0.003325335,0.00312083,0.002944747,0.002832773,0.002650593,0.002449495,0.002419884,0.002124542,0.002180175,0.002276542,0.002236208,0.002218801,0.002223773,0.002089907,0.002034745,0.002027242,0.001989257
598,"PNG","Papua New Guinea",0.005270108,0.005356589,0.005302023,0.005392991,0.005456969,0.005440161,0.005425269,0.005537546,0.00542938,0.005254149,0.005227161,0.00512287,0.004909723,0.005235931,0.005172148,0.005118985,0.005047741
600,"PRY","Paraguay",0.001166528,0.000975239,0.000868517,0.000821545,0.001012223,0.0007154,0.000638015,0.00067156,0.000634442,0.000688047,0.000678768,0.000591285,0.00054543,0.000627091,0.000643561,0.000560926,0.000670671
604,"PER","Peru",0.002771456,0.002673947,0.002601372,0.002599317,0.002382531,0.002426142,0.002430802,0.002227548,0.002239333,0.002398476,0.002239879,0.002263957,0.002366975,0.002345181,0.002630643,0.002949679,0.002917846
608,"PHL","Philippines",0.032270473,0.034378406,0.034796749,0.034989766,0.033713085,0.034453035,0.036111158,0.036294845,0.034296496,0.036393764,0.036299601,0.035829317,0.036177346,0.036872719,0.03591228,0.03494162,0.036926178
616,"POL","Poland",0.030431295,0.028473476,0.029277477,0.027345895,0.022627141,0.021561432,0.020174643,0.018073838,0.0170186,0.015969102,0.015185656,0.014689428,0.013057998,0.012653489,0.011458498,0.01129441,0.00989414
620,"PRT","Portugal",0.01588414,0.015475605,0.01485321,0.013997584,0.013201674,0.011441257,0.0108053,0.009696561,0.00995381,0.008992034,0.008100032,0.007514516,0.007655559,0.007256199,0.007419297,0.006117755,0.005619815
634,"QAT","Qatar",0.015472728,0.016046008,0.016100319,0.01568528,0.015668686,0.015739271,0.015022858,0.015750941,0.015482765,0.01508389,0.015430669,0.015815659,0.015377549,0.017652411,0.017033186,0.017318905,0.01677543
178,"COG","Republic of Congo",0.004160579,0.004333693,0.004295068,0.004497439,0.004472632,0.004613172,0.00461832,0.004603807,0.004525143,0.0043363,0.004344499,0.004282167,0.004060643,0.004242183,0.004054914,0.004079667,0.004030903
642,"ROU","Romania",0.020988035,0.020747022,0.020460755,0.019019464,0.016742224,0.015284043,0.01341177,0.011425771,0.011485726,0.011220704,0.010227447,0.009481875,0.009497646,0.009011245,0.008922306,0.008139272,0.008115549
643,"RUS","Russia",0.013077573,0.012834749,0.012727469,0.012742706,0.012383374,0.012269423,0.013167638,0.01366831,0.012726022,0.012878621,0.012555405,0.012234237,0.011689554,0.011942977,0.011140156,0.011487174,0.011211614
646,"RWA","Rwanda",0.133185817,0.129134835,0.133209935,0.130693566,0.13257982,0.132353531,0.129203457,0.129713829,0.132925059,0.133521373,0.128884187,0.126179351,0.123539527,0.125851642,0.125892851,0.122814993,0.129522867
652,"BLM","Saint Barthelemy",0.001074412,0.000849832,0.001068215,0.001031301,0.001026452,0.000793796,0.000885773,0.001176935,0.000899338,0.00096584,0.000832168,0.000865361,0.000969089,0.001053597,0.000810031,0.000683336,0.000793608
659,"KNA","Saint Kitts and Nevis",0.002858525,0.002325524,0.00295892,0.002846869,0.002757164,0.002158746,0.002380934,0.003158235,0.00254503,0.0025547,0.002339271,0.002420372,0.002707329,0.003046801,0.002052086,0.001890231,0.002116318
662,"LCA","Saint Lucia",0.00147158,0.001367011,0.001667946,0.00142405,0.001364196,0.001264024,0.001213344,0.001543791,0.001352143,0.001257434,0.001222612,0.001136682,0.001204295,0.001478277,0.000947128,0.000875041,0.000980063
670,"VCT","Saint Vincent and the Grenadines",0.001565275,0.001508815,0.001818913,0.001577427,0.001524734,0.001460654,0.001402209,0.001724006,0.001554503,0.001480935,0.00143363,0.001332171,0.001393615,0.001703189,0.001140653,0.001081637,0.001199458
882,"WSM","Samoa",0.000395463,0.000418338,0.000414642,0.000384091,0.000393298,0.000364322,0.000400096,0.000420539,0.000391803,0.000412059,0.000422349,0.000433861,0.000415478,0.000473484,0.000280092,0.000298868,0.000314689
674,"SMR","San Marino",0.009863589,0.008929026,0.008340083,0.007605786,0.006578872,0.005854259,0.005210003,0.004256716,0.004323214,0.004000639,0.003568786,0.003325597,0.003362345,0.002983195,0.002831979,0.002512887,0.002378135
678,"STP","Sao Tome and Principe",0.000226286,0.000199996,0.000211439,0.000205992,0.000207679,0.000204037,0.000212217,0.000230544,0.000203231,0.000207903,0.000213628,0.000202437,0.00020038,0.000239447,0.000158122,0.000146115,0.00015243
682,"SAU","Saudi Arabia",0.044895053,0.045133281,0.045394415,0.043897569,0.044195973,0.044640066,0.044614986,0.04593804,0.044125766,0.044598033,0.04480554,0.044205885,0.044592809,0.046138066,0.0456265,0.04511664,0.044259343
686,"SEN","Senegal",0.024768776,0.0257597,0.026843177,0.025621333,0.025561295,0.026420209,0.025099257,0.027506698,0.025507737,0.025545517,0.02709833,0.025955526,0.027176872,0.026623592,0.028225223,0.027185748,0.027951696
688,"SRB","Serbia",0.068429713,0.065225973,0.067475054,0.06144599,0.053173703,0.047217883,0.039948952,0.032743339,0.032598262,0.029739286,0.02774186,0.026155382,0.024481809,0.02291737,0.021052799,0.019124596,0.01819457
690,"SYC","Seychelles",0.000387778,0.000375223,0.0003825,0.000386566,0.000396087,0.00037401,0.000400006,0.000409365,0.000357334,0.000402089,0.000389766,0.000412151,0.000418953,0.000430669,0.000333961,0.00034501,0.000319537
694,"SLE","Sierra Leone",0.001909197,0.001696946,0.001141496,0.001636333,0.002478966,0.001618325,0.003181643,0.001299809,0.00163104,0.002545776,0.002003128,0.002706598,0.002888213,0.002615093,0.001942894,0.001600497,0.001860846
702,"SGP","Singapore",0.056862724,0.057169055,0.059551429,0.059832242,0.059310694,0.058023549,0.062728575,0.062269396,0.057776537,0.064251673,0.063990569,0.060463767,0.059703619,0.062985933,0.044636163,0.043740145,0.040809549
534,"SXM","Sint Maarten",0.000879816,0.000704297,0.000865992,0.000830777,0.000835642,0.000652584,0.000720411,0.000952747,0.000723791,0.000782343,0.000662566,0.000695411,0.000773049,0.000834239,0.000673401,0.000549113,0.00064328
703,"SVK","Slovakia",0.023714742,0.02192972,0.022522055,0.021258,0.018222329,0.017404846,0.015837379,0.014294648,0.014177774,0.012979277,0.012485188,0.012046431,0.01138325,0.010840366,0.010036401,0.01006866,0.009065878
705,"SVN","Slovenia",0.01969449,0.018689177,0.018642098,0.017241761,0.015183367,0.013520742,0.011687616,0.009915225,0.009870499,0.008966075,0.00841867,0.007871377,0.007725184,0.007143474,0.006687465,0.006298055,0.005714032
90,"SLB","Solomon Islands",0.000279403,0.000287618,0.000284332,0.000259865,0.00028193,0.0002375,0.000318035,0.000314738,0.000245499,0.000267764,0.000324351,0.000345895,0.000374493,0.000357945,0.000258237,0.000269609,0.000280218
706,"SOM","Somalia",0.000291719,0.000312744,0.000309068,0.000311409,0.00031337,0.000339457,0.000330189,0.000334585,0.000348112,0.000347938,0.000342137,0.000333657,0.000346709,0.000325643,0.000328823,0.000332994,0.000310781
710,"ZAF","South Africa",0.039784863,0.041742134,0.042359406,0.043157556,0.042799387,0.044796397,0.044631902,0.044710592,0.045554087,0.044966032,0.046271628,0.046723906,0.048096916,0.048289437,0.047200588,0.047695534,0.052942756
410,"KOR","South Korea",0.087732967,0.083295971,0.07636177,0.083592256,0.084610974,0.082138493,0.081412624,0.079122554,0.078555177,0.07496939,0.077793601,0.081940297,0.080775049,0.07812098,0.074168664,0.074424357,0.081509834
728,"SSD","South Sudan",0.001203605,0.001123385,0.001294631,0.001029172,0.001290202,0.001260544,0.001321929,0.001014874,0.001205855,0.001192241,0.001152035,0.001134854,0.001324056,0.00132511,0.00110993,0.001171004,0.000770889
724,"ESP","Spain",0.021146685,0.02005291,0.018358476,0.017231387,0.015629596,0.01401816,0.012578189,0.010847146,0.010824285,0.010130008,0.008980339,0.008667245,0.008468382,0.007704223,0.007016661,0.006186342,0.005754506
144,"LKA","Sri Lanka",0.015627143,0.015529623,0.016471912,0.016827185,0.017228058,0.017706602,0.018099333,0.017788753,0.017866079,0.018778191,0.018091636,0.018856585,0.019994758,0.019889612,0.018322128,0.019199626,0.019227061
275,"PSE","State of Palestine",0.107494157,0.109111406,0.110761514,0.11044831,0.110337474,0.110535854,0.110449204,0.113253633,0.103801845,0.109001535,0.107441114,0.112907591,0.110663393,0.111189996,0.101641329,0.10071905,0.100464856
729,"SDN","Sudan",0.001043421,0.001149663,0.001152009,0.001107691,0.001142697,0.001193968,0.001073693,0.001149449,0.001189939,0.001268219,0.001425216,0.001472428,0.001678081,0.001757044,0.001780808,0.001785519,0.001737108
740,"SUR","Suriname",0.000638421,0.000636399,0.000658825,0.000640454,0.000632783,0.000656,0.000581128,0.000627143,0.000605659,0.000610725,0.000604332,0.00057428,0.000585625,0.000622669,0.000619994,0.000609464,0.000592767
752,"SWE","Sweden",0.002544977,0.002401655,0.002486273,0.002351171,0.002082565,0.002014606,0.001861046,0.001718518,0.001705239,0.001590146,0.001495562,0.001450763,0.001380054,0.001298691,0.001137835,0.001166103,0.001056722
756,"CHE","Switzerland",0.005011988,0.004464739,0.004204343,0.003948671,0.003517088,0.00328259,0.002965394,0.002583706,0.002561182,0.002280385,0.002140489,0.002109563,0.001981429,0.001820706,0.001687519,0.001577295,0.001405939
760,"SYR","Syria",0.024999394,0.025471827,0.025036486,0.025027163,0.024727107,0.024375516,0.023850739,0.023775976,0.023870444,0.024412794,0.023854982,0.024552861,0.025215329,0.025577921,0.026215883,0.025619117,0.026251108
158,"TWN","Taiwan",0.033450537,0.032987087,0.033478005,0.033876483,0.034223415,0.035564409,0.035472712,0.037152521,0.035577431,0.035749543,0.036121105,0.037487965,0.036557464,0.037749392,0.03693959,0.037277286,0.035857101
762,"TJK","Tajikistan",0.006257059,0.006329386,0.006448871,0.007123272,0.007766443,0.008292249,0.008476964,0.009246515,0.009209316,0.009181387,0.008911178,0.009037498,0.00859094,0.00870917,0.008938803,0.008737158,0.008546678
834,"TZA","Tanzania",0.001301035,0.001223545,0.001308996,0.001225824,0.001342295,0.001295505,0.001272154,0.001279583,0.001304895,0.001388565,0.001281317,0.001251185,0.001275674,0.001246706,0.001186797,0.00119816,0.001266256
764,"THA","Thailand",0.017950836,0.018722252,0.017864401,0.018945523,0.01919964,0.019380786,0.02109481,0.020455417,0.020774556,0.022509037,0.022510651,0.022320215,0.022872027,0.022639923,0.022880008,0.024113799,0.024763759
626,"TLS","Timor-Leste",0.000657699,0.00071602,0.000694383,0.000735918,0.000655712,0.000666214,0.000693217,0.000590547,0.000613823,0.000673645,0.000553511,0.000610734,0.000576769,0.00051358,0.000480498,0.00050105,0.000515796
768,"TGO","Togo",0.00161026,0.001815416,0.002095212,0.00195848,0.002250061,0.002395232,0.002187205,0.002116224,0.00226386,0.002172486,0.002256315,0.002230155,0.002504305,0.002499318,0.002403752,0.002431221,0.002388113
776,"TON","Tonga",0.000287062,0.000291027,0.000304156,0.000294985,0.0002738,0.000295863,0.000285854,0.000300616,0.000293048,0.000291966,0.00030932,0.000288605,0.000291096,0.000314487,0.000260404,0.000266089,0.000261234
780,"TTO","Trinidad and Tobago",0.001442062,0.001372317,0.001505419,0.001301711,0.001212907,0.001170136,0.001095969,0.001236877,0.001134257,0.001097422,0.001065649,0.000955547,0.000958211,0.001143026,0.000765228,0.000727558,0.000796696
788,"TUN","Tunisia",0.016689913,0.016763441,0.016835055,0.017754763,0.016827944,0.017726127,0.017062047,0.016147708,0.01716026,0.018182744,0.017088411,0.018592457,0.019313195,0.020020786,0.019304388,0.019918489,0.019094187
792,"TUR","Turkey",0.019111151,0.018931903,0.017682694,0.016762214,0.015864263,0.014672288,0.01340405,0.012194454,0.011335741,0.011158612,0.010710991,0.010432189,0.009749505,0.009261085,0.009146618,0.008492859,0.008211367
795,"TKM","Turkmenistan",0.002424453,0.00252677,0.002540434,0.002612734,0.002701258,0.002970845,0.002859267,0.003280192,0.002943612,0.003161216,0.002798252,0.003037586,0.002815143,0.002919868,0.002818025,0.002896264,0.002895111
796,"TCA","Turks and Caicos Islands",0.000841179,0.000793223,0.000817705,0.000841243,0.000837522,0.000789103,0.000780027,0.000789194,0.000759142,0.000758144,0.000707376,0.000775783,0.000779497,0.000720779,0.000587638,0.000576001,0.000578808
798,"TUV","Tuvalu",NA,NA,NA,NA,NA,NA,NA,NA,NA,NA,NA,NA,NA,NA,NA,NA,NA
800,"UGA","Uganda",0.019922957,0.019144031,0.019608093,0.019075221,0.019119223,0.01902203,0.018336404,0.018313305,0.018430497,0.018267151,0.017772035,0.016732824,0.016606238,0.017098511,0.016908177,0.016411851,0.016672483
804,"UKR","Ukraine",0.019262525,0.018517125,0.018071033,0.017025835,0.016127941,0.015279528,0.014638509,0.013497997,0.013802056,0.012679623,0.011820145,0.011601105,0.011351875,0.010832853,0.010283837,0.00996713,0.009614011
784,"ARE","United Arab Emirates",0.025031634,0.025592343,0.025931246,0.025783058,0.025129478,0.024465293,0.024243515,0.024610141,0.023926965,0.02597523,0.025656855,0.026548094,0.027944284,0.029188134,0.029839459,0.029627871,0.02939826
826,"GBR","United Kingdom",0.021102772,0.018612664,0.016711532,0.015277899,0.014080439,0.012114009,0.011211722,0.010321258,0.008779938,0.008505237,0.00773526,0.007365216,0.006387151,0.006333685,0.005410372,0.005007104,0.00451686
840,"USA","United States of America",0.03095853,0.028173794,0.026316679,0.023726745,0.021349344,0.019141296,0.016877818,0.014441041,0.014053422,0.013748245,0.012853961,0.012463451,0.01215275,0.011441575,0.010756497,0.010108727,0.009583416
858,"URY","Uruguay",0.002169168,0.001977896,0.001975745,0.00195502,0.001922386,0.00183008,0.001690749,0.001636907,0.001551352,0.00165604,0.001625231,0.001609354,0.001604167,0.001535701,0.001487321,0.001458919,0.001547197
860,"UZB","Uzbekistan",0.012046949,0.012038707,0.011994221,0.012142491,0.012572076,0.013341686,0.013234638,0.013953392,0.013451069,0.01356419,0.012881049,0.01298045,0.012451426,0.012395354,0.012256831,0.011904155,0.011828834
548,"VUT","Vanuatu",0.000963231,0.00089128,0.00097292,0.000928133,0.000962645,0.000956278,0.000867735,0.0009695,0.000966061,0.000939702,0.001001203,0.000973033,0.000969914,0.001093193,0.000755865,0.000766799,0.0007083
862,"VEN","Venezuela",0.004501057,0.004142848,0.00403389,0.003592029,0.00343093,0.003176789,0.002933979,0.003083518,0.002824352,0.00276814,0.002670825,0.002497537,0.002417011,0.002589159,0.002426588,0.002298489,0.002356279
704,"VNM","Viet Nam",0.00789536,0.00941613,0.010224022,0.01043634,0.010412568,0.010734137,0.010053245,0.010103851,0.010645339,0.010254861,0.010566962,0.010487781,0.009994861,0.010357607,0.010464863,0.010225462,0.01037725
876,"WLF","Wallis and Futuna Islands",0.000248673,0.000274094,0.000272803,0.000252294,0.000245026,0.000249061,0.000257377,0.000284059,0.000269708,0.00026778,0.000263659,0.000281808,0.000281918,0.000305627,0.000213209,0.000234423,0.000234118
732,"ESH","Western Sahara",0.001546987,0.001546877,0.001630727,0.001577075,0.001485294,0.001560162,0.00155709,0.001645426,0.001435503,0.001556299,0.001439177,0.001320641,0.001344472,0.001365431,0.001501541,0.001402801,0.001420409
887,"YEM","Yemen",0.012519572,0.012123873,0.012586059,0.012372209,0.012694491,0.01303769,0.012758146,0.012413475,0.013555701,0.014106035,0.014672629,0.015128194,0.015550868,0.015943705,0.01638492,0.017378606,0.017862196
894,"ZMB","Zambia",0.005903406,0.00600577,0.005772261,0.006103997,0.006131351,0.006074689,0.0059169,0.006041651,0.006561631,0.00657917,0.006182947,0.006040912,0.006135429,0.005902018,0.005672946,0.005775115,0.005811601
716,"ZWE","Zimbabwe",0.002749406,0.002967699,0.003051424,0.003138994,0.003261946,0.003318331,0.003382908,0.003326139,0.003606127,0.00355651,0.003423192,0.003359559,0.003537395,0.003211887,0.003234741,0.003059157,0.003192066
