"code","iso","country","AMP.raw.1990","AMP.raw.1991","AMP.raw.1992","AMP.raw.1993","AMP.raw.1994","AMP.raw.1995","AMP.raw.1996","AMP.raw.1997","AMP.raw.1998","AMP.raw.1999","AMP.raw.2000","AMP.raw.2001","AMP.raw.2002","AMP.raw.2003","AMP.raw.2004","AMP.raw.2005","AMP.raw.2006","AMP.raw.2007","AMP.raw.2008","AMP.raw.2009","AMP.raw.2010","AMP.raw.2011","AMP.raw.2012","AMP.raw.2013","AMP.raw.2014","AMP.raw.2015","AMP.raw.2016","AMP.raw.2017","AMP.raw.2018","AMP.raw.2019","AMP.raw.2020","AMP.raw.2021","AMP.raw.2022"
4,"AFG","Afghanistan",0,0,0,0,0,0,0,0,0,0,0,0,0,0,0,0,0,0,0,0,0,0,0,0,0,0,0,0,0,0,0,0,0
8,"ALB","Albania",0,0,0,0,0,0,0,0,0,0,0,0,0,0,54.7023360009506,54.7023360009506,54.7023360009506,57.012724223672,57.012724223672,57.012724223672,57.012724223672,178.80380429831,178.803804298848,178.803804298848,178.803804298848,178.803804298848,178.803804298848,178.803804298848,178.803804298848,178.803804298848,178.803804298848,178.803804298848,178.803804298848
12,"DZA","Algeria",0,0,0,0,0,0,0,0,0,0,0,0,0,0,26.0510795017929,26.0510795017929,26.0510795017929,26.0510795017929,26.0510795017929,26.0510795017929,26.0510795017929,26.0510795017929,26.5588653839387,26.5588653839387,26.5588653839387,26.5588653839387,26.5588653839387,26.5588653839387,26.5588653839387,26.5588653839387,26.5588653839387,26.5588653839387,26.5588653839387
20,"AND","Andorra",0,0,0,0,0,0,0,0,0,0,0,0,0,0,0,0,0,0,0,0,0,0,0,0,0,0,0,0,0,0,0,0,0
24,"AGO","Angola",1.40093999612221,1.40093999612221,1.40093999612221,1.40093999612221,1.40093999612221,1.40093999612221,1.40093999612221,1.40093999612221,1.40093999612221,1.40093999612221,1.40093999612221,1.40093999612221,1.40093999612221,1.40093999612221,1.40093999612221,1.40093999612221,1.40093999612221,1.40093999612221,1.40093999612221,1.40093999612221,1.40093999612221,1.40093999612221,1.40093999612221,1.40093999612221,1.40093999612221,1.40093999612221,1.40093999612221,1.40093999612221,1.40093999612221,1.40093999612221,1.40093999612221,1.40093999612221,1.40093999612221
660,"AIA","Anguilla",0,0,0,0,53.0280892188009,53.0280892188009,53.0280892188009,53.0280892188009,53.0280892188009,53.0280892188009,53.0280892188009,53.0280892188009,53.0280892188009,53.0280892188009,53.0280892188009,53.0280892188009,53.0280892188009,53.0280892188009,70.7002556579376,70.7002556579376,70.7002556579376,70.7002556579376,70.7002556579376,70.7002556579376,70.7002556579376,70.7002556579376,70.7002556579376,70.7002556579376,70.7002556579376,70.7002556579376,70.7002556579376,70.7002556579376,70.7002556579376
28,"ATG","Antigua and Barbuda",18.5231818219811,18.5231818219811,18.5231818219811,18.5231818219811,18.5231818219811,18.5231818219811,18.5231818219811,18.5231818219811,18.5231818219811,18.5231818219811,34.7637218497582,34.7637218497582,34.7637218497582,34.7637218497582,34.7637218497582,34.7637218497582,156.255029740557,156.255029740557,156.255029740557,156.255029745175,156.255029745175,156.255029745175,156.255029745175,156.255029745175,156.255029745175,291.12731595883,291.12731595883,291.12731595883,291.12731595883,291.12731595883,291.12731595883,291.12731595883,291.12731595883
32,"ARG","Argentina",874.739828501599,882.963751381933,882.963751387081,882.963751384663,882.963751384663,882.963751384663,882.963751384663,882.963749611009,883.266803435717,3493.84582926453,3503.14562825868,3503.1456280594,7027.96694315843,7117.33275769885,7117.33275770158,7117.33275770158,7574.42481308326,7574.4248130757,7574.4248130757,7575.45190531022,7575.45190531263,7575.45190531022,7582.5256583828,9859.22655371936,9859.22654958412,9859.22654957897,9909.74468756722,9909.74468756722,9909.74468756722,93780.8328038557,124455.797876044,124455.797876044,124455.797876044
51,"ARM","Armenia",NA,NA,0,0,0,0,0,0,0,0,0,0,0,0,0,0,0,0,0,0,0,0,0,0,0,0,0,0,0,0,0,0,0
533,"ABW","Aruba",0,0,0,0,0,0,0,0,0,0,0,0,0,0,0,0,0,0,0,0,0,0,0,0,0,0,0,0,0,0,0,0,0
36,"AUS","Australia",1487.32971060407,1752.01107586958,1764.69959390448,1784.32726909865,1787.49350103651,1787.49350103626,1817.26453569604,3069.14504926446,3747.11741739549,6058.30082944685,6619.84551234971,7431.2734710782,7740.32510918077,30460.3813729528,30469.177429766,376889.399928819,381070.241332734,387753.091126656,392407.859210554,392820.515919311,424353.047546173,424709.773778905,427335.593086403,811249.846317424,811252.932017449,811413.998933916,811416.15672349,828173.518969861,836373.063269389,3015729.50098543,3021672.87379604,3021672.87379615,3021672.87379615
40,"AUT","Austria",0,0,0,0,0,0,0,0,0,0,0,0,0,0,0,0,0,0,0,0,0,0,0,0,0,0,0,0,0,0,0,0,0
31,"AZE","Azerbaijan",NA,NA,0.847940457878806,0.847940457878806,0.847940457878806,0.847940457878806,0.847940457878806,0.847940457878806,0.847940457878806,0.847940457878806,0.847940457878806,0.847940457878806,474.299785512162,474.299785512162,474.299785512162,474.299785512162,479.584947345555,479.584947345555,479.584947345555,479.584947345555,479.584947345555,479.584947345555,479.584947345555,479.584947345555,479.584947345555,479.584947345555,479.584947345555,479.584947345555,479.584947345555,479.584947345555,479.584947345555,479.584947345555,479.584947345555
44,"BHS","Bahamas",692.940680194714,692.940680194714,692.940680194714,692.940680194714,692.940680194714,692.940680196611,692.940680196611,692.940680196611,692.940680194714,692.940680194714,692.940680194714,692.940680194714,692.940680194714,825.450041996696,825.450041996696,825.450041996696,825.450041996696,825.450041996696,825.450041996696,1030.04813127475,1156.85972549647,1163.84830386738,1163.84830386738,1163.84830386738,1163.84830386738,1163.84830386738,44370.1758207982,44370.1758207982,44370.1758207982,44370.1758207982,44370.1758207982,44370.1758207982,44370.1758207982
48,"BHR","Bahrain",0,0,0,0,0,0,0,0,33.7164407846496,33.7164407846496,33.7164407846496,33.7164407846496,33.7164407846496,36.198500883883,64.9443873913149,64.9443873913149,64.9443873913149,70.2932565284275,78.0932565284266,78.0932565284266,78.0932565284266,78.0932565284266,78.0932565284266,78.0932565284266,78.0932565284266,78.0932565284266,78.0932565284266,78.0932565284266,78.0932565284266,78.0932565284266,78.0932565284266,78.0932565284266,78.0932565284266
50,"BGD","Bangladesh",0,0,0,0,0,0,0,0,0,0,0,1635.92783268824,1635.92783268824,1635.92783268824,1635.92783268824,1635.92783268824,1635.92783268824,1635.92783268824,1635.92783268824,1635.92783268824,1635.92783268824,1635.92783268824,1635.92783268824,1642.04192910764,1642.04192910764,3370.27354103774,3370.27354103774,3370.27354103774,3370.27354103774,3370.27354103774,3370.27354103774,3370.27354103774,3370.27354103774
52,"BRB","Barbados",10.8777970199417,10.8777970199417,10.8777970199417,10.8777970199417,10.8777970199417,10.8777970199417,10.8777970199417,10.8777970199417,10.8777970199417,10.8777970199417,10.8777970199417,10.8777970199417,10.8777970199417,10.8777970199417,10.8777970199417,10.8777970199417,11.2077970199418,11.2077970199418,11.2077970199418,11.2077970199418,11.2077970199418,11.2077970199418,11.2077970199418,11.2077970199418,11.2077970199418,11.2077970199418,11.2077970199418,11.2077970199418,11.2077970199418,11.2077970199418,11.2077970199418,11.2077970199418,11.2077970199418
112,"BLR","Belarus",NA,NA,0,0,0,0,0,0,0,0,0,0,0,0,0,0,0,0,0,0,0,0,0,0,0,0,0,0,0,0,0,0,0
56,"BEL","Belgium",52.4608726247818,52.4608726247818,52.4608726247818,52.4608726247818,52.8250572262046,52.8250572262046,52.8250572262046,52.8250572262046,52.8309198882007,52.8309198882007,52.8309198882007,52.8309198882007,52.8309198882007,52.8309198882007,52.830919888019,52.830919888019,345.361159275546,345.361159275546,345.361159275546,345.361159275546,345.361159275546,345.361159275546,345.361159275546,1242.35163462841,1242.35163462841,1242.35163467873,1242.35163467873,1242.35163467873,1242.35163467873,1242.35163467873,1242.35163467873,1305.243379874,1305.243379874
84,"BLZ","Belize",432.155081806316,432.155081806316,432.155081806316,432.155081806316,759.817726081645,759.817726081645,759.817726081645,1495.05308772441,1495.05308772441,2247.67306746917,2247.67306746917,2748.9697769221,2748.9697769228,2780.85402424627,2835.47333963803,2835.47333963803,2835.47333963803,2835.47333963803,2835.47333963803,2835.47333963803,2835.47333963803,2835.47388825824,2835.47388825824,4003.99179655815,4003.99179645775,4003.99179645775,4003.99179645775,4003.99179645775,4003.99179645775,4003.99179645775,4003.99179645775,4003.99179645775,4003.99179645775
204,"BEN","Benin",0,0,0,0,0,0,0,0,0,0,0,0,0,0,0,0,0,0,0,0,0,0,0,0,0,0,0,0,0,0,0,0,0
60,"BMU","Bermuda",0,0,0,0,0,0,0,0,0,0,0,0,0,0,0,0.00083651144564377,0.00083651144564377,0.00083651144564377,0.00083651144564377,0.00083651144564377,0.00083651144564377,0.00083651144564377,0.00083651144564377,0.00083651144564377,0.00083651144564377,0.00083651144564377,0.00083651144564377,0.00083651144564377,0.00083651144564377,0.00083651144564377,0.00083651144564377,0.00083651144564377,0.00083651144564377
64,"BTN","Bhutan",0,0,0,0,0,0,0,0,0,0,0,0,0,0,0,0,0,0,0,0,0,0,0,0,0,0,0,0,0,0,0,0,0
68,"BOL","Bolivia",0,0,0,0,0,0,0,0,0,0,0,0,0,0,0,0,0,0,0,0,0,0,0,0,0,0,0,0,0,0,0,0,0
70,"BIH","Bosnia and Herzegovina",NA,NA,NA,0,0,0,0,0,0,0,0,0,0,0,0,0,0,0,0,0,0,0,0,0,0,0,0,0,0,0,0,0,0
72,"BWA","Botswana",0,0,0,0,0,0,0,0,0,0,0,0,0,0,0,0,0,0,0,0,0,0,0,0,0,0,0,0,0,0,0,0,0
76,"BRA","Brazil",3518.79343708933,3776.64206609226,4247.5153904441,7351.82985778591,10535.3500991222,10535.3500991202,10535.3500943533,10535.5925654217,15070.3532339526,15286.6097141218,16414.0940096941,20275.5147650704,21809.2294451424,21809.2876541518,24601.6677946649,24692.3526197918,24692.3526197923,25540.6893335297,25546.0217203063,36836.664345499,37130.8696127388,38526.5499444719,38526.5499446079,38526.5499446073,41101.4403423955,41899.5240619059,41899.5362348988,42574.6304168819,42574.630416895,953296.886430257,953305.722640057,953305.722640057,953305.722640057
92,"VGB","British Virgin Islands",2.58234730292729,2.58234730292729,2.5877203170574,2.5877203170574,2.5877203170574,2.5877203170574,2.5924073785041,2.5924073785041,2.5924073785041,2.5924073785041,2.5924073785041,2.5924073785041,2.5924073785041,2.5924073785041,2.5924073785041,2.5924073785041,2.5924073785041,2.5924073785041,2.5924073785041,2.5924073785041,2.5924073785041,2.5924073785041,2.5924073785041,2.5924073785041,2.5924073785041,2.5924073785041,2.5924073785041,2.5924073785041,2.5924073785041,2.5924073785041,2.5924073785041,2.5924073785041,2.5924073785041
96,"BRN","Brunei Darussalam",51.3867304113744,51.3867304113744,51.3867304113744,51.3867304113744,51.3867304113744,51.3867304113744,51.3867304113744,51.3867304113744,51.3867304113744,51.3867304113744,51.3867304113744,51.3867304113744,51.3867304113744,51.3867304113744,51.3867304113744,51.3867304113744,51.3867304113744,51.3867304113744,51.3867304113744,51.3867304113744,51.3867304113744,51.3867304113744,51.3867304113744,51.3867304113744,51.3867304113744,51.3867304113744,51.3867304113744,51.3867304113744,51.3867304113744,51.3867304113744,51.3867304113744,51.3867304113744,51.3867304113744
100,"BGR","Bulgaria",0.721096773401433,0.721096773401433,0.721096773401433,0.744893677304938,0.763198885668555,0.774233870236149,0.774233962077335,0.774233962077335,0.774233962077335,0.774233962077335,0.774233962077335,0.774233962077335,6.26043423595313,6.65808380658252,6.6583484478539,6.6583484478539,6.6583484478539,6.6583484478539,6.65834839182509,913.284021015357,913.284021015357,913.284021015357,913.284021015357,913.284021015357,913.284021015357,913.284021015357,1474.04385028742,1505.5010577885,1940.6079681092,1940.6079681092,1940.60796810753,1940.6079681092,1940.6079681092
854,"BFA","Burkina Faso",0,0,0,0,0,0,0,0,0,0,0,0,0,0,0,0,0,0,0,0,0,0,0,0,0,0,0,0,0,0,0,0,0
108,"BDI","Burundi",0,0,0,0,0,0,0,0,0,0,0,0,0,0,0,0,0,0,0,0,0,0,0,0,0,0,0,0,0,0,0,0,0
132,"CPV","Cabo Verde",0,0,0,0,0,0,0,0,0,0,0,0,0,0,0,0,0,0,0,0,0,0,0,0,0,0,0,0,0,0,0,0,0
116,"KHM","Cambodia",0,0,0,0,0,0,0,0,0,0,0,0,0,0,0,0,0,0,0,0,0,0,0,0,0,0,0,0,0,470.582460365401,470.582460365401,470.582460365401,470.582460365401
120,"CMR","Cameroon",0,0,0,0,0,0,0,0,0,0,0,0,0,0,0,0,0,0,0,0,0,0,0,0,0,0,0,0,0,0,0,0,0
124,"CAN","Canada",1772.74666506166,1772.74666506166,1791.08675022691,2127.47791228059,2408.11558068357,2408.11558068312,3851.9581029881,3888.26537944587,3898.4064829468,5653.46273608751,5653.46273616789,5807.14877967689,5856.536736253,5856.53673626935,6026.27034477652,8391.28455777882,10207.5958903072,10270.0450270552,10270.0450270217,16618.2672279731,16741.8644201864,25737.1197756879,25824.5597648942,25824.5597648716,26464.7160907544,26464.841522049,26635.2262996646,28973.8813105868,35742.8605234764,47238.2474252655,375825.835680675,375825.835680933,375825.835680933
136,"CYM","Cayman Islands",68.3272636995615,68.3272636995615,68.3272636995615,68.3272636995615,68.3272636995615,68.3272636995615,68.3272636995615,68.3272636995615,68.3272636995615,68.3272636995615,68.3272636995615,68.3272636995615,68.3272636995615,74.4772738992727,80.3166985516096,80.3166985523638,80.3166985523638,80.3166985523638,86.2220948602666,86.2220948602666,86.2220948602666,86.2220948610207,86.2220948610207,86.2220948610207,86.2220948610207,86.2220948602666,86.2220948602666,86.2220948602666,86.2220948602666,86.2220948602666,86.2220948602666,86.2220948602666,86.2220948602666
140,"CAF","Central African Republic",0,0,0,0,0,0,0,0,0,0,0,0,0,0,0,0,0,0,0,0,0,0,0,0,0,0,0,0,0,0,0,0,0
148,"TCD","Chad",0,0,0,0,0,0,0,0,0,0,0,0,0,0,0,0,0,0,0,0,0,0,0,0,0,0,0,0,0,0,0,0,0
152,"CHL","Chile",1.64351278492579,1.64351278492579,1.64351278492579,3.93425978263956,3.93425978263956,3.93425978263956,3.93425978263956,147.106548170901,150.522520910381,150.522520910381,150.522520910381,150.682648972104,150.682648972104,150.682648972104,165.050074856536,1365.41526927386,1460.92966570657,1503.41056761297,1504.60222902725,1504.60222902725,1504.60222902725,152209.146143346,152209.146143346,152209.146143346,152209.146143346,152209.146143346,152433.150479717,452676.110666122,477810.315683058,1331092.98695323,1499605.01392401,1499605.89877157,1499605.89877157
156,"CHN","China",0,0,0,27.2667864036887,27.2667864036887,27.2667864036887,27.2667864036887,27.2667864036887,27.2667864036887,27.2667864036887,27.2667864042408,27.2667864042408,27.2667864042408,1821.01346770243,1821.01346770243,1821.01346770243,1821.01346770243,1821.01346770243,1821.01346770243,1871.06985493001,1871.06985493001,1871.06985493001,1871.06985493001,1871.06985493001,1871.06985493001,1871.06985493001,2228.23142165781,2228.23142165781,2228.23142165781,2228.23142165781,2228.23142165781,2228.23142165781,2228.23142165781
170,"COL","Colombia",1825.44822132032,1825.44822132032,1825.44822132032,1825.44822132032,1825.44822132032,1825.44822132032,28671.5876418229,28671.5876418229,28671.5876418229,29326.3386119067,29326.3386119067,29328.0676416502,29328.0676416454,29328.0676416454,29326.338611902,29385.9712491053,60881.1430797842,60881.1430797842,60881.1430797842,60881.1430797842,60881.1430797842,61340.8929008498,61341.2824423336,61341.2824423336,63035.6699701553,63721.8188471878,63721.8188471789,63721.8188471789,92934.2142774843,93609.2943245262,93609.2943245324,93609.2943245324,93609.2943245324
174,"COM","Comoros",0,0,0,0,0,0,0,0,0,0,0,0,0,0,0,0,0,0.0497375515095968,0.0497375515095968,0.0497375515095968,0.0497375515095968,158.021470859724,158.021470859724,158.021470859724,158.021470859724,158.021470859724,158.021470859724,158.021470859724,158.021470859724,158.021470859724,158.021470859724,158.021470859724,158.021470859724
184,"COK","Cook Islands",0,0,0,0,0,0,0,0,0,0,0,0,0,0,0,0,0,0,0,0,0,0,0,0,0,0,0,0,1979942.48453451,1979942.48453451,1979942.48453451,1979942.48453451,1979942.48453451
188,"CRI","Costa Rica",3475.14146988509,3475.14146988509,3721.9250707885,3773.92387930968,3773.92387930968,3936.42695928222,4081.74873482499,4081.74873482499,4081.74873482499,4143.86234041625,4143.86234079068,4143.86234079068,4143.86234079068,4143.86234079068,4143.86234079068,4143.86234079068,4143.86234079068,4343.73998510603,4343.73998510603,4343.73998510603,4343.73998510603,4343.73998510603,13961.9881943217,13961.9881943217,13961.9881943217,13961.9881943217,13961.9881943217,13961.9881943217,13961.9881943217,13968.7640749274,13968.7640749274,14624.5219167629,14624.5219167629
384,"CIV","Cote d'Ivoire",0.823593177003605,0.823593177003605,0.823593177003605,0.823593177003605,0.823593177003605,0.823593177003605,0.823593177003605,0.823593177003605,0.823593177003605,0.823593177003605,0.823593177003605,0.823593177003605,0.823593177003605,0.823593177003605,0.823593177003605,0.823593177003605,165.522468944143,165.522468944143,165.522468944143,165.522468944143,165.522468944143,165.522468944143,165.522468944143,165.522468944143,165.522468944143,165.522468944143,165.522468944143,165.522468944143,165.522468944143,165.522468944143,165.522468944143,165.522468944143,165.522468944143
191,"HRV","Croatia",133.439887078441,133.439887078441,133.439887078441,133.439887078441,133.439887078441,137.474271335653,137.474271335653,137.474271335653,137.474271335653,137.474271335653,137.474271335653,137.474271335653,137.474271335653,137.474271335653,137.474271335653,137.474271335653,137.474271335653,137.474271334852,137.474271334852,137.474271335653,137.474271335653,137.474271335653,137.474271334852,137.474271334852,284.611873437903,4406.33288219478,4406.33288219478,4406.3328821353,4406.33288213549,4406.33288213549,4406.33278599071,4406.33278599532,4406.33278599532
192,"CUB","Cuba",0,0,0,0,0,0,0,0,0,0,0,0,913.418818837432,913.418818837432,913.418818837432,913.418818837432,913.418818837432,913.418818837432,913.418818837432,1201.3334757541,1201.3334757541,3532.48817993197,3532.48817993197,5358.35027254,5358.35027254,5358.35027254,5358.35027254,5358.35027254,5358.35027254,5358.35027254,5358.35027254,5358.35027254,5358.35027254
531,"CUW","Curacao",0,0,0,0,0,0,0,0,0,0,0,0,0,0,0,0,0,0,0,0,0,0,0,0,0,0,0,0,0,0,0,0,0
196,"CYP","Cyprus",8356.77915176049,8356.77915176049,8356.77915176049,8356.77915176049,8356.77915176049,8356.77915176049,8356.77915176049,8356.77915176049,8356.77915176049,8356.77915176049,8356.77915176049,8356.77915176049,8356.77915176049,8356.77915176049,8356.77915176049,8356.77915176049,8377.37369393064,8377.37369393064,8377.37369393064,8381.14566651573,8381.14566651573,8381.14566651573,8381.14566651573,8381.14566651573,8381.14566651573,8381.14566657455,8381.14566657455,8390.25054033257,8407.21914577863,8407.21914577863,8407.21914577863,8407.21914577863,8407.21914577863
203,"CZE","Czech Republic",NA,NA,NA,0,0,0,0,0,0,0,0,0,0,0,0,0,0,0,0,0,0,0,0,0,0,0,0,0,0,0,0,0,0
180,"COD","Dem. Rep. Congo",0,0,0,0,0,0,0,0,0,0,0,0,0,0,0,0,0,0,0,0,0,0,0,0,0,0,0,0,0,0,0,0,0
208,"DNK","Denmark",7131.07017742093,7131.07017742093,7131.07017742212,7131.07018806426,7131.07018806452,7131.07018806546,7131.07018806546,7131.07018806664,7131.07018806664,7131.07018805989,7131.07018805875,7131.07018805515,7131.07018806452,7141.91113569646,8915.59965538967,11382.250671493,11772.2237186718,11773.414407614,12503.482749957,12503.4827499507,18160.0861019969,18160.0861020716,18336.3184289289,18375.2137826232,18375.2137880395,18375.2137880373,18375.2137880373,18780.8231916381,18780.82318809,18780.82318809,18780.82318809,18780.82318809,18780.82318809
262,"DJI","Djibouti",0,0,0,0,0,0,0,0,0,0,0,0,0,13.3227655917073,13.3227655917073,13.3227655917073,13.3227655917073,13.3227655917073,13.3227655917073,13.3227655917073,13.3227655917073,13.3227655917073,13.3227655917073,13.3227655917073,13.3227655917073,13.3227655917073,13.3227655917073,13.3227655917073,13.3227655917073,13.3227655917073,13.3227655917073,13.3227655917073,13.3227655917073
212,"DMA","Dominica",5.68699663151386,5.68699663151386,5.68699663151386,5.68699663151386,5.68699663151386,5.68699663151386,5.68699663151386,5.68699663151386,5.68699663151386,10.6370041048369,10.6370041048369,10.6370041048369,10.6370041048369,10.6370041048369,10.6370041048369,10.6370041048369,10.6370041048369,10.6370041048369,10.6370041048369,10.6370041048369,10.6370041048369,10.6370041048369,10.6370041048369,10.6370041048369,10.6370041048369,10.6370041048369,10.6370041048369,10.6370041048369,10.6370041048369,10.6370041048369,10.6370041048369,10.6370041048369,10.6370041048369
214,"DOM","Dominican Republic",10.1177698172102,10.1177698172102,10.1177698172102,10.1177698172102,10.1177698172102,10.1177698172102,10.1177698172102,10.1177698172102,10.1177698172102,10.1177698172102,10.1177698172102,10.1177698172102,10.1177698172102,10.1177698172102,10.1177698172102,35853.5004260277,35853.5004260277,35853.5004260277,35853.5004260277,35853.5004260277,46598.7774085917,46598.7774085917,46598.7774086029,46598.7774086029,46761.8738577652,47006.9064490152,47006.9064490143,47006.9064490143,47006.9064490143,47006.9064490143,47006.9064490143,47006.9064490143,47006.9064490143
218,"ECU","Ecuador",0,0,0,0,0,0,0,0,0,124063.813719229,124063.81371923,124078.53728435,124078.537284349,124090.018045177,124348.319826744,124348.319826743,124348.319826743,124348.319827383,124453.323214954,124977.754128045,125526.382743125,125526.382743124,125550.655143892,125722.516312757,125722.516312757,125988.260737618,127421.660653943,128251.965011351,129118.07052743,129118.07052743,129118.07052743,129118.07052743,129118.07052743
818,"EGY","Egypt",709.40658966413,709.40658966413,709.40658966413,709.40658966413,709.40658966413,709.40658966413,709.40658966413,709.40658966413,709.40658966413,709.40658966413,709.40658966413,709.40658966413,709.40658966413,709.40658966413,709.40658966413,709.40658966413,709.40658966413,2375.63223752866,2375.63223752866,2375.63223752866,2375.63223752866,2707.01298345749,2707.01298345749,2707.01298345749,2707.01298345749,2707.01298345749,2707.01298345749,2707.01298345749,2707.01298345749,2707.01298345749,2707.01298345749,2707.01298345749,2707.01298345749
222,"SLV","El Salvador",0,0,0,0,0,0,0,0,0,0,0,0,0,0,0,0,0,0,208.23605932104,208.23605932104,208.23605932104,208.23605932104,208.23605932104,208.23605932104,208.23605932104,208.23605932104,208.23605932104,208.23605932104,208.310463422821,208.310463422821,403.505364117138,403.505364117138,403.505364117138
226,"GNQ","Equatorial Guinea",0,0,0,0,0,0,0,0,0,0,0,595.244301038894,595.244301038894,595.244301038894,595.244301038894,595.244301038894,595.244301038894,595.244301038894,595.244301038894,595.244301038894,595.244301038894,595.244301038894,595.244301038894,595.244301038894,595.244301038894,595.244301038894,595.244301038894,595.244301038894,595.244301038894,595.244301038894,595.244301038894,595.244301038894,595.244301038894
232,"ERI","Eritrea",NA,NA,NA,NA,0,0,0,0,0,0,0,0,0,0,0,0,0,0,0,0,0,0,0,0,0,0,0,0,0,0,0,0,0
233,"EST","Estonia",0,0,0,0,0,0,0,0,136.958547683128,136.958547683128,293.108129585516,293.108129585516,293.108129585516,293.108129585516,296.188750106107,5900.94164221982,5958.96002517255,5958.9597490028,5961.38541892193,5961.38541892193,6055.23075484268,6202.53419834117,6254.22260893184,6254.22260894197,6254.22260893276,6254.22267398992,6515.48027695917,6515.48035670072,6515.60860886634,6548.93336188614,6600.93558911787,6600.93559106201,6600.9355910718
748,"SWZ","Eswatini",0,0,0,0,0,0,0,0,0,0,0,0,0,0,0,0,0,0,0,0,0,0,0,0,0,0,0,0,0,0,0,0,0
231,"ETH","Ethiopia",0,0,0,0,0,0,0,0,0,0,0,0,0,0,0,0,0,0,0,0,0,0,0,0,0,0,0,0,0,0,0,0,0
234,"FRO","Faeroe Islands",0,0,0,0,0,0,0,0,0,0,0,0,0,0,0,0,0,0,0,0,0,0,0,0,0,0,0,0,0,0,0,0,0
238,"FLK","Falkland Islands",0,0,0,0,0,0,0,0,0,0,0,0,0,0,0,0,0,0,0,0,0,0,0,0,0,0,0,0,0,0,0,0,0
242,"FJI","Fiji",426.457408744369,426.457408744369,426.457408744369,426.457408744369,426.457408744369,426.457408744369,426.457408744369,426.457408744369,517.402482023198,517.402482023198,526.325415621524,875.2715251406,2444.18806199875,2612.18031316415,6883.92154960759,10738.3687238449,11008.0617057388,11931.7079993205,12302.1240912468,12302.1240912468,12302.1240912468,12302.1240912468,12302.1240912468,12302.1240912468,12302.1240912468,12302.1240912468,12302.1240912468,12302.1240912468,12302.1240912468,12308.8492841581,12308.8492841581,12308.8492841581,12308.8492841581
246,"FIN","Finland",1419.88677530269,1419.89471964003,1565.71403585408,1567.57520747597,1568.90099733183,1568.90675845057,1572.83098452438,2215.86513489275,2219.14825484959,7082.9888494529,7083.48598876451,7083.61224654093,7133.6855840765,7134.73060440652,7157.67215342838,7172.57673850583,7371.62815314943,7384.18813022914,7386.50233844984,7390.07904469258,7393.57718037903,7395.23277121891,8046.50203815033,8051.75672859553,8053.73646366664,8068.21794379255,8744.48866827641,8745.80579833566,8750.13106162777,8750.14012709197,8751.37156381553,8751.41101762098,8751.4110176938
250,"FRA","France",77154.4904527354,77154.4904527354,77154.6938327554,77245.2672815719,77434.4882357102,77465.6337850846,77466.652128165,77466.652128165,77466.652128165,77561.5687124482,78365.566204944,78365.571550433,78374.1083071613,78374.1328466901,78374.1788946202,78374.1897027307,80415.958325176,740164.935460399,743669.859794473,750147.843444342,754308.785245049,960782.566493944,964079.981446574,980486.79448639,982275.200185255,983986.513000423,986869.725852825,989128.317391979,1967159.97343239,1976776.59767891,1977046.49235383,1977046.49235373,1977046.49235373
258,"PYF","French Polynesia",71.1177639057638,71.1177639057638,71.1177639057638,100.108611868517,100.108611868517,100.108611868517,100.108611868517,100.108611868517,100.108611868517,100.108611868517,100.108611868517,100.108611868517,100.108611868517,100.108611868517,100.108611868517,100.108611868517,100.108611868517,100.108611868517,100.108611868517,112.843592211942,112.843592211942,112.843592211942,112.843592211942,112.843592211942,112.843592211942,112.843592211942,112.843592211942,112.843591317526,112.843591317526,112.843591317526,112.843591317526,112.843591317526,112.843591317526
266,"GAB","Gabon",0,0,0,0,0,0,0,0,0,0,0,0,0,826.005126790462,826.005126790462,826.005126790462,826.005126790462,826.005126790462,826.005126790462,826.005126790462,826.005126790462,826.005126790462,826.005126790462,826.005126790462,826.005126790462,826.005126790462,826.005126790462,826.005126790462,52012.2898606496,52012.2898606496,52012.2898606496,52012.2898606496,52012.2898606496
270,"GMB","Gambia",0,0,0,0,0,0,0,0,0,0,0,0,0,0,0,0,0,0,0,0,0,0,0,0,0,0,0,0,0,0,0,0,0
268,"GEO","Georgia",NA,NA,0,0,0,0,0,0,0,0,0,0,0,0,0,0,0,0,0,0,0,0,0,0,0,0,0,0,0,0,0,0,0
276,"DEU","Germany",7672.9364135097,8457.61797754465,8517.350789184,8517.350789184,8517.35078780926,8517.35078780926,8517.35078781567,8517.35078780926,8517.35078780926,8518.39022551601,8518.39022551878,8539.20437277857,8652.87034836908,8652.8703483549,8652.87034837225,16901.1189799324,16919.4888539673,16925.568679809,21930.9668622292,24215.3393558443,24266.9211838451,24267.5987026394,24267.5987025269,24267.5987029765,24267.5987025275,24267.5987025762,24267.5987030035,25137.5345447961,25147.7694634423,25231.8953492721,25278.9737378631,25278.9737378465,25278.9737378465
288,"GHA","Ghana",0,0,0,259.849101048813,259.849101048813,259.849101048813,259.849101048813,259.849101048813,259.849101048813,259.849101048813,259.849101048813,259.849101048813,259.849101048813,259.849101048813,259.849101048813,259.849101048813,259.849101048813,259.849101048813,259.849101048813,259.849101048813,259.849101048813,259.849101048813,259.849101048813,259.849101048813,259.849101048813,259.849101048813,259.849101048813,259.849101048813,259.849101048813,259.849101048813,259.849101048813,259.849101048813,259.849101048813
300,"GRC","Greece",12421.6414598388,12508.5432407255,12508.543241352,12613.2824934055,12613.2824934059,12613.2824934067,12613.2824940319,12613.2824934031,12895.3622851976,12895.36236802,12895.3623680188,12895.3623679036,14875.9579951267,15984.8845279886,15984.9026447039,15984.9026444155,15984.9026444175,15984.9026441682,15984.9026441617,15984.9026455446,15984.9026455271,16320.1077162671,19566.9701408227,19584.50823615,19584.50823615,19584.50823615,19584.50823615,19584.50823615,19584.50823615,19584.50823615,19584.50823615,19584.50823615,19584.50823615
304,"GRL","Greenland",117.526445624482,117.526445624482,117.526445624482,117.526445624482,117.526445624482,117.526445624482,117.526445624482,117.526445624482,117.526445624482,117.526445624482,117.526445624482,117.526445624482,117.526445624482,117.526445624482,117.526445624482,117.526445624482,117.526445624482,117.526445624482,117.526445624482,127.941192423279,127.941192423279,127.941192423279,127.941192423279,127.941192423279,127.941192423279,127.941192423279,127.941192423279,127.941192423279,127.941192423279,127.941192423279,127.941192423279,127.941192423279,127.941192423279
308,"GRD","Grenada",0,0,0,0,0,0,0,0,0,0,4.05305155215844,4.05305155215844,4.05305155215844,4.05305155215844,4.05305155215844,4.05305155215844,4.05305155215844,4.05305155215844,4.05305155215844,4.05305155215844,10.0037838593617,10.0037838593617,10.0037838593617,10.0037838593617,10.0037838593617,10.0037838593617,10.0037838593617,10.0037838593617,10.0037838593617,29.7642466648031,29.7642466648031,29.7642466648031,29.7642466648031
320,"GTM","Guatemala",0,0,0,0,0,0,0,0,0,0,0,0,0,0,0,0,0,0,16.9393978572231,16.9393978572231,16.9393978572231,16.9393978572231,16.9393978572231,16.9393978572231,16.9393978572231,16.9393978572231,16.9393978572231,16.9393978572231,16.9393978572231,16.9393978572231,16.9393978572231,16.9393978572231,16.9393978572231
831,"GGY","Guernsey",0,0,0,0,0,0,0,0,0,0,0,0,0,0,0,0,13.4513831901083,16.4691578868759,16.4691578868759,16.4691578868759,16.4691578868759,16.4691578868759,16.4691578868759,16.4691578868759,16.4691578868759,16.4691578868759,33.1746154797353,33.1746154797353,33.1746154797353,33.1746154797353,33.1746154797353,33.1746154797353,33.1746154797353
324,"GIN","Guinea",0,0,0,0.806256135308439,2.33440687121204,2.33440687121204,2.33440687121204,2.33440687121204,2.33440687121204,2.33440687121204,2.33440687121204,2.33440687121204,2.33440687121204,2.33440686974333,2.33440686974333,2.33440686974333,2.33440686974333,2.33440686974333,2.33440686969728,2.33440686969728,2.33440686969728,2.33440686969728,2.33440686969728,2.33440686969728,2.33440686969728,2.33440686969728,2.33440686969728,2.33440686969728,2.33440686969728,2.33440686969728,2.33440686969728,2.33440686969728,2.33440686969728
624,"GNB","Guinea-Bissau",0,0,0,0,0,0,0,0,0,0,0,472.381149280921,472.381149280921,472.381149280921,472.381149280921,472.381149280921,472.381149280921,472.381149280921,472.381149280921,472.381149280921,472.381149280921,472.381149280921,472.381149280921,472.381149280921,472.381149280921,9092.77159796618,9092.77159796618,9092.77159796618,9092.77159796618,9092.77159796618,9092.77159796618,9092.77159796618,9092.77159796618
328,"GUY","Guyana",0,0,0,0,0,0,0,0,0,0,0,0,0,0,0,0,0,0,0,0,0,0,0,0,0,0,0,0,0,0,0,0,0
332,"HTI","Haiti",0,0,0,0,0,0,0,0,0,0,0,0,0,0,0,0,0,0,0,0,0,0,0,0,741.418098703153,741.418098703153,741.418098703153,741.418098703153,808.587945732479,808.587945732479,808.587945732479,808.587945732479,808.587945732479
336,"VAT","Holy See",0,0,0,0,0,0,0,0,0,0,0,0,0,0,0,0,0,0,0,0,0,0,0,0,0,0,0,0,0,0,0,0,0
340,"HND","Honduras",0,0,483.467229356937,483.467229356937,511.940643124226,511.940643124226,511.940643124226,511.940643124226,511.940643124226,511.940643124226,654.03231261805,654.03231261805,654.03231261805,654.03231261805,1879.57534528207,1879.57534528207,1879.57534527766,1879.57534527766,1879.57534527766,1879.57534527766,1879.57534527766,8373.54448923589,8373.54448923589,8373.54448923589,8417.29753295259,8417.29753295259,8417.29753295259,8417.29753295259,9284.92502271926,9284.92502271926,9284.92502271926,9284.92502271926,9284.92502271926
344,"HKG","Hong Kong",0,0,0,0,0,0,0,0,0,0,0,0,0,0,0,0,0,0,0,0,0,0,0,0,0,0,0,0,0,0,0,0,0
348,"HUN","Hungary",0,0,0,0,0,0,0,0,0,0,0,0,0,0,0,0,0,0,0,0,0,0,0,0,0,0,0,0,0,0,0,0,0
352,"ISL","Iceland",2728.37910396976,2728.37910396976,2728.37910396976,2728.37910396976,2728.37910396976,2741.5208448627,2743.31127153342,2743.40583012188,2743.40583012188,2743.40583012188,2743.40583012188,2743.40583012188,2743.52611588859,2743.52611588859,2743.52611588859,2743.52611588859,2743.52611588859,2807.44043592358,2808.44905943748,2886.43130961964,2890.52255429709,2890.52255429709,2890.52255429709,2904.9960638387,2904.99606379565,3209.41961062016,3209.41961062016,3209.41961062016,3209.41961062016,3209.41961062016,3211.29737688071,3211.29737688071,3211.29737688071
356,"IND","India",0,0,0,0,0,0,0,0,0,0,0,0,0,678.770762954986,678.770762954986,678.770762954986,678.770765708401,678.770765708401,678.770765708401,678.770765708401,678.770765708401,678.770765708401,678.770765708401,678.770765708401,678.770765708401,678.770765708401,678.770765708401,678.770765708401,678.770765708401,678.770765708401,678.770765708401,678.770765708401,678.770765708401
360,"IDN","Indonesia",50653.1150670398,50653.373727724,52086.4228446541,52086.422844655,52086.4228446632,52086.4228446632,52086.4228446632,52088.045131109,52088.0451311088,52088.0451311081,52092.9804222681,52092.980422267,52157.0176922203,52157.0176922191,53441.2735139412,53999.8702119401,54289.5016471617,54927.7358078354,71474.255185054,77518.2919563919,128680.87262734,129407.914661194,130413.062822837,133825.085690385,139385.221390277,156947.814427598,160030.918141478,163118.411467564,169628.671429681,179546.782105157,179546.782105157,179546.782105157,179546.782105157
364,"IRN","Iran",0,0,0,0,0,0,0,0,0,0,227.246906854761,227.246906854761,249.183211980046,258.849812701695,258.849812701695,258.849812701695,258.849812701695,258.849812701695,258.849812701695,258.849812701695,258.849812701695,258.849812701695,258.849812701695,258.849812701695,258.849812701695,258.849812701695,258.849812701695,258.849812701695,258.849812701695,258.849812701695,258.849812701695,258.849812701695,258.849812701695
368,"IRQ","Iraq",0,0,0,0,0,0,0,0,0,0,0,0,0,0,0,0,0,0,0,0,0,0,0,0,0,0,0,0,0,0,0,0,0
372,"IRL","Ireland",1457.45870766581,1509.12890772772,1509.12890772772,1509.12890772772,1509.12890772772,1757.4931031498,1894.73094821875,1917.41584300665,1917.41584300665,1921.06453924241,1921.06453924241,1921.06453924241,1921.06453924241,1923.30572746524,1923.30572746762,2037.59349440226,2041.23186189992,2042.60142088606,2044.88501702889,2046.59319702087,4818.70398227083,4819.89746327579,4849.88632213175,4849.88632213175,4849.88632213175,4849.88632213175,4849.88632213175,7383.106640489,7741.26830469291,7865.10806325412,9093.78782370346,9094.00474911793,9094.00474911793
833,"IMN","Isle of Man",0,0,0,0,0,0,0,0,0,0,0,0,0,0,0,0,0,0,0,0,0,0,0,0,0,0,0,0,0,0,0,0,0
376,"ISR","Israel",0.311892862349167,0.311892862349167,0.311892862349167,0.311892862349167,0.311892862349167,0.311892862349167,0.311892862349167,0.311892862349167,0.311892862349167,0.311892862349167,0.311892862349167,0.311892862349167,0.311892862349167,5.04249969006797,5.04249969006797,5.04249969006797,5.04249969006797,5.04249969006797,5.04249969006797,6.75010191902467,7.89735163482781,7.89735163482781,7.89735163482781,7.89735163482781,7.89735163482781,7.89735163482781,7.89735163482781,7.89735163482781,7.89735163482781,7.89735163482781,7.89735163482781,7.89735163482781,7.89735163482781
380,"ITA","Italy",8640.60352508474,8640.60352508474,9354.40440930798,9354.40440930798,9354.40440930798,9354.40439696143,9354.83182862016,9512.71213060231,9895.12872627758,11050.7056124405,26972.2659552741,26986.1291354609,26986.1291354613,27124.7891068709,27124.7891068732,27374.5172555739,31241.6777261261,33489.5424798421,33559.3705119534,33559.3705119534,33693.2975330814,33693.2975330807,33693.2975330812,33693.2975330814,33693.2975330815,33693.2975330759,33761.7508184423,33820.5121683312,34269.3348195052,34773.3254083753,35523.1005244039,35832.7659900409,35832.7659900409
388,"JAM","Jamaica",1.85936170543619,1.85936170543619,1.85936170543619,13.534422704135,13.534422704135,13.534422704135,13.534422704135,146.973401338837,146.973401338837,391.767255952136,391.767255952136,391.767255952136,391.767255952136,391.767255952136,391.767255952136,391.767255952136,406.037689331518,406.037689331518,406.037689331518,406.037689331518,438.064933287746,438.876515775633,438.876515775633,438.876515775633,438.876515775633,438.876515775633,438.876515775633,438.876515775633,438.876515775633,438.876515775633,438.876515775633,438.876515775633,438.876515775633
392,"JPN","Japan",280410.031367332,280410.031367378,280410.031367378,280410.031367378,280410.200242954,280410.200242953,280410.200242953,280410.200242948,280422.672826669,280423.401101374,280423.401101371,280423.401101371,280423.401101371,280438.340057809,280881.624833483,280881.624833515,281003.400155345,281005.629929776,281005.629874581,281008.138968818,281014.839067394,281033.640258979,281033.702907668,281302.614883653,315998.846788481,318650.60191671,318701.966738011,318740.068873073,318743.120596703,318772.599964199,318772.599964463,545984.802999992,545984.803000771
832,"JEY","Jersey",0,0,0,0,0,0,0,0,0,0,0,31.1648341910032,31.1648341910032,31.1648341910032,31.1648341910032,31.1648341910032,186.456998525708,186.456998525708,186.456998525708,186.456998525708,186.456998525708,186.456998525708,186.456998525708,186.456998525708,186.456998525708,186.456998525708,186.456998525708,186.456998525708,186.456998525708,186.456998525708,186.456998525708,186.456998525708,186.456998525708
400,"JOR","Jordan",0,0,0,0,0,0,0,0,3.00731540966112,3.00731540966112,3.00731540966112,3.00731540966112,3.00731540966112,3.00731540966112,3.00731540966112,3.00731540966112,3.00731540966112,3.00731540966112,3.00731540966112,3.00731540966112,3.00731540966112,3.00731540966112,3.00731540966112,3.00731540966112,3.00731540966112,3.00731540966112,3.00731540966112,3.00731540966112,3.00731540966112,3.00731540966112,3.00731540966112,3.00731540966112,3.00731540966112
398,"KAZ","Kazakhstan",NA,NA,55488.4426548995,55488.4426548995,55488.4426548995,55488.4426548995,55488.4426548995,55488.4426548995,55488.4426548995,55488.4426548995,55488.4426548995,55488.4426548995,55488.442653391,55488.442653391,55488.442653391,55488.442653391,55488.442653391,55488.442653391,55488.442653391,55488.442653391,55605.4691850507,55605.4691850507,55605.4691848881,55605.4691848866,55605.4691848866,55605.4691848866,55605.4691848866,55605.4691848866,55605.4691848892,55605.4691848892,55605.4691848892,55605.4691848892,55605.4691848892
404,"KEN","Kenya",411.28234342882,411.28234342882,411.28234342882,411.28234342882,411.28234342882,411.28234342882,523.405279897799,523.405279897799,523.405279897799,523.405279897799,523.405279897799,523.405279897799,523.405279897799,523.405279897799,523.405279897799,526.635279897799,526.850151867156,526.850151867156,526.850151867156,526.850151867156,529.643542348976,529.643542348976,532.255968476485,608.106123240123,608.106123240123,608.106123240123,608.106123240123,608.106123240123,608.106123240123,608.106123240123,608.106123240123,608.106123240123,608.106123240123
296,"KIR","Kiribati",163.331440386518,163.331440386518,163.331440386518,163.331440386518,163.331440386518,163.331440386518,163.331440386518,163.331440386518,163.331440386518,163.331440386518,550.339569227113,550.339569227113,550.339569227113,550.339569227113,550.339569227113,550.339569227113,550.339569227113,400604.909808741,400604.909808741,400604.909808741,400604.909808741,400604.909808741,400604.909808741,400604.909808741,400613.130210225,400613.130210225,400613.130210225,400613.130210225,400613.130210225,400613.130210225,400613.130210225,400613.130210225,400613.130210225
689,"XKX","Kosovo",NA,NA,NA,NA,NA,NA,NA,NA,NA,NA,NA,NA,NA,NA,NA,NA,NA,NA,NA,0,0,0,0,0,0,0,0,0,0,0,0,0,0
414,"KWT","Kuwait",0,0,0,0,0,0,0,0,0,0,0,0,0,0,0,0,0,0,0,0,0,0,0,0,0,0,0,13.2894916276737,13.2894916276737,13.2894916276737,13.2894916276737,13.2894916276737,13.2894916276737
417,"KGZ","Kyrgyzstan",NA,NA,0,0,0,0,0,0,0,0,0,0,0,0,0,0,0,0,0,0,0,0,0,0,0,0,0,0,0,0,0,0,0
418,"LAO","Laos",0,0,0,0,0,0,0,0,0,0,0,0,0,0,0,0,0,0,0,0,0,0,0,0,0,0,0,0,0,0,0,0,0
428,"LVA","Latvia",0.21059857801633,0.21059857801633,0.21059857801633,0.21059857801633,0.21059857801633,0.21059857801633,0.21059857801633,0.21059857801633,0.21059857801633,0.21059857801633,0.21059857801633,0.21059857801633,0.232257791411938,394.273708574347,394.273708574347,394.273708574347,394.273708574347,394.273708574347,394.273708574347,2111.29054914835,2111.29054914835,4519.86298477403,4519.86298477403,4519.86298477403,4521.33473873986,4521.33473873986,4521.33473873986,4521.33473873986,4521.33473873986,4521.33473873986,4521.33473872374,4521.33473872374,4521.33473872374
422,"LBN","Lebanon",0,0,0,3.89255366458469,3.89255366458469,3.89255366458469,3.89255366458469,3.89255366458469,3.89255366458469,40.9544032942354,40.9544032942354,40.9544032942354,40.9544032942354,40.9544032942354,40.9544032942354,40.9544032942354,40.9544032942354,40.9544032942354,40.9544032942354,40.9544032942354,40.9544032942354,40.9544032942354,40.9544032942354,40.9544032942354,40.9544032942354,40.9544032942354,40.9544032942354,40.9544032942354,40.9544032942354,40.9544032942354,40.9544032942354,43.6064175989423,43.6064175989423
426,"LSO","Lesotho",0,0,0,0,0,0,0,0,0,0,0,0,0,0,0,0,0,0,0,0,0,0,0,0,0,0,0,0,0,0,0,0,0
430,"LBR","Liberia",0,0,0,0,0,0,0,0,0,0,0,0,0,0,190.123908854086,190.123908854086,190.123908854086,251.23900853292,251.23900853292,251.23900853292,251.23900853292,251.23900853292,251.23900853292,251.23900853292,251.23900853292,251.23900853292,251.23900853292,251.23900853292,251.23900853292,251.23900853292,251.23900853292,251.23900853292,251.23900853292
434,"LBY","Libya",0,0,0,2279.29587540293,2279.29587540293,2279.29587540293,2279.29587540293,2279.29587540293,2279.29587540293,2279.29587540293,2279.29587540293,2279.29587540293,2279.29587540293,2279.29587540293,2279.29587540293,2279.29587540293,2279.29587540293,2279.29587540293,2279.29587540293,2279.29587540293,2279.29587540293,2279.29587540293,2279.29587540293,2279.29587540293,2279.29587540293,2279.29587540293,2279.29587540293,2279.29587540293,2279.29587540293,2279.29587540293,2279.29587540293,2279.29587540293,2279.29587540293
438,"LIE","Liechtenstein",0,0,0,0,0,0,0,0,0,0,0,0,0,0,0,0,0,0,0,0,0,0,0,0,0,0,0,0,0,0,0,0,0
440,"LTU","Lithuania",902.925061324317,902.925061324317,902.925061172718,902.925074922004,902.925074921012,902.925074921012,902.925074921012,902.925074921012,902.925074921012,902.925074921012,902.925074921012,902.925074921012,902.925074921012,902.925074921012,902.925074921012,902.925085529413,947.41292930676,947.41292930676,947.41292930676,947.41292930676,950.272424033113,952.323994677142,952.323994678772,952.323994677142,1270.99490840897,1270.99490840897,1410.57603028895,1410.57603028895,1410.57603028895,1410.57603021002,1410.57603021002,1410.57603029366,1410.57603029366
442,"LUX","Luxembourg",0,0,0,0,0,0,0,0,0,0,0,0,0,0,0,0,0,0,0,0,0,0,0,0,0,0,0,0,0,0,0,0,0
446,"MAC","Macao",0,0,0,0,0,0,0,0,0,0,0,0,0,0,0,0,0,0,0,0,0,0,0,0,0,0,0,0,0,0,0,0,0
450,"MDG","Madagascar",84.7970174944633,84.7970174944633,84.7970174944633,84.7970174944633,84.7970174944633,84.7970174944633,84.7970174944633,84.7970174944633,84.7970174944633,84.7970174944633,84.7970174944633,84.7970174944633,84.7970174944633,84.7970174944633,84.7970174944633,84.7970174944633,84.7970174944633,1157.87882358777,1157.87882358777,1775.16228725946,2563.87055669177,3939.86568799559,5282.4258929882,5285.29194361815,5285.29194361815,5285.29194361815,5285.29194361815,5285.29194361815,9773.39849442886,9773.39849442886,9773.39849442886,9773.39849442886,9773.39849442886
454,"MWI","Malawi",0,0,0,0,0,0,0,0,0,0,0,0,0,0,0,0,0,0,0,0,0,0,0,0,0,0,0,0,0,0,0,0,0
458,"MYS","Malaysia",246.098996338056,246.098996338056,702.617709426975,702.617709426975,702.617709426975,2292.05330701608,2292.05330701608,2292.05330701608,2292.05330701608,2414.06189578496,2644.73316038933,2659.19526903882,3116.50621455821,3134.80793831028,3153.5367722769,3501.34382629617,3518.41295889431,3518.42040134574,5250.9773944184,5644.01418541926,5644.01418541926,5644.01418542122,5644.01418542122,5644.01418542122,5647.6941405434,5648.1834487104,5817.37805417333,14232.6197203389,14232.6197203389,14232.6197203389,14232.6197203389,14232.6197203389,14232.6197203389
462,"MDV","Maldives",0,0,0,0,0,0,102.75239714391,102.75239714391,102.75239714391,102.75239714391,265.173371519348,265.173371519348,265.173371519348,265.173371519348,265.173371519348,271.763947426615,271.763947426615,290.191387835848,290.191387835848,290.191387835848,371.14027620956,371.14027620956,473.541774128007,475.165363262013,475.165363262013,475.165363262013,475.165363262013,475.165363262013,475.165363262013,492.330716110826,574.543543290086,615.77731776486,615.77731776486
466,"MLI","Mali",0,0,0,0,0,0,0,0,0,0,0,0,0,0,0,0,0,0,0,0,0,0,0,0,0,0,0,0,0,0,0,0,0
470,"MLT","Malta",1615.11618840148,1628.09692102559,1628.09692102559,1628.09692102559,1628.09692102559,1628.09692102559,1628.09692102559,1628.09692102559,1628.09692102559,1628.09692102559,1628.09692102559,1628.09692102559,1628.09830301271,1628.12121574679,1628.12121574663,1628.12121574721,1640.91946306738,1640.91946306874,1642.70807607218,1642.72071944732,1642.72071944731,1811.90094361246,1811.90094360854,1811.92134858098,1811.92134858098,1811.92134858098,1811.92134858098,4142.58938388876,4142.60466793473,4142.65251973845,4142.68784610475,4142.68784610475,4142.68784610475
584,"MHL","Marshall Islands",143.562467870357,143.562467870357,143.562467870357,143.562467870357,143.562467870357,143.562467870357,143.562467870357,143.562467870357,143.562467870357,143.562467870357,143.562467870357,143.562467870357,143.562467870357,3789.41885559003,3789.41885559003,3828.49091935261,3828.49091935261,4777.28186828625,4777.28186828625,4777.28186828625,4777.28186828625,4793.77236115778,4793.77236115778,4795.29096414775,4795.91658833086,4795.91658833086,4795.91658833086,4795.91658833086,4795.91658833086,4795.91658833086,4795.91658833086,4795.91658833086,4795.91658833086
478,"MRT","Mauritania",0.421563486054018,2.17268855840287,2.17268855840287,2.17268855840287,2.17268855840287,2.17268855840287,2.17268855840287,2.17268855840287,2.17268855840287,2.17268855840287,2.17268855840287,17.5362874119757,17.5362874119757,17.5362874119757,17.5362874119757,17.5362874119757,17.5362874119757,17.5362874119757,17.5362874119757,17.5362874119757,17.5362882499615,17.5362882499615,17.5362882499615,17.5362882499615,17.5362882499615,17.5362882499615,17.5362882499615,17.5362882499615,17.5362882499615,17.5362882499615,17.5362882499615,17.5362882499615,17.5362882499615
480,"MUS","Mauritius",1.06479822619422,1.06479822619422,1.06479822619422,1.06479822619422,1.06479822619422,1.06479822619422,1.06479822619422,1.06479822619422,1.90065948338275,1.90065948338275,1.90065948338275,9.3648428598824,9.36484284654681,9.36484284654681,9.36484284654681,9.36484284654681,9.36484284654681,9.36484284654681,9.36484284654681,9.36484284654681,9.36484284654681,9.36484284654681,9.36484284654681,9.36484284654681,9.36484284654681,9.36484284654681,9.36484284654681,9.36484284654681,9.36484284654681,9.36484284654681,9.36484284654681,9.36484284654681,9.36484284654681
484,"MEX","Mexico",0,0,0.025138226358165,0.025138226358165,0.025138226358165,0.025138226358165,0.025138226358165,2128.95679532848,2128.95679532848,2605.94699024719,4432.64457417949,16425.4627717238,16425.4627717238,16743.2753037034,16743.2754258697,23509.8583622039,29726.383841811,29726.3838418042,33660.8571658016,33983.1313353524,37749.4050114069,37749.4050114069,37749.4050114069,38019.0403704802,38019.0404890157,38019.0404887877,38019.0404890149,543789.068876349,686232.688081539,686232.688081539,686232.68808154,686232.68808154,686232.68808154
583,"FSM","Micronesia",418.89477908858,418.89477908858,418.89477908858,418.89477908858,418.89477908858,418.89477908858,418.89477908858,418.89477908858,418.89477908858,418.89477908858,418.89477908858,418.89477908858,418.89477908858,418.89477908858,418.89477908858,418.89477908858,418.89477908858,418.89477908858,418.89477908858,418.89477908858,418.89477908858,418.89477908858,418.89477908858,418.89477908858,418.89477908858,418.89477908858,418.89477908858,418.89477908858,418.89477908858,418.89477908858,418.89477908858,418.89477908858,418.89477908858
498,"MDA","Moldova",NA,NA,0,0,0,0,0,0,0,0,0,0,0,0,0,0,0,0,0,0,0,0,0,0,0,0,0,0,0,0,0,0,0
492,"MCO","Monaco",0.00999999999998784,0.00999999999998784,0.00999999999998784,0.00999999999998784,0.00999999999998784,0.00999999999998784,0.00999999999998784,0.00999999999998784,0.168748626619428,0.168748626619428,0.168748626619428,0.168748626619428,0.168748626619428,0.168748626619428,0.168748626619428,0.168748626619428,0.168748626619428,0.168748626619428,0.168748626619428,0.168748626619428,0.168748626619428,0.168748626619428,0.168748626619428,0.168748626619428,0.168748626619428,0.168748626619428,0.168748626619428,0.168748626619428,0.168748626619428,0.168748626619428,0.168748626619428,0.168748626619428,0.168748626619428
496,"MNG","Mongolia",0,0,0,0,0,0,0,0,0,0,0,0,0,0,0,0,0,0,0,0,0,0,0,0,0,0,0,0,0,0,0,0,0
499,"MNE","Montenegro",NA,NA,NA,NA,3.89434024649116,3.89434024649116,3.89434024649116,3.89434055330593,3.89434055330593,3.89434055330593,3.89434055330593,3.89434055330593,3.89434055330593,3.89434055330593,3.89434055330593,3.89434055330593,3.89434055330593,3.89236900546913,3.89236900546913,3.89236900546913,3.89236900546913,3.89236900546913,3.89236900546913,3.89236900546913,3.89236900546913,3.89236900546913,3.89236900546913,3.89236900546913,3.89236900546913,3.89236900546913,3.89236900546913,3.89236900546913,3.89236900546913
504,"MAR","Morocco",0,0,0,0,0,0,0,0,0,0,0,0,0,0,0,0,110.190900244055,110.190900244055,110.190900244055,110.190900244055,110.190900244055,110.190900244055,110.190900244055,110.190900244055,110.190900244055,1288.96054267215,1288.96054267215,1288.96054267215,1288.96054267215,1288.96054267215,1290.76771054519,1290.76771054519,1290.76771054519
508,"MOZ","Mozambique",1231.58952739097,1231.58952739097,1231.58952739097,1231.58952739097,1231.58952739097,1231.58952739097,1231.58952739097,1231.58952739097,1231.58952739097,1231.58952739097,1231.58952739097,1231.58952739097,1231.58952739097,1231.58952739097,1231.58952739097,1231.58952739097,1231.58952739097,1231.58952739097,1231.58952739097,1231.58952739097,1927.10724092051,1927.10724092051,1927.10724092051,1927.10724092051,1927.10724092051,1927.10724092051,1927.10724092051,1927.10724092051,1927.10724092051,1927.10724092051,1927.10724092051,1927.10724092051,1927.10724092051
104,"MMR","Myanmar",0,0,0,0,0,0,0,1794.62172203792,1794.62172203792,1794.62172203792,1794.62172203792,1794.62172203792,1794.62172203792,1794.62172203792,1794.62172203792,1794.62172203792,1794.62172203792,1794.62172203792,1794.62172203792,1794.62172203792,1794.62172203792,1794.62172203792,1794.62172203792,1794.62172203792,1794.62172203792,1794.62172203792,1794.62172203792,1794.62172203792,1794.62172203792,1794.62172203792,1794.62172203792,1794.62172203792,1794.62172203792
516,"NAM","Namibia",NA,0,0,0,0,0,0,0,0,0,0,0,0,0,0,0,0,0,0,0,9463.51305633156,9463.51305633156,9463.51305633156,9463.51305633156,9463.51305633156,9463.51305633156,9463.51305633156,9463.51305633156,9463.51305633156,9463.51305633156,9463.51305633156,9463.51305633156,9463.51305633156
520,"NRU","Nauru",0,0,0,0,0,0,0,0,0,0,0,0,0,0,0,0,0,0,0,0,0,0,0,0,0,0,0,0,0,0,0,0,0
524,"NPL","Nepal",0,0,0,0,0,0,0,0,0,0,0,0,0,0,0,0,0,0,0,0,0,0,0,0,0,0,0,0,0,0,0,0,0
528,"NLD","Netherlands",5202.99000366717,5202.99000366717,5202.99065262865,5202.99065262865,5202.99065262865,5202.99065262865,5364.61134875216,5387.71011471217,5387.71011471022,5387.71011470743,5387.71011471217,7952.87755771783,7952.87755771042,7952.87755772608,7952.87755773659,7952.87755773459,7952.87755774126,7952.87755773232,7952.87755773232,7952.87909700889,14018.0598078171,14039.6403588409,14039.6406461497,14039.6406461497,14039.6406491098,14039.6406493434,36028.2853503486,39361.6482133693,39361.6482133735,39361.6482149705,39361.6482149705,39361.6482149705,39361.6482149705
540,"NCL","New Caledonia",484.672919907078,485.231136702999,511.439284391249,511.439284391249,583.691549380153,583.761681883275,583.761681883275,583.761681883275,583.761681883275,588.761681883268,588.761681883268,1556.00471218765,1556.00471218765,1556.00471218765,1556.00471218765,1556.00471218765,1556.00471218765,1556.00471218765,1556.00471218765,19382.9102705293,25580.116344256,25580.116344256,25580.116344256,25580.116344256,27942.4947382506,1316265.37046261,1316265.37046261,1316265.37046261,1316265.37046261,1316265.37046261,1316265.37046261,1316265.37046261,1316265.37046261
554,"NZL","New Zealand",272.634254046274,7876.32938710954,7876.32938710954,7921.76140994904,7939.43820160898,7939.51666427513,7948.01798377604,7948.01798377604,7951.90118065688,7951.90118065688,7978.37105079137,7978.37105079137,92105.6931078769,92105.6931078769,97104.2590235167,97114.7246409316,97124.0948318641,97155.2059337608,1205947.34733349,1205955.36898803,1205955.36898803,1205955.36898803,1205959.07080196,1205959.07080196,1205959.07080196,1206401.6972728,1206402.28733622,1206402.28733622,1206402.28733622,1206402.28733622,1206402.28733622,1206402.28733622,1206402.28733622
558,"NIC","Nicaragua",354.769738667606,354.769738667606,354.769738667606,354.769738667606,354.769738667606,354.769738667606,354.769738667606,422.91438587304,422.91438587304,422.91438587304,422.91438587304,422.91438587304,422.91438587304,422.91438587304,422.91438587304,422.91438587304,422.91438587304,422.91438587304,422.91438587304,422.91438587304,422.91438587304,1890.38219823673,1890.38219823673,1890.38219823673,1890.38219823673,1890.38219823673,1890.38219823673,1890.38219823673,1890.38219823673,1890.38219823673,1890.38219823673,1890.38219823673,1890.38219823673
562,"NER","Niger",0,0,0,0,0,0,0,0,0,0,0,0,0,0,0,0,0,0,0,0,0,0,0,0,0,0,0,0,0,0,0,0,0
566,"NGA","Nigeria",0,0,0,0,0,0,0,0,0,0,0,0,0,0,0,0,0,0,0,0,0,0,0,0,0,0,0,0,0,0,0,0,0
570,"NIU","Niue",0,0,0,0,0,0,0,0,0,0,0,0,0,0,0,0,0,0,0,0,0,0,0,0,0,0,0,0,0,0,0,130126.419486311,130126.419486311
408,"PRK","North Korea",26.6066699948595,26.6066699948595,26.6066699948595,26.6066699948595,26.6066699948595,26.6066699948595,26.6066699948595,26.6066699948595,26.6066699948595,26.6066699948595,26.6066699948595,26.6066699948595,26.6066699948595,26.6066699948595,26.6066699948595,26.6066699948595,26.6066699948595,26.6066699948595,26.6066699948595,26.6066699948595,26.6066699948595,26.6066699948595,26.6066699948595,26.6066699948595,26.6066699948595,26.6066699948595,26.6066699948595,26.6066699948595,26.6066699948595,26.6066699948595,26.6066699948595,26.6066699948595,26.6066699948595
807,"MKD","North Macedonia",NA,NA,NA,NA,0,0,0,0,0,0,0,0,0,0,0,0,0,0,0,0,0,0,0,0,0,0,0,0,0,0,0,0,0
578,"NOR","Norway",3286.7410049512,3286.7410049512,3292.11788677101,3292.12190011218,3361.74012430985,3361.74012430985,3368.75958961026,3368.75966323296,3368.76012658227,3368.76012655362,3368.76012658227,3371.45847129177,3371.45847126312,3706.54764841426,3718.75906587846,3742.51785013936,5682.29148552476,5682.2914854634,5682.30220625741,5683.06220778994,82801.0221273221,84222.6009309079,84222.6009309854,89015.9791925251,89197.5040901344,89197.5040901147,89197.54156202,89990.0152777032,89990.0810843234,89990.0810843791,89990.6403116575,90639.2635526298,90639.2635526298
512,"OMN","Oman",0,0,0,0,0,0,0,212.821865071033,212.821865071033,212.821865071033,212.821865071033,212.821865071033,212.821865071033,212.821865071033,212.821865071033,212.821865071033,212.821865071033,212.821865071033,212.821865071033,212.821865071033,212.821865071033,212.821865071033,212.821865071033,212.821865071033,212.821865071033,212.821865071033,212.821865071033,212.821865071033,212.821865071033,212.821865071033,212.821865071033,212.821865071033,212.821865071033
586,"PAK","Pakistan",0.094482315175239,0.094482315175239,0.094482315175239,0.094482315175239,0.094482315175239,0.094482315175239,0.094482315175239,0.094482315175239,0.094482315175239,0.094482315175239,0.094482315175239,0.094482315175239,470.674444308091,1552.02252873786,1552.02252873786,1552.02252873786,1552.02252873786,1552.02252873786,1552.02252873786,1552.02252873786,1552.02252873786,1552.02252873786,1552.02252873786,1552.02252873786,1552.02252873786,1552.02252873786,1552.02252873786,1552.02252873786,1552.02252873786,1552.02252873786,1552.02252873786,1552.02252873786,1552.02252873786
585,"PLW","Palau",100558.185400231,100558.671547238,100558.671547238,100558.671547238,100558.671547238,100558.671547238,100558.671547238,100558.671547238,100559.656925971,100559.656925971,100608.928063737,101411.858304299,101412.631712097,101413.681091164,101413.681091164,101484.706415248,101487.517219494,101494.878703713,101495.969585306,101498.593600576,101498.593600576,101498.593600576,101498.593600576,101498.593600576,101498.593600576,101498.593600576,606253.106360482,606253.106360482,606253.106360482,606253.106360482,606253.106360482,606253.106360482,606253.106360482
591,"PAN","Panama",133.712002234536,133.712002234536,133.712002234536,272.152167705189,272.152167705189,695.155369994492,695.155369994492,695.155369994492,695.155369994492,695.155369994492,695.155369994492,695.155369994492,695.155369994492,695.155369994492,695.155369994492,2720.71100843404,2720.71100843404,2720.71100843404,2720.71100843404,2756.79053300877,3176.65101328206,3185.75856926403,3185.75856926403,3185.75856926403,3185.75856926403,3185.75856926403,85824.6658703705,85826.1736834841,85826.1736834841,85826.1736834841,85829.9458998844,85829.9458998844,85829.9458998844
598,"PNG","Papua New Guinea",2791.30361180942,2791.30361180942,2791.30361180942,2791.30361180942,2791.30361180942,2791.30361180942,2791.30361180942,2791.30361180942,2791.30361180942,2791.30361180942,2791.30361180942,2791.30361180942,2791.30361180942,2792.49320777268,2792.49320777268,2792.49320777268,2792.49320777268,2802.98102787085,2802.98102787085,2802.98102787085,2802.98102787085,2802.98102787085,2802.98102787085,2802.98102787085,2802.98102787085,2802.98102787085,2802.98102787085,2802.98102787085,2802.98102787085,2802.98102787085,2802.98102787085,2802.98102787085,2802.98102787085
600,"PRY","Paraguay",0,0,0,0,0,0,0,0,0,0,0,0,0,0,0,0,0,0,0,0,0,0,0,0,0,0,0,0,0,0,0,0,0
604,"PER","Peru",0,0,0,0,0,0,0,0,0,0,0,0,0,0,0,0,0,0,0,0,1374.74955306686,1374.74954038304,1395.46731189507,1395.46731189507,1395.46734085642,1395.46734085642,1395.46734085642,1395.46731189507,1395.46734085642,1395.46734085642,1395.46734085642,1395.46734085642,1395.46734085642
608,"PHL","Philippines",17.4869052335337,26.8160642571559,26.8160642571559,26.8160642571559,26.8160642571559,72.709460728134,72.709460728134,72.709460728134,72.709460728134,72.709460728134,1042.52576523496,1042.52576523496,3272.64888283902,3272.64888283902,3272.64888283902,3272.64888283902,3272.64888283902,3272.64888283902,3272.64888283902,3272.64888283902,3272.64888283902,6738.48371735752,6738.48371735752,6767.73676728497,6769.11628134523,6769.11628134523,6769.11628134523,7655.87410840475,7655.87410840475,28918.8435034028,28918.8435034028,28918.8435034028,28918.8435034028
616,"POL","Poland",0.0963260502713841,0.0963260502713841,0.0963260502713841,0.0963260502713841,0.0963260502713841,0.0963260502713841,0.0963260502713841,0.0963260502713841,0.0963260502713841,0.0963260502713841,0.0963260502713841,0.0963260502713841,0.0963260502713841,0.0963260502713841,0.0963260502713841,7104.92239309888,7132.06455999969,7132.12409772681,7132.12409798982,7179.42772898282,7185.21188804978,7185.21188804978,7185.21188810697,7185.21188810591,7185.2118880827,7185.2118880827,7185.21188801293,7185.21188799585,7185.21188801186,7185.21188707176,7185.21188706704,7185.21188709373,7185.21188706968
620,"PRT","Portugal",37701.2722298628,37797.5997565401,37797.5997565401,37797.5997565401,37797.5997565401,37797.5997565401,37797.5997565401,37797.5997565401,37814.0581366489,37814.0581366489,37969.2622316535,37969.2622316535,37969.2622316535,37969.2622316535,37969.2622316535,37981.8982824991,37981.8982824989,39139.4770403481,43159.6210801398,43273.5092828609,43311.8343614093,43311.8343614093,49015.1709028832,49015.1709028832,49015.1709028869,49015.1709660757,52023.3157026448,74961.3012364623,74963.7699530843,74976.8931290095,74976.893128687,74976.893128687,74976.893128687
634,"QAT","Qatar",0,0,0,0,0,0,0,0,0,0,0,0,0,0,0,0,0,0,0,0,0,0,0,0,0,0,0,0,0,0,0,0,0
178,"COG","Republic of Congo",0,0,0,0,0,0,0,0,0,0,0,0,0,0,0,0,0,0,0,0,0,0,0,0,0,0,0,0,0,0,0,0,0
642,"ROU","Romania",0,0,0,0,0,0,0,0,0,0,0,72.8684772994554,72.8684772994554,72.8684772994554,72.8684772994554,72.8684772994554,72.8684772994554,76.2759548934266,1526.77365853925,1526.77365853925,3844.1803587886,3844.1803587886,3844.1803587886,3844.18035878708,3992.97309527697,3992.97309527697,3992.97309527697,3992.97309527697,3992.97309527697,6208.6808814561,6208.6808814561,6208.6808814561,6208.6808814561
643,"RUS","Russia",NA,NA,5378.21278881873,5378.21278881873,5422.25146423754,7031.8993120258,7031.8993120258,7031.8993120258,7043.59727666775,7043.59727666775,7043.59727665331,7043.59727665331,7043.59727665331,7044.23551002788,7044.23551002788,7044.23551002788,7044.74789608568,7044.74789608568,7044.95767944933,7044.95767945188,7055.58400885654,7055.63600885654,7055.63600887098,7055.63600885654,7055.63600400586,7055.63600401664,7055.63600401664,7059.80393386903,7200.45931765084,7200.45931765084,7200.45931765084,7200.45931765084,7200.45931765084
646,"RWA","Rwanda",0,0,0,0,0,0,0,0,0,0,0,0,0,0,0,0,0,0,0,0,0,0,0,0,0,0,0,0,0,0,0,0,0
652,"BLM","Saint Barthelemy",0,0,0,0,0,0,0,11.104236661134,11.104236661134,11.104236661134,11.104236661134,11.104236661134,11.104236661134,11.104236661134,11.104236661134,11.104236661134,11.104236661134,11.104236661134,11.104236661134,11.104236661134,11.104236661134,4133.21603347514,4133.21603347514,4133.21603347514,4133.21603347514,4133.21603347514,4133.21603347514,4133.21603347514,4133.21603347514,4133.21603347514,4133.21603347514,4133.21603347514,4133.21603347514
659,"KNA","Saint Kitts and Nevis",0.0238129272391122,0.0238129272391122,0.0238129272391122,0.0238129272391122,0.0238129272391122,0.0238129272391122,0.0238129272391122,0.0238129272391122,0.0238129272391122,0.0238129272391122,0.0238129272391122,0.0238129272391122,0.0238129272391122,0.0238129272391122,0.0238129272391122,0.0238129272391122,0.0238129272391122,0.0238129272391122,0.0238129272391122,0.0238129272391122,0.0238129272391122,0.0238129272391122,0.0238129272391122,0.0238129272391122,0.0238129272391122,0.0238129272391122,0.0238129272391122,421.673883296013,421.673883296013,421.673883296013,421.673883296013,421.673883296013,421.673883296013
662,"LCA","Saint Lucia",0.411697185659132,1.28512925429821,1.28512925429821,1.28512925429821,1.28512925429821,1.28512925429821,17.7189780513877,17.7189780513877,17.7189780513877,26.3969375489618,26.3969375489618,26.3969375489618,26.3969375489618,27.2469375489621,27.2469375489621,27.2469375489621,27.2469375489621,27.2469375489621,27.246937125655,27.246937125655,27.246937125655,27.246937125655,27.246937125655,27.246937125655,27.246937125655,27.246937125655,27.246937125655,27.246937125655,27.246937125655,27.246937125655,27.246937125655,27.246937125655,27.246937125655
670,"VCT","Saint Vincent and the Grenadines",78.1367430561871,78.1367430561871,78.1367430561871,78.1367430561871,78.1367430561871,78.1367430561871,78.1367430561871,78.1367430561871,78.1367430561871,78.1367430561871,78.1367430561871,78.1367430561871,78.1367430561871,78.1367430561871,78.1367430561871,78.1367430561871,78.1367430561871,78.1367430561871,78.1367430561871,78.1367430561871,78.1367430561871,78.1367430561871,78.1367430561871,78.1367430561871,78.1367430561871,78.1367430561871,78.1367430561871,78.1367430561871,78.1367430561871,78.1367430561871,78.1367430561871,78.1367430561871,78.1367430561871
882,"WSM","Samoa",9.60240308698952,45.12380642623,45.12380642623,45.12380642623,45.12380642623,59.1238064262291,59.1238064262291,64.2871856994283,77.4650615735765,88.6625962212318,101.162794699952,102.027834132575,102.255748741379,102.694906705642,103.251306705642,103.448611484294,103.938611484294,105.118152456,106.510497775631,106.510497775631,106.510497775631,106.510497775631,106.510497775631,106.510497775631,106.510497775631,106.510497775631,106.510497775631,106.510497775631,106.510497775631,106.510497775631,106.510497775631,106.510497775631,106.510497775631
674,"SMR","San Marino",0,0,0,0,0,0,0,0,0,0,0,0,0,0,0,0,0,0,0,0,0,0,0,0,0,0,0,0,0,0,0,0,0
678,"STP","Sao Tome and Principe",0,0,0,0,0,0,0,0,0,0,0,0,0,0,0,0,0,0,0,0,0,0,0,0,0,0,0,0,0,0,0,0,0
682,"SAU","Saudi Arabia",4666.31770525191,4666.31770525191,4666.31770525191,4666.31770525191,4666.31770525191,4666.31770525191,4666.31770525191,4666.31770525191,4666.31770525191,4666.31770525191,4666.31770525191,4666.31770525191,4666.31770525191,4666.31770525191,4666.31770525191,4666.31770525191,4666.31770525191,4666.31770525191,4666.31770525191,4666.31770525191,4666.31770525191,4666.31770525191,4666.31770525191,4666.31770525191,4666.31770525191,4666.31770525191,4666.31770525191,4666.31770525191,4666.31770525191,4666.31770525191,4666.31770525191,4666.31770525191,4666.31770525191
686,"SEN","Senegal",613.388944015654,613.388944015654,613.388944015654,613.388944015654,613.388944015654,613.388944015654,613.388944015654,613.388944015654,613.388944015654,613.388944015654,613.388944015654,613.388944015654,613.388944015654,613.388944015654,613.388944015654,1570.9397916026,1570.9397916026,1570.9397916026,1570.9397916026,1570.9397916026,1570.9397916026,1570.9397916026,1570.9397916026,1570.9397916026,1570.9397916026,2260.16337110146,2260.16337110146,2260.16337110146,2260.16337110146,2260.16337110146,2260.16337110146,2818.88386361718,2818.88386361718
688,"SRB","Serbia",NA,NA,NA,NA,NA,NA,NA,NA,NA,NA,NA,NA,NA,NA,NA,NA,NA,0,0,0,0,0,0,0,0,0,0,0,0,0,0,0,0
690,"SYC","Seychelles",2497.81029859922,2497.81029859922,2499.22175370767,2499.22175370767,2499.22175370767,2499.22175370767,2499.22175370767,2499.22175370767,2500.05815987257,2500.05815987257,2500.05815987257,2500.05815987257,2500.05815987257,2500.05815987257,2500.05815987257,2500.05815987241,2500.05815987241,2500.05815987241,2500.05815987241,2500.05815987241,2500.05815987241,2501.10393824248,2501.10393824248,2501.10393824248,2501.10393824248,2501.10393824248,2501.10393824248,2501.10393824248,2501.10393824248,2501.10393824248,2501.10393824248,440016.699868918,440016.699868918
694,"SLE","Sierra Leone",0,0,0,0,0,0,0,0,0,0,0,0,0,0,0,0,0,0,0,0,0,0,0,918.641253806474,918.641253806474,918.641253806474,918.641253806474,918.641253806474,918.641253806474,918.641253806474,918.641253806474,918.641253806474,918.641253806474
702,"SGP","Singapore",0,0,0,0,0,0,0,0,0,0,0,0,0,0,0,0,0,0,0,0,0,0,0,0,0,0,0,0,0,0,0,0,0
534,"SXM","Sint Maarten",0,0,0,0,0,0,0,0,16.7629053271678,16.7629053271678,16.7629053271678,16.7629053271678,16.7629053271678,16.7629053271678,16.7629053271678,16.7629053271678,16.7629053271678,16.7629053271678,16.7629053271678,16.7629053271678,16.7629053271678,16.7629053271678,16.7629053271678,16.7629053271678,16.7629053271678,16.7629053271678,16.7629053271678,16.7629053271678,16.7629053271678,16.7629053271678,16.7629053271678,16.7629053271678,16.7629053271678
703,"SVK","Slovakia",NA,NA,NA,0,0,0,0,0,0,0,0,0,0,0,0,0,0,0,0,0,0,0,0,0,0,0,0,0,0,0,0,0,0
705,"SVN","Slovenia",0,5.96155015046019,6.16470671854971,6.16470671854971,6.16470671680748,6.16470671680748,6.16470671680748,6.16470671680748,6.16470671680748,6.16470671680748,6.16470671680748,6.16470671680748,6.16470671680748,6.16470671680748,6.16470671680748,8.59116478736647,8.59116478736647,8.59116478736647,8.59116478736647,8.59116478736647,8.59116478736647,8.59116478736647,8.59116478736647,8.59116478053329,10.678084672286,10.678084672286,10.6780844503097,10.6780844503097,10.6780844503097,10.6780844230997,10.6780844230997,10.6780844230997,10.6780844230997
90,"SLB","Solomon Islands",15.0356871592571,15.0356871592571,15.0356871592571,15.0356871592571,15.0356871592571,196.038058998285,347.056715482257,347.056715482257,347.056715482257,370.218831030051,370.218831030051,370.218831030051,370.218831030051,370.218831030051,370.246028743276,371.685928914439,373.213630557092,377.12322459518,1107.39587812278,1238.04575542496,1238.04575542496,1238.04575542496,1238.04575542496,1238.04575542496,1238.04575542496,1238.04575542496,1238.04575542496,1238.04575542496,1238.04575542496,1238.04575542496,1238.04575542496,1238.04575542496,1238.04575542496
706,"SOM","Somalia",0,0,0,0,0,0,0,0,0,0,0,0,0,0,0,0,0,0,0,0,0,0,0,0,0,0,0,0,0,0,0,0,0
710,"ZAF","South Africa",823.727315747628,823.726914859346,823.726914859346,823.726914790811,823.726914790811,823.726914790811,823.726914790811,823.726914790811,823.726914790811,823.726914790811,823.726914790811,1955.83740595186,2067.59593603175,2067.59593603175,2067.59593603175,4257.9061808835,4257.9061808835,4257.9061808835,4257.9061808835,4288.93382592747,4288.93382592747,4288.93382592747,4534.91970220108,4534.91970220108,174470.749866991,174470.749866991,174470.749866991,174470.749866991,174470.749866991,174470.749866991,227749.035089938,227749.035089938,227749.035089938
410,"KOR","South Korea",5125.31625241303,5125.31625241303,5125.31625239967,5125.31625239967,5125.31625239872,5125.31625239967,5125.31625239872,5125.31625239967,5138.09061929887,5138.09061929887,5171.63209224285,5628.51214517702,5628.51284825459,5639.46924741513,5829.10420207701,5903.81122777164,5903.85068974452,5908.35388500302,5972.79653371415,6230.49278218067,6236.66575332254,6255.9360014398,6262.77870283515,6332.59617090028,6341.07431437277,6376.30990988254,6376.43875565651,6463.7307419288,6472.62049790807,7459.49863920602,7461.61259563896,7461.7587698665,7461.7587698665
728,"SSD","South Sudan",NA,NA,NA,NA,NA,NA,NA,NA,NA,NA,NA,NA,NA,NA,NA,NA,NA,NA,NA,NA,NA,NA,0,0,0,0,0,0,0,0,0,0,0
724,"ESP","Spain",45137.6584280557,45137.6584271105,46037.7968475426,46357.7765020754,46357.7765020754,46503.0971125884,46642.2537979499,46651.0162384478,46667.5402510878,46669.9957096704,46674.4143793599,46674.4167318568,46854.2147721665,46902.5675631731,47275.7559631557,47371.3142503901,47372.3690538705,47988.8423282905,48034.5070362724,50430.418769836,50467.6599498427,50539.8134345421,52227.023102314,52463.4678459089,52463.8790531424,82087.4558563642,82195.4340578179,83792.2159355148,83792.2159354621,127135.758073689,127187.361058638,127202.948479503,127202.948479503
144,"LKA","Sri Lanka",7.8292453978378,7.8292453978378,7.8292453978378,310.863759971649,310.863759971649,310.863759971649,310.863759971649,310.863759971649,310.863759971649,310.863759971649,310.863759971649,310.863759971649,311.145004949144,313.399284064482,315.679615572292,315.679615572292,315.679615572292,315.679615572292,315.679615572292,315.679615572292,315.679615572292,393.820916624955,393.820916624955,393.820916624955,393.820916624955,393.820916624955,393.820916624955,393.820916624955,393.820916624955,393.820916624955,393.820916624955,393.820916624955,393.820916624955
275,"PSE","State of Palestine",0,0,0,0,0,0,0,0,0,0,0,0,0,0,0,0,0,0,0,0,0,0,0,0,0,0,0,0,0,0,0,0,0
729,"SDN","Sudan",0,0,12.0000000000001,12.0000000000001,12.0000000000001,12.0000000000001,12.0000000000001,12.0000000000001,12.0000000000001,12.0000000000001,12.0000000000001,12.0000000000001,12.0000000000001,12.0000000000001,12.0000000000001,12.0000000000001,12.0000000000001,12.0000000000001,12.0000000000001,12.0000000000001,8871.80940155285,8871.80940155285,8871.80940155285,8871.80940155285,8871.80940155285,8871.80940155285,8871.80940155285,8871.80940155285,8871.80940155285,8871.80940155285,8871.80940155285,8871.80940155285,8871.80940155285
740,"SUR","Suriname",0,0,0,0,0,0,0,0,0,0,0,0,0,0,0,0,0,0,0,0,0,0,0,0,0,0,0,0,0,0,0,0,0
752,"SWE","Sweden",1527.15880528003,1527.3143096656,1530.91566237995,1545.19982553148,1588.81319593651,1686.21280004751,1817.27624438354,2633.89413837137,2815.78603034639,3000.08321435347,3024.05496389034,3215.46693877123,3234.46452021208,3382.07425236177,3405.1545659632,3604.45738933566,4589.81990422136,5386.49674976225,5626.75795385754,8529.09385140137,8548.79187634868,8567.99054506174,9446.02962464603,10675.8593169589,10721.3578622136,11134.4242795807,11156.7958240976,20791.6465271462,22089.8104062349,22245.5614626016,22341.7295923184,22937.536133686,22942.6219648327
756,"CHE","Switzerland",0,0,0,0,0,0,0,0,0,0,0,0,0,0,0,0,0,0,0,0,0,0,0,0,0,0,0,0,0,0,0,0,0
760,"SYR","Syria",0,0,0,0,0,0,0,11.9301235334631,11.9301235334631,11.9301236224154,24.3169160791649,24.3169160791649,24.3169160791649,24.3169160791649,24.3169160791649,24.3169160791649,24.3169160791649,24.3169160791649,24.3169160791649,24.3169160791649,24.3169160791649,24.3169160791649,24.3169160791649,24.3169160791649,24.3169160791649,24.3169160791649,24.3169160791649,24.3169160791649,24.3169160791649,24.3169160791649,24.3169160791649,24.3169160791649,24.3169160791649
158,"TWN","Taiwan",0,0,0,0,0,0,0.00748276578279988,0.0074827680106645,0.0074827680106645,0.0074827680106645,0.0074827680106645,0.0074827680106645,14.0286512210983,16.4159980596651,16.4159980596651,16.4159980596651,16.4159980596651,16.4159980596651,3617.25723901726,3617.25723901726,3617.25723910822,3617.25723910822,3617.25723910822,3617.25723910822,3617.25723910822,3620.3248302495,3620.3248302495,3620.3248302495,3620.3248302495,3620.3248302495,3620.3248302495,3620.3248302495,3620.3248302495
762,"TJK","Tajikistan",NA,NA,0,0,0,0,0,0,0,0,0,0,0,0,0,0,0,0,0,0,0,0,0,0,0,0,0,0,0,0,0,0,0
834,"TZA","Tanzania",855.75924279622,855.75924279622,855.75924279622,855.75924279622,855.75924279622,856.380715888988,856.380715888988,856.380715888988,1329.91428739404,1329.91428739404,1329.91428739404,2321.6511079313,2321.6511079313,2321.6511079313,2321.6511079313,2321.6511079313,2321.6511079313,2321.6511079313,2321.6511079313,2321.6511079313,2321.6511079313,2322.27176510695,2322.27176510695,2322.27176510695,2322.27176510695,2322.27176510695,2322.27176510695,2322.27176510695,2322.27176510695,2322.27176510695,2322.27176510695,2322.27176510695,2322.27176510695
764,"THA","Thailand",3797.68131908821,3906.8353938641,3906.8353938641,3921.96142458589,3921.96142458589,3921.96142458589,3921.96142458589,3921.96142458589,3921.96142458589,3986.93785293326,4335.08991772077,4335.08991772077,4340.91600010816,4680.63137496345,4680.63137496345,4680.63137496345,4680.63137496345,4680.63137496345,4680.63137496345,4683.43673189442,4704.8027312284,4704.8027312284,4727.30032169148,4727.30032169148,4730.56876751681,4730.56876751681,7878.65950141493,10373.7920005758,12559.3138291617,13164.5708157128,13164.5708157128,13164.5708157128,13391.3899283278
626,"TLS","Timor-Leste",NA,NA,NA,NA,NA,NA,NA,NA,NA,NA,NA,NA,NA,0,0,0,0,0,0,565.209725878881,565.209725878881,565.209725878881,565.209725878881,565.209725878881,565.209725878881,565.209725878881,565.209725878881,566.519926288916,566.519926288916,566.519926288916,566.519926288916,566.519926288916,566.519926288916
768,"TGO","Togo",0,0,0,0,0,0,0,0,0,0,0,0,0,0,0,0,0,0,0,0,0,0,0,0,0,0,0,0,0,0,0,0,0
776,"TON","Tonga",252.708094291487,252.708094291487,252.708094291487,252.708094291487,252.708094291487,252.708094291487,252.708094291487,252.708094291487,252.708094291487,252.708094291487,252.708094291487,252.708094291487,252.708094291487,252.708094291487,252.708094291487,252.708094291487,252.708094291487,300.877163440409,311.988976255561,345.130966685799,345.130966685799,345.130966685799,345.130966685799,345.130966685799,345.130966685799,345.130966685799,345.130966685799,345.130966685799,345.130966685799,345.130966685799,345.130966685799,345.130966685799,345.130966685799
780,"TTO","Trinidad and Tobago",0,0,0,0,0,0,0,0,0,0,0,0,0,0,0,0,33.8320339831007,33.8320339831007,33.8320339831007,33.8320339831007,33.8320339831007,33.8320339831007,33.8320339831007,33.8320339831007,33.8320339831007,33.8320339831007,33.8320339831007,33.8320339831007,33.8320339831007,33.8320339831007,33.8320339831007,33.8320339831007,33.8320339831007
788,"TUN","Tunisia",360.62638234961,360.62638234961,360.62638234961,360.62638234961,360.62638234961,360.62638234961,360.62638234961,360.62638234961,360.62638234961,360.62638234961,360.62638234961,360.62638234961,442.904057476814,442.904057476814,442.904057476814,442.904057476814,442.904057476814,442.904057476814,617.920547437187,617.920547437187,617.920547437187,617.920547437187,617.920547437187,988.026514740836,988.026514740836,988.026514740836,988.026514740836,988.026514740836,988.026514740836,988.026514740836,988.026514740836,988.026514740836,988.026514740836
792,"TUR","Turkey",0,0,0,0,0,0,0,0,0,0,0,0,0,0,0,0,0,0,0,0,0,0,0,0,0,0,0,0,0,0,0,0,0
795,"TKM","Turkmenistan",NA,NA,0,0,0,0,0,0,0,0,0,0,0,0,0,0,0,0,0,1880.1705704224,1880.1705704224,1880.1705704224,1880.1705704224,1880.1705704224,1880.1705704224,1880.1705704224,1880.1705704224,1880.1705704224,1880.1705704224,1880.1705704224,1880.1705704224,1880.1705704224,1880.1705704224
796,"TCA","Turks and Caicos Islands",27.9530809325007,27.9530809325007,27.9530809325007,62.3041659171386,62.3041659171386,62.3041659171386,62.3041659171386,62.3041659171386,62.3041659171386,62.3041659171386,62.3041659171386,62.3041659171386,62.3041659171386,62.3041659171386,62.3041659171386,62.3041659171386,62.3041659171386,62.3041659171386,62.3041659171386,62.3041659171386,62.3041659171386,62.3041659171386,62.3041659171386,62.3041659171386,62.3041659171386,62.3041659171386,62.3041659171386,62.3041659171386,62.3041659171386,62.3041659171386,62.3041659171386,62.3041659171386,62.3041659171386
798,"TUV","Tuvalu",0,0,0,0,0,0,0,39.2234298203869,39.2234298203869,39.2234298203869,39.2234298203869,39.2234298203869,39.2234298203869,39.2234298203869,39.2234298203869,39.2234298203869,39.2234298203869,39.2234298203869,39.2234298203869,39.2234298203869,39.2234298203869,39.2234298203869,39.2234298203869,39.2234298203869,39.2234298203869,39.2234298203869,39.2234298203869,39.2234298203869,39.2234298203869,39.2234298203869,39.2234298203869,39.2234298203869,39.2234298203869
800,"UGA","Uganda",0,0,0,0,0,0,0,0,0,0,0,0,0,0,0,0,0,0,0,0,0,0,0,0,0,0,0,0,0,0,0,0,0
804,"UKR","Ukraine",NA,NA,8071.68392687894,8071.6839268672,8071.70039663795,8071.700396553,9436.1009719636,9436.13692179384,9436.24226629268,9436.24226630659,9436.24226630659,9436.24226630659,9436.24226630659,9436.24226630659,9436.24226630659,9442.49834034265,9442.49834037155,9442.4983404272,9442.4983404272,9442.4983404272,9442.4983404272,9442.4983404272,9442.4983404272,9442.4983404272,9442.4983403716,9442.4983403716,9442.4983403716,9442.49834042724,9442.49834042724,9442.49834042724,9442.49834042724,9442.49834042724,9442.49834042724
784,"ARE","United Arab Emirates",0,0,0,0,0,0,2.92187361645972,2.92187361645972,2.92187361645972,2.92187361645972,2.92187361645972,2.92187361645972,3837.09110631686,3837.09110631686,3837.09110631686,3837.09110631686,6002.79344093808,6002.79344093808,6002.79344093808,6002.79344093808,6002.79344093808,6002.79344093808,6002.79344093808,6002.79344093808,6002.79344093808,6061.64281849693,6061.64281849693,6170.60248273468,6225.1775316752,6227.82498045241,6227.82498045241,6227.82498045241,6227.82498045241
826,"GBR","United Kingdom",2126.02562737254,2478.17395223319,2537.77831048089,2554.50493372704,2663.14826156845,2772.45300820636,2794.55523578029,2838.69350789215,2854.32267490871,2977.29147214216,3002.30183936205,3051.37040996993,3071.67221386484,3083.96113787699,3095.80380806476,3295.7829462991,12919.5587834814,12919.6021986079,12919.6021986099,19119.8562583579,19119.9166433845,19119.9223226242,52918.5565491341,1292116.4988463,1301039.19590579,1360306.14428458,1360926.62190608,2216078.1083412,2268077.81721898,2270655.47867621,2829240.99586671,3518159.88685838,3518159.88685838
840,"USA","United States of America",89935.7205010858,94069.7619567012,94069.7619566549,115738.582627862,115951.248550998,124271.094025674,124271.094025781,124271.095314167,124304.06989789,124532.790730594,124538.868548593,124614.057766576,126915.267466608,126915.918745648,127065.960318743,127068.027194499,127069.86106694,1634810.42579501,1634867.65938961,1634867.7817543,1843280.49103177,1843541.82586877,1843659.38882955,1844477.64155556,1848290.29903695,1848290.68493508,1848290.68493511,1860866.86625936,1860866.86625962,1860866.86625955,1860912.71583326,1860912.71583326,1860912.71583326
858,"URY","Uruguay",0,0,0,0,0,0,0,0,0,0,0,0,0,0,0,0,0,0,0,0,198.483235849579,198.483235849579,268.634744156423,268.634744156423,268.634744156423,556.107216447718,556.107216447718,556.107216447718,603.021391025002,603.021391025002,603.021391025002,603.021391025002,603.021391025002
860,"UZB","Uzbekistan",NA,NA,0,0,0,0,0,0,0,0,0,0,0,0,0,0,0,0,0,0,0,0,0,0,0,0,0,0,0,0,0,0,0
548,"VUT","Vanuatu",35.0118735178742,35.0118735178742,35.6917473774887,35.6917473774887,35.8566690373816,42.2784246666444,43.061826773416,43.061826773416,43.061826773416,43.061826773416,43.061826773416,43.061826773416,47.7672772169569,47.7672772169569,47.7672772169569,47.7672772169569,47.7672772169569,47.7672772169569,47.7672772169569,47.7672772169569,47.7672772169569,47.7672772169569,47.7672772169569,47.7672772169569,47.7672772169569,47.7672772169569,47.7672772169569,47.7672772169569,47.7672772169569,47.7672772169569,47.7672772169569,47.7672772169569,47.7672772169569
862,"VEN","Venezuela",5266.51378138451,5266.51378138451,5266.51378138451,5266.51378138451,5266.51378138451,5266.51378138451,5266.51378138451,5266.51378138451,5266.51378138451,5266.51378138451,5486.67238761065,5486.67238761065,5486.67238761065,5486.67238761065,5486.67238761065,5486.67238761065,5486.67238761065,5486.67238761065,5486.67238761065,5486.67238761065,5486.67238761065,5486.67238761065,5486.67238761065,5486.67238761065,5486.67238761065,5486.67238761065,5486.67238761065,5486.67238761065,5486.67238761065,5486.67238761065,5486.67238761065,5486.67238761065,5486.67238761065
704,"VNM","Viet Nam",486.592401731889,486.592401731889,486.592401731889,486.592401731889,486.592401731889,486.592401731889,486.592401748123,486.592401748123,486.592401731889,486.592401731889,599.644290836853,599.644290836853,599.644290836853,2653.62636666369,2653.62636685415,2653.62636685415,2653.62636631856,2653.62636631856,2653.62636685415,2653.62636685415,2653.62636631856,2653.62636631856,2653.62636685415,2653.62636685415,2863.87285510502,2863.87285462345,2863.87285510502,2863.87285510502,2863.87285510502,2863.87285510502,2863.87285510502,2863.87285510502,2863.87285510502
876,"WLF","Wallis and Futuna Islands",0,0,0,0,0,0,0,0,0,0,0,0,0,0,0,0,0,0,0,0,0,0,0,0,0,0,0,0,0,0,0,0,0
732,"ESH","Western Sahara",0,0,0,0,0,0,0,0,0,0,0,0,0,0,0,0,473.575387716945,473.575387716945,473.575387716945,473.575387716945,473.575387716945,473.575387716945,473.575387716945,473.575387716945,473.575387716945,473.575387716945,473.575387716945,473.575387716945,473.575387716945,473.575387716945,473.575387716945,473.575387716945,473.575387716945
887,"YEM","Yemen",0,0,0,0,0,0,0,1309.73222697922,1309.73222697922,1309.73222697922,1309.73222697922,1309.73222697922,1309.73222697922,1309.73222697922,1309.73222697922,1309.73222697922,1309.73222697922,1309.73222697922,1313.54530229695,1313.54530229695,1313.54530229695,1313.54530229695,1313.54530229695,1313.54530229695,1313.54530229695,1313.54530229695,1313.54530229695,1313.54530229695,1313.54530229695,1313.54530229695,1313.54530229695,1313.54530229695,1313.54530229695
894,"ZMB","Zambia",0,0,0,0,0,0,0,0,0,0,0,0,0,0,0,0,0,0,0,0,0,0,0,0,0,0,0,0,0,0,0,0,0
716,"ZWE","Zimbabwe",0,0,0,0,0,0,0,0,0,0,0,0,0,0,0,0,0,0,0,0,0,0,0,0,0,0,0,0,0,0,0,0,0
