"code","iso","country","GRL.raw.1997","GRL.raw.1998","GRL.raw.1999","GRL.raw.2000","GRL.raw.2001","GRL.raw.2002","GRL.raw.2003","GRL.raw.2004","GRL.raw.2005","GRL.raw.2006","GRL.raw.2007","GRL.raw.2008","GRL.raw.2009","GRL.raw.2010","GRL.raw.2011","GRL.raw.2012","GRL.raw.2013","GRL.raw.2014","GRL.raw.2015","GRL.raw.2016","GRL.raw.2017","GRL.raw.2018","GRL.raw.2019","GRL.raw.2020"
4,"AFG","Afghanistan",1.00187474286242e-05,1.15777256898725e-05,1.13666996223303e-05,1.13666996223303e-05,2.05478793773743e-06,2.05478793773743e-06,0,0,0,0,0,0,0,1.52776159641463e-05,1.52776159641463e-05,1.98416619599638e-05,2.63320606058551e-05,0.000336192526965295,0.000325554304521272,0.000325554304521272,0.000511849159272155,0.0012286254765734,0.00091876501021396,0.000914125616693835
8,"ALB","Albania",9.9183285761953e-06,9.9183285761953e-06,0,0.000334651833564912,0.000436917736608954,0.000436917736608954,0.000505641329739141,0.000614228676472093,0.000279576842907181,0.000216495115856765,0.000325342313072707,0.00129679327577723,0.00141206868222299,0.00141206868222299,0.00137288450622936,0.00126403730901342,0.000223862753178715,0,0.000139926564653384,0.00250403036622686,0.00310716683650966,0.0048688415913839,0.00571923238417241,0.00670922754331549
12,"DZA","Algeria",0.000242407483671752,0.000242407483671752,0.000242407483671752,0,0,0,0.000980891959826191,0.000980891959826191,0.000980891959826191,0.000980891959826191,0.000980891959826191,0,0.000492194763801689,0.000492194763801689,0.000492194763801689,0.000492194763801689,0.000492194763801689,0,0.00048504377668459,0.00048504377668459,0.00048504377668459,0.00048504377668459,0.000727530435949724,0.000242486659265134
20,"AND","Andorra",0,0,0,0,0,0,0.000174728330640415,0.000174728330640415,0.000174728330640415,0.000174728330640415,0.000524060447693326,0.000349332117052913,0.000524239357630688,0.000524239357630688,0.00279815002505274,0.00244881790799982,0.00244881790799982,0.00227391066742204,0.00227391066742204,0,0,0,0,0
24,"AGO","Angola",7.95355985928525e-05,7.76173002965398e-05,7.54481476076482e-05,7.54481476076482e-05,0,0,0.000268288205334807,0.000758515073454148,0.000843159954248298,0.00101347053808579,0.00119276218843739,0.00129947418404465,0.00216371259167641,0.00266993221557895,0.0028751720980002,0.00343397705818504,0.00329109952731416,0.00203697600860043,0.00145066547595389,0.00134201727288807,0.000773919853783217,0.000620640504898689,0.000803919718513577,0.00123198073138401
660,"AIA","Anguilla",0.000564992242705713,0.00112999350556027,0.00169508484718054,0.00282514143242147,0.00282514143242147,0.00226014918971576,0.00169514792686121,0.00113005658524094,0,0,0,0,0,0,0,0,0.000565019303152322,0.00113003854494312,0.00113003854494312,0.00113003854494312,0.00113003854494312,0.000565019241790803,0,0
28,"ATG","Antigua and Barbuda",0.000875562357439551,0.00102153934451352,0.00102153918701351,0.00131340149616016,0.00131337976115984,0.00102153934451352,0.00423216476262848,0.00583744148293545,0.0055455791737888,0.00583733265043389,0.00627505854665289,0.00393675193093139,0.00422465327252178,0.00451647620666785,0.00422471202002261,0.00393288010837638,0.00378963354134123,0.00175053975987081,0.00175055503737101,0.00160460214779738,0.00145870816322461,0.00029183821164628,0.00029183821164628,0
32,"ARG","Argentina",2.36542743760881e-06,1.31849428328981e-06,0,0,0,0,0,0,0,0,0,0,0,0,8.03933629226971e-05,0.000204866470409473,0.000212477031140914,0.000212477031140914,0.000214460148478572,0.000368263615406782,0.000335433097414486,0.000327822536683045,0.000327822536683045,0.00036702071989594
51,"ARM","Armenia",0,0,0,0,0,0,0,0,0.000642803107382743,0.00145008131034964,0.00167263550305875,0.00240927579258695,0.00240927579258695,0.0017664726852042,0.000997796011259908,0.00274507599894332,0.00203782366995143,0.0020923993984257,0.00211214445314374,0.00381638134184185,0.0019346767413632,0.00240017978233686,0.0034800130594532,0.00436451789871781
533,"ABW","Aruba",0,0.000884780777732364,0.000884780777732364,0.000884780777732364,0.000884780777732364,0.000884780777732364,0,0,0,0,0,0,0.00088479994604673,0.00088479994604673,0.00353923765329568,0.00619402693548081,0.0345124041035006,0.0761046970131431,0.0796442004982323,0.0769897627909833,0.0982260713882567,0.0761027375719488,0.0371652150473386,0.0336257115622495
36,"AUS","Australia",0.0011309928481968,0.00164612972029202,0.00164583628697814,0.00107077596114303,0.000515402001096775,0.000515402001096775,0,0,0.000461960772303623,0.00092950663033789,0.00124614840547886,0.00173682479834511,0.00173682479834511,0.0016542064812136,0.00118666062317933,0.000870018848038361,0.000379342455172111,0.000379342455172111,3.65448083226524e-07,3.65448083226524e-07,3.65448083226524e-07,3.65448083226524e-07,3.65448083226524e-07,0
40,"AUT","Austria",7.66114596340867e-05,4.23002088257561e-05,0,0,0,0,0,0,0,1.46107824393476e-05,1.46107824393476e-05,1.46107824393476e-05,1.46107824393476e-05,1.46107824393476e-05,0,0,0,0,0,0,0,0,0,0
31,"AZE","Azerbaijan",1.26407596014077e-05,4.1921990388708e-06,0,0,0,0,0,0,0,7.43444710264246e-05,7.43444710264246e-05,7.43444710264246e-05,7.43444710264246e-05,7.43444710264246e-05,0,0.00024469638740108,0.00024469638740108,0.000391644748954189,0.000408545966784646,0.00292265045730399,0.00301325890651891,0.00367158411812031,0.00385204595335254,0.00420976490388283
44,"BHS","Bahamas",0.000213302383557637,0.000326451302281438,0.00148257509074608,0.00138509620318679,0.0017949266199689,0.00174343762443893,0.00176516925053688,0.000592983003529718,0.000592983003529718,0.000312161532929351,0.000312161532929351,0.000161219443887927,0.000225022357036683,0.000225022357036683,6.38029131487564e-05,6.38029131487564e-05,6.38029131487564e-05,0,0,0,8.17841696771881e-05,8.17841696771881e-05,8.17841696771881e-05,8.17841696771881e-05
48,"BHR","Bahrain",NA,NA,NA,NA,NA,NA,NA,NA,NA,NA,NA,NA,NA,NA,NA,NA,NA,NA,NA,NA,NA,NA,NA,NA
50,"BGD","Bangladesh",0.0464170471511324,0.051535477867522,0.0562260793910225,0.0224441609927903,0.0324882336722719,0.0341166973400754,0.0357677233230734,0.0323685607348756,0.0277663789125192,0.0156091635204829,0.00971864085276238,0.00292523251667128,0.00159789736658102,0.00143411507376379,0,0,0,0.0002899127892473,0.0002899127892473,0.000646002047007022,0.000646002047007022,0.000646002047007022,0.000449503056457916,0.000568940470573602
52,"BRB","Barbados",0.0222245517859329,0.0222245517859329,0.00555604410794935,0.00555604410794935,0.00555610671600703,0.00555610671600703,0.00555610671600703,0.011110582621563,0.0222227335043615,0.0222211026939104,0.0333333160082402,0.0388884202303755,0.0388891112138547,0.0555548609009794,0.0555555519433008,0.049999445344978,0.0499995707964621,0.044444403907427,0.0166665033375038,0.0111113363896264,0.00555522967361939,0,0,1.7652648010432e-10
112,"BLR","Belarus",2.15905924990828e-05,1.80714473118655e-05,0,0,6.88521828960437e-05,0.000252692974398999,0.000346915078169174,0.000346915078169174,0.000367031094289219,0.000303341189356946,0.000140866842936527,0.000864789328024807,0.000864789328024807,0.000844673311904758,0.000839511033940992,0.000818144588858453,0,0,1.07960341834352e-05,1.07960341834352e-05,1.07960341834352e-05,1.07960341834352e-05,0.000247576202357956,0.000236780168174522
56,"BEL","Belgium",0.000131405641274659,0.000108084218218736,0,0,0,0,0.00026449330938072,0.000378011025476265,0.000378011025476265,0.000378011025476265,0.000378011025476265,0.000113517716095544,0,0,0,0,0,8.8311711502548e-05,9.11918976905466e-05,0.00120870252162271,0.00154488026949475,0.00212175450175739,0.00297627877766206,0.00303242186274634
84,"BLZ","Belize",0,0,0,0,0,0,0,0,0,0,0,0,0,0,0,0,0,0,0,0,0,0,0,0
204,"BEN","Benin",0.0540189728781813,0.0520895400166073,0.0491951068363656,0.0492164775634132,0.0530738993049808,0.0058194586353881,0.00679569756837869,0.00968990946833517,0.0135272449903686,0.0164218758102675,0.0193046465478084,0.0202579054881189,0.0231518955067573,0.0202578568044527,0.0173644284510743,0.0192799060295454,0.0202440588918016,0.0163839134694033,0.0163831904869087,0.0125227904870017,0.00771391330455999,0.00482026256900269,0.00289220607280612,0.00389633587815743
60,"BMU","Bermuda",NA,NA,NA,NA,NA,NA,NA,NA,NA,NA,NA,NA,NA,NA,NA,NA,NA,NA,NA,NA,NA,NA,NA,NA
64,"BTN","Bhutan",0.0016548128621892,0.00170345688734297,0.001699701762484,0.000412069048881049,0.000142131966566908,0.000142131966566908,0.000138140197892118,0.000138140197892118,7.44962113805597e-05,4.46522564789806e-05,8.19781506822948e-05,4.10808887995869e-05,4.10808887995869e-05,0.000100353955480402,0.000141167328215912,0.000103841434012598,0.000100086439416325,0.000118787119265864,5.95140525850491e-05,7.07958836767754e-05,0.000163701160252354,0.000598459878721187,0.000865179039348796,0.000909749621145645
68,"BOL","Bolivia",8.11483192530817e-06,0.000218722341577547,0.000210607509652239,0.000210607509652239,0.000210607509652239,0.000210607509652239,0,0,0,0,0,0,0,0,0,0.000394490887396303,0.000394490887396303,0.000394490887396303,0.000408047679876068,0.00319469174001362,0.00316140103484409,0.00316140103484409,0.00433010255679406,0.00471883894634361
70,"BIH","Bosnia and Herzegovina",4.08571504813134e-05,2.17608445231837e-05,0,0,0,0,0,0,8.27046830781943e-05,0.000407989709952089,0.000438152993670742,0.000438152993670742,0.000892523952210568,0.000950398877997649,0.000719846323968336,0.000689683040249683,0.000861075254642834,0.00163352546500678,0.0015695524029921,0.00147481993014752,0.00147481993014752,0.00130342771575437,0.000239061343246393,0.000194093081284522
72,"BWA","Botswana",0.000784739037766776,0.000771147441708085,0.00233173630811614,0.00691196134341642,0.00718459931839298,0.00877171821851305,0.0103205306644758,0.0128472161628734,0.00839760384914166,0.00773495672369133,0.00678019562717529,0.00615899674901115,0.00238613152788635,0.00246050703031744,0.00242512899851989,0.001847927050996,0.00110979276140816,0.000785126580046357,0.000591107686317619,0.000607738474646799,0.000512430080515954,0.000322950802305247,0.000456547849375031,0.000625567675140818
76,"BRA","Brazil",6.45191296735933e-06,6.45191296735933e-06,0,0,0,0,0,0,0,0,0,0,0,0,0,0,0,4.56421119214328e-05,5.42015914642711e-05,0.000250509528330183,0.000479680463453631,0.00103411253151361,0.00208885219953229,0.00261745249254639
92,"VGB","British Virgin Islands",0,0,0,0,0,0,0,0,0.00247329735202868,0.00247329735202868,0.00494659470405738,0.00494659470405738,0.00494659470405738,0.00247329735202871,0.00247329735202871,0,0,0,0,0,0,0,0,0
96,"BRN","Brunei Darussalam",NA,NA,NA,NA,NA,NA,NA,NA,NA,NA,NA,NA,NA,NA,NA,NA,NA,NA,NA,NA,NA,NA,NA,NA
100,"BGR","Bulgaria",3.86145452473728e-05,1.53763810475065e-05,0,0,0,0,0.000555954244284776,0.000619196791366225,0.000695280587222217,0.00154399282315568,0.00305189691219144,0.00373978001897099,0.00456407534960235,0.00451063612546443,0.00377117045708331,0.00233278116881095,0.00108894381774662,0.000528526718625166,0.000598722840299216,0.000942230631438548,0.00118101929991802,0.00118101929991802,0.000853898521326662,0.000761057827934534
854,"BFA","Burkina Faso",0.00100702213292108,0.00253180098530214,0.00313728534688548,0.00335341069564384,0.00299810937133208,0.00293493777668109,0.00162400850001267,0.00136803146685024,0.000915935164453804,0.00109023930577274,0.00088246035195425,0.000895546858583935,0.000538353655894954,0.000605330109332871,0.000447827424343168,0.000447827424343168,0.000208936815128588,0.00028018805338525,0.000214134588421077,0.000427530154805818,0.000793478175961526,0.00177595918613829,0.00264800446761846,0.00269975070944347
108,"BDI","Burundi",0,0,0,7.09457386971779e-05,0.000816025236701381,0.00125357729054711,0.00151368144063758,0.00266652673538281,0.00315142338389483,0.00259548292794358,0.00245352087771613,0.00253043066237887,0.00186244694358619,0.00130660455637699,0.00111746551432404,0.000833711888504898,0.000538081313145339,0.000112342112821097,0.00014190327008423,0.00121198813955022,0.00133023692354009,0.00152534881024949,0.00201013180900435,0.00235294298120861
132,"CPV","Cabo Verde",0,0,0,0,0,0,0,0,8.81361197919352e-05,8.81361197919352e-05,8.81361197919352e-05,8.81361197919352e-05,8.81361197919352e-05,0,0,0,8.86216629630279e-05,8.86216629630279e-05,0.000176853750053621,0.000176853750053621,0.000176853750053621,8.8232087090593e-05,0.000265909310753467,0.000177677604108066
116,"KHM","Cambodia",0.000185417467240027,0.000185417467240027,0.000185417467240027,0.000185417467240027,0.000733567730758757,0.00357669512807883,0.0124550430454644,0.0158145105294808,0.0166853669777183,0.01600207008366,0.0131589426863399,0.00463548374428044,0.00127601626026403,0.000405159812026538,0.000354888975326103,0.000354888975326103,0,0,0,0.00155944442265555,0.00266759781896096,0.00266759781896096,0.00266759781896096,0.00266759781896096
120,"CMR","Cameroon",0.00136982573768176,0.00126644399012045,0.00123538265413379,5.15914805028224e-05,1.01775076902326e-05,0,0,0,0.000144907691691758,0.000423582571232801,0.000496106479437694,0.00201692757312712,0.0027650164043638,0.00356957753086151,0.00516315568144633,0.00543966831562492,0.00598701141426656,0.0117480805521031,0.0107986117339137,0.010052652498659,0.0101160688354279,0.00813097729850458,0.00162181932943134,0.00181789159759578
124,"CAN","Canada",0.000917900505605165,0.000915719370023694,0.000913849645710408,0,6.34102712122977e-05,9.79914159695792e-05,0.000191677950262007,0.000191677950262007,0.000578992217261347,0.000703980987835507,0.000918686532109953,0.000987926821057062,0.00112454563376378,0.000737231366764445,0.000548832324977987,0.000299545635946263,0.000136618812706722,0,0,0.000110978949837038,0.000392707789520983,0.000392707789520983,0.000392707789520983,0.000455679889914679
136,"CYM","Cayman Islands",0,0,0,0,0,0,0,0,0,0,0,0,0,0,0,0,0,0,0,0,0,0,0,0
140,"CAF","Central African Republic",0,0,0,0,0,0,0,0,0,0,0,0,0,0,0.0037840159498321,0.0037840159498321,0.0037840159498321,0.00492000648432541,0.00492000648432541,0.00113599053449331,0.00113599053449331,0.00113599053449331,0,0.0011373199648669
148,"TCD","Chad",0.00115708166791965,0.00221698834837478,0.00411355488855111,0.010223871324292,0.0098054167673544,0.00961969273581089,0.00875367452288099,0.00709498765720534,0.000593641648776452,0.00121484868445893,0.00113935651376753,0.00169503638200398,0.00172514780400609,0.00164325189540508,0.00103030839502565,0.00103030839502565,0.000458165418986778,0.000255106033515966,0.000256056727294576,0.000401504127146991,0.000613279807048772,0.00218969731313542,0.00598641632609339,0.00623067162928953
152,"CHL","Chile",0.000205291742561124,0.000204723942085529,0.000200496330666531,3.06369033576587e-05,3.06369033576587e-05,0.000168648972306785,0.000239147439998449,0.000239147439998449,0.000239147439998449,0.000396137561894586,0.000227488589587802,0.000274718839808331,0.000491035374937335,0.000584972176589203,0.000427982054693065,0.000427982054693065,0.000359209353784212,0.000166324582792124,7.23877811402554e-05,7.23877811402554e-05,7.23877811402554e-05,2.34317641369154e-05,0,0
156,"CHN","China",0.000984279836105801,0.000981651877536243,0.00095842940467975,0.000489704299457757,0.000261826821112675,8.74650941345786e-05,6.47852538399333e-05,6.47852538399333e-05,0,0,0,2.70318283287882e-05,0.000137590175257588,0.000148153743410525,0.000148153743410525,0.000148153743410525,0.00019209528921836,8.15369422895606e-05,8.54065138523517e-05,0.000310802676619892,0.000562536883597211,0.00118546760215919,0.00172717927048307,0.00205034840640249
170,"COL","Colombia",1.66690314332704e-05,1.66690314332704e-05,0,0.000274778620601059,0.000274778620601059,0.000274778620601059,0.000274778620601059,0.000274778620601059,0,0,0,4.52607512992952e-05,4.52607512992952e-05,4.52607512992952e-05,7.59544332266458e-05,7.59544332266458e-05,4.81885044925586e-05,0.000353779305558897,0.000369828389058808,0.000535602437985488,0.000622998168225272,0.000727997261707883,0.000572767306578257,0.000619876094500314
174,"COM","Comoros",0,0,0,0,0,0,0,0,0,0,0,0,0,0,0,0,0,0,0,0,0,0,0,0
184,"COK","Cook Islands",NA,NA,NA,NA,NA,NA,NA,NA,NA,NA,NA,NA,NA,NA,NA,NA,NA,NA,NA,NA,NA,NA,NA,NA
188,"CRI","Costa Rica",0.00341343442417118,0.00301181350337181,0.00160647213583341,0.00160647213583341,0.0018068079448808,0.00321199814501319,0.00301114930908375,0.00281029879047827,0.00441650966982765,0.00461744831858912,0.00321287351514055,0.00321287351514055,0.00321287351514055,0.00160666263579118,0.000402389377899751,0,0,0,0,0.000400495673284503,0.00100292656019748,0.00100292656019748,0.0036093498643734,0.0036093498643734
384,"CIV","Cote d'Ivoire",0.0245253072837012,0.0225341638294521,0.0211995340595033,0.0178799139595793,0.0523509687623303,0.0563248531369813,0.0596299999916082,0.0629412845739514,0.0801750728516631,0.0423951005498324,0.0437181329314951,0.0404166083232503,0.0357841687769881,0.0178888210056268,0.0139152543224457,0.00795479810266733,0.00397737430686607,0.00265219444908977,0.00199060746158726,0.000663554447614411,0.00663624034556046,0.0099536147819487,0.0099536147819487,0.0238835576952942
191,"HRV","Croatia",2.46934916542002e-05,9.98009618330568e-06,0,0,0,0,0,0,9.0020004427088e-05,0.000134730554891053,0.000217803717796642,0.000480325917615991,0.000991397318624662,0.000986260430470875,0.000991903734484,0.000963334330873925,0.00143096656778728,0.0013865232825244,0.00133099536071213,0.00128064150623503,0.00122613774693952,0.000596885979706471,0.000557945850647234,0.000528590656186206
192,"CUB","Cuba",0.000328810169305206,0.000288129402226624,0.00045971945941102,0.00049714194484549,0.000596917434138904,0.000550158927001726,0.000550158927001726,0.000306683115975995,0.000269260630541524,0.000236243729632037,0.000570891495300498,0.000570891495300498,0.000570891495300498,0.000570891495300498,0.00033464776566846,0,0,0,3.76249629466015e-05,3.76249629466015e-05,3.76249629466015e-05,3.76249629466015e-05,0.000352385611074079,0.000380472005118181
531,"CUW","Curacao",0.0137542947742651,0.0142546247816283,0.0102534842693258,0.00925324145503224,0.00850293162450842,0.0155052147190715,0.0170058576810668,0.0187564962992561,0.0220075824998072,0.0285102890546832,0.026259675141858,0.0275099811930103,0.0312609902016913,0.0297605140670924,0.0247584764403866,0.0197564882391337,0.0175055328341641,0.0140044304472521,0.0122538256589777,0.00875264252359483,0.0135039561745652,0.0147546891370777,0.020256477598781,0.0190060672607147
196,"CYP","Cyprus",0,0,0,0,0,0,0,0,0,0,0,0,0,0,0,0,0,0,0,0,0,0,0,0
203,"CZE","Czech Republic",8.64568884676704e-05,4.55838234010125e-05,0,0,0,8.94573339201799e-05,0.000351884766594663,0.000454393687530483,0.000454393687530483,0.000541102628351552,0.000451645294431371,0.00018921786175689,8.67089408210696e-05,8.67089408210696e-05,0,0,0,0,0,0.000741210282399796,0.000741210282399796,0.000741210282399796,0.00103377955435857,0.0011436350528815
180,"COD","Dem. Rep. Congo",0.000612047323807252,0.000604059500085725,0.000597270278131457,0,0,0,0,0,0,0,0,0,0,0,0,0,0,0.000268582535728168,0.000322421766298876,0.00198175380736882,0.00209872095286786,0.00209872095286786,0.00183013841713969,0.00177629918656898
208,"DNK","Denmark",1.37802832055642e-05,0,0,0,0.000101343879923324,0.000423256873662668,0.000423256873662668,0.000423256873662668,0.000423256873662668,0.000321912993739344,0,0,0,0,0,0,1.40245764519921e-05,8.32436412311212e-05,8.32436412311212e-05,8.32436412311212e-05,8.32436412311212e-05,0.00023762473297664,0.00103277232207545,0.00121945769249033
262,"DJI","Djibouti",8.34790049341614e-05,2.78262373086065e-05,0,0,0.00097796132235515,0.0126488763176698,0.0126488763176698,0.0126488763176698,0.0129000696162193,0.0124794272097578,0.0015041874271053,0.00231164261407282,0.00275836029878843,0.00295271807237123,0.00242317991889654,0.00172750470623442,0.00234102841740829,0.00189431073269269,0.00167137430576393,0.00164359354334492,0.00164359354334492,0.00022261464520353,0.00022261464520353,0
212,"DMA","Dominica",0,0,0,0,0,0,0,0,0,0,0,0,0,0,0,0,0,0,0,0,0,0,0,0
214,"DOM","Dominican Republic",0.000178292435024351,7.50855018521891e-05,0.000454078718171441,0.000565969512017932,0.000978837251828107,0.00101733104864196,0.00172657832030308,0.0039124962782324,0.00430111548037685,0.00433319264562903,0.0047485861116298,0.00456214448131761,0.00211519854390593,0.00165233817744062,0.00120739327237827,0.000753506009563659,0.000230700368214717,3.764962952564e-05,6.8638771315722e-05,0.00014982193731312,0.000243808676042358,0.000612636065760554,0.000662836491107281,0.000594197719791559
218,"ECU","Ecuador",0.000895393829639127,0.000788217131991937,0.000546036645659205,0.000391013558697945,6.15724576163417e-05,0,0,0,0,0.000162735651250508,0.000162735651250508,0.000865360673741327,0.00112533747763673,0.00159558036835793,0.00176023777115736,0.00209163267380099,0.00223829799796761,0.00373268345034613,0.00345492316937246,0.0034806756518028,0.00346879679061015,0.0028913934218011,0.00184931911335656,0.00195024716433911
818,"EGY","Egypt",0,0.0117705918778802,0.0117705918778802,0.0117705918778802,0.0117705918778802,0.0117705918778802,0,0,0,0,0,0,0,0,0,0,0,0,0,0,0,0,0,5.23935151482486e-10
222,"SLV","El Salvador",0.00613617825791834,0.00408843336860438,0.00766828405869961,0.00664446983444012,0.00664827856826716,0.0061373265750764,0.0061373265750764,0.0025595320271979,0.00307244965190347,0.00358511580363168,0.00460868045754121,0.00563257404854237,0.00614094754676256,0.00511630176562147,0.00409252320203492,0.00204563395142898,0.00153360229874779,0.000511861938319945,0.000511861938319945,0.000511861938319945,0.000511861938319945,0,0,1.08721572909896e-10
226,"GNQ","Equatorial Guinea",0,0,0.109016877705839,0.109016877705839,0.109016877705839,0.109016877705839,0.109016877705839,0,0,0,0,0,0,0,0,0,0,0,0,0,0,0,0,0
232,"ERI","Eritrea",0.00047402416096162,0.000870625782553602,0.000867398867186354,0.000474677415404814,0.000474677415404814,0.000396601621591983,0,0,0,0,0.000158965890866672,0.000400376993693201,0.000400376993693201,0.000400376993693201,0.000400376993693201,0.000273474585223548,3.20634823970196e-05,0.000730425375772844,0.000762802097137857,0.000762802097137857,0.000730738614740838,0.000730738614740838,3.23767213650124e-05,8.03440640554175e-05
233,"EST","Estonia",5.46685790967859e-06,5.46685790967859e-06,0,0,0,0,0,0,0,0,0,0,0,0,0,0,0,0,5.45610379859026e-06,0.00207679191268036,0.00207679191268036,0.00207679191268036,0.00207679191268036,0.00207133580888177
748,"SWZ","Eswatini",0,0,0,0,0,0,0,0,0.000220835158240812,0.000291645043828215,0.000291645043828215,0.000291645043828215,0.000291645043828215,0.000433841236470325,0.000363031350882921,0.000363031350882921,0.000410416454993806,0.000410416454993806,7.89657349314808e-05,0.000433259170060516,0.000456907199908169,0.000409522095797283,0.000409522095797283,0.000377941464976688
231,"ETH","Ethiopia",1.19873702262954e-05,6.75330656881385e-06,0,0,0,0,0,0,0,0,0,0,0,0,0,0,5.82851866575479e-05,5.82851866575479e-05,6.61988395834791e-05,8.91043901849539e-05,0.000294006930614885,0.000451589877733247,0.00132708699242779,0.00138764555539297
234,"FRO","Faeroe Islands",1.40450443157058e-05,2.80862266374486e-05,4.21882353643645e-05,4.21882353643645e-05,2.81431910486586e-05,2.81431910486586e-05,1.41020087269158e-05,0,0,0,0,0,0.000253823543313662,0.000253823543313662,0.000253823543313662,0.000253823543313662,0.000253823543313662,0,0,0.000171488323273969,0.000171488323273969,0.000171488323273969,0.000171488323273969,0.000385263674209892
238,"FLK","Falkland Islands",0.000125035700942332,0.000185280220575692,0.0003571851515909,0.000545249540205475,0.000492383376212248,0.000529751943189736,0.00050405801790698,0.00076912732957857,0.000581062940963995,0.000511557272054194,0.000508839139338478,0.000474288544987878,3.73143023010785e-05,5.19791316027387e-05,5.19791316027387e-05,1.46648293016602e-05,1.46648293016602e-05,1.46648293016602e-05,0,2.24509236911057e-05,5.44070547009168e-05,0.000263502286138144,0.000430744555865144,0.000557363043037398
242,"FJI","Fiji",NA,NA,NA,NA,NA,NA,NA,NA,NA,NA,NA,NA,NA,NA,NA,NA,NA,NA,NA,NA,NA,NA,NA,NA
246,"FIN","Finland",4.5746587832034e-05,4.5746587832034e-05,4.5746587832034e-05,0.155362126740474,0.155362126740474,0.163849068636477,0.163849068636477,0.163849068636477,0.00848694189600299,0.00848694189600299,0,0,0,0,0,0,0,0,0,0,0,0,0,0
250,"FRA","France",3.59631558350878e-05,1.88536729257411e-05,0,0,0,0,0,0,6.57747285532958e-05,6.57747285532958e-05,0.000247068946902728,0.000472500926773759,0.000610489581678209,0.000544714853124913,0.000544714853124913,0.000363420634775482,0.00013798865490445,0,2.65359190672999e-05,0.000241435406324681,0.000460218835281667,0.000534063287132241,0.000534063287132241,0.000507527368064943
258,"PYF","French Polynesia",NA,NA,NA,NA,NA,NA,NA,NA,NA,NA,NA,NA,NA,NA,NA,NA,NA,NA,NA,NA,NA,NA,NA,NA
266,"GAB","Gabon",4.62552765594637e-05,3.59751183539698e-05,3.07480468930368e-05,0.000400619668441432,0.000400619668441432,0.000374924973432719,0.000374924973432719,0.000400661348413114,4.10667564209408e-05,4.10667564209408e-05,5.13435208374007e-05,0.000133531281275975,0.000118159856199191,0.000169544579756673,0.000508620005029992,0.00055999327454946,0.00050350010306368,0.00112519012917635,0.00106352837606265,0.00178291153630196,0.00219918468550638,0.00275412285824905,0.00291861175289141,0.00339654495831502
270,"GMB","Gambia",0.00570872113708133,0.0114174422741627,0.0114174422741627,0.0114174422741627,0.0171298851602517,0.0171361084921455,0.0114273873550641,0.120032538013657,0.120032538013657,0.114320095127568,0.108605150658593,0.108605150658593,0,0,0,0,0,0,0,0,0,0,0,1.21168429698891e-10
268,"GEO","Georgia",1.39312289526363e-05,5.59298182722753e-06,0,0,0,0,0,0,0,4.27290063305617e-05,0.000195141950541884,0.000195141950541884,0.000195141950541884,0.000195141950541884,0.000152412944211322,0.000247748655245109,0.000247748655245109,0.000666296381997565,0.000669129518180673,0.00154183698066787,0.00129408832542277,0.00134515756180578,0.0011143552732948,0.00125584543881636
276,"DEU","Germany",0.00046169675453817,0.000379172996892396,0.00027434814166818,0.00027434814166818,0,0.000407313456043955,0.00104684540876929,0.00180941924051679,0.00180941924051679,0.00180941924051679,0.00140210578447284,0.000762573831747503,0,0,0,0,0,0,0,0,7.7013036022574e-06,7.7013036022574e-06,0.00059351174484379,0.000685076934265412
288,"GHA","Ghana",0.0253961713677875,0.0243792073863118,0.0836105315490855,0.0833686719799843,0.0869545462225864,0.0830924571469683,0.0820380534711652,0.0248481327178499,0.0212305163826966,0.0114901310464889,0.00971325689637051,0.0071775618516326,0.0033484964269308,0.00130216449981414,0.00104325499132044,0.000527279715456254,0.000520255586019282,0,0,0,0.00308230362314801,0.00359187712439269,0.00512800757761334,0.0141109392295644
300,"GRC","Greece",2.60537466959381e-05,2.85228608585098e-05,1.18157138431979e-05,4.28118325097016e-05,4.28118325097016e-05,4.28118325097016e-05,3.09961186665037e-05,3.09961186665037e-05,0,2.06277521146667e-05,2.06277521146667e-05,2.06277521146667e-05,2.06277521146667e-05,2.06277521146667e-05,0,4.71440916421497e-05,4.71440916421497e-05,0.000187827612964094,0.000311336066895104,0.000591148245554289,0.000746213020314013,0.00106153642680775,0.000920852905485807,0.000886089558909465
304,"GRL","Greenland",0,0,0,0,0,0,0,0,0,0,0,0,0,0,0,0,0,0,0,0,0,0,1.24616912369443e-06,1.24616912369443e-06
308,"GRD","Grenada",0.00265651643057557,0.00265651643057557,0.00664065766498474,0.00796879216819245,0.00531227573761688,0.00531227573761688,0.00531227573761688,0.00132813450320772,0,0,0.0026567359739838,0.0026567359739838,0.0026567359739838,0.0026567359739838,0.0026567359739838,0.00132835432682454,0.00132835432682454,0.00132835432682454,0.00132835432682454,0.00132835432682454,0,0,0,0
320,"GTM","Guatemala",0.000199265834592307,0.000110714710343104,0,0,0,0,0,0,0,0,0,0,0,0,0,5.92032639054303e-05,0.00105772891866749,0.00105772891866749,0.00138933269321966,0.00183954123252102,0.00198512799801846,0.0011493428891869,0.00324791051446225,0.00386669853031648
831,"GGY","Guernsey",0.0552749080135309,0.0552749080135309,0.0552749080135309,0.0552749080135309,0,0,0,0,0,0,0,0,0,0,0,0,0,0,0,0,0,0,0,0
324,"GIN","Guinea",0,0,0,0,0,0,0,0.00193163220004403,0.00773738610381327,0.0193502681331223,0.0348443450485809,0.0425859598354634,0.0580752993607985,0.0600110644918159,0.0561320933261019,0.0541863018835749,0.0541867770804326,0.0425687596084616,0.0386984276346045,0.0309645167710094,0.0174162312980778,0.0135197042315796,0.00771674997817138,0.0231991249305647
624,"GNB","Guinea-Bissau",0.000716676386248287,0.000716676386248287,0.000716676386248287,0.000716676386248287,0,0,0,0,0,0.00214040759959331,0.00214040759959331,0.00214040759959331,0.00214040759959331,0.00214040759959331,0,0,0,0,0,0,0,0,0,0
328,"GUY","Guyana",0,0,0,0,0,0,0,0,0,0.000231119989364058,0.000528857371829444,0.000694112126272323,0.000694112126272323,0.000760249829105689,0.000529129839741632,0.000231392457276245,6.61377028333699e-05,6.61377028333699e-05,0,0.000231660982340821,0.000529685232683557,0.00106194041343468,0.00106194041343468,0.00195597846740393
332,"HTI","Haiti",3.96689851094525e-06,1.32229950363969e-06,0.000302304771444566,0.000302304771444566,0.000302304771444566,0.000302304771444566,0.000302304771444566,0,0,0,0,0,0,0,0,0,0,0,2.37818248887546e-05,2.65871255112867e-05,2.65871255112867e-05,5.55322630848941e-05,0.000158774634536663,0.000134992809647909
336,"VAT","Holy See",NA,NA,NA,NA,NA,NA,NA,NA,NA,NA,NA,NA,NA,NA,NA,NA,NA,NA,NA,NA,NA,NA,NA,NA
340,"HND","Honduras",1.79478209305232e-05,8.97125280577402e-06,0,0,0,0,0,0,9.96756864217169e-05,9.96756864217169e-05,9.96756864217169e-05,9.96756864217169e-05,9.96756864217169e-05,0,0,0,0,0,1.80101681853505e-05,0.00022981595586993,0.00022981595586993,0.00022981595586993,0.00022981595586993,0.00021180578768458
344,"HKG","Hong Kong",0.057381733255121,0.0685233768033513,0.102794604543234,0.133675459876623,0.112269077134499,0.0840108481477055,0.0737269617414459,0.0385981130805328,0.00942548798272123,0.00856810585708631,0.00856810585708631,0.0197093215241264,0.0197093215241264,0.0119989728090108,0.0119989728090108,0.0119989728090108,0,0,0,0.000856285655583837,0.00599702105120594,0.00599702105120594,0.00599702105120594,0.00771231391277465
348,"HUN","Hungary",4.11961643735474e-05,1.76718451056305e-05,0,0,0.000146569088973476,0.000444799982043776,0.000726763023245014,0.00105676235398502,0.00109946936760492,0.000985789229808501,0.0006875583367382,0.000518018661284453,0.000218810662800186,0.000176103649180284,0.00014321469800323,0.000155103270650122,4.46569347167647e-05,0.000118475371984893,0.000120441051885534,0.000273887384113984,0.000261998811467092,0.000260021781652958,0.000273874068073728,0.000271908388173087
352,"ISL","Iceland",1.0729651330708e-05,1.76499785461152e-05,2.25108895987509e-05,2.93596223883364e-05,2.56661510712457e-05,2.15439142555721e-05,1.37936924927267e-05,7.68713856244104e-06,0,0,0,0,0,0,0,0,0,0,0,0,0,0,0.000124338590091838,0.000124338790355998
356,"IND","India",0.0022883870293387,0.00247705827043538,0.00244788603621833,0.000679258697915287,0.00166922498211691,0.00218621064270454,0.0024735841930976,0.00308899699705816,0.00303047218222771,0.00181845577418247,0.00130147011359484,0.000835958205581015,0.000243430120299095,0.000133924063759692,0.000449125338451065,0.000488516914985461,0.000454262113195072,0.00131127266299998,0.00134031893007757,0.000948333112095524,0.00119271280435565,0.00193244794733164,0.00195514750119871,0.00234660467020204
360,"IDN","Indonesia",4.28209877277753e-05,0.000725119616680684,0.000725119616680684,0.000724713056298399,0.00179198911024561,0.00474817938295502,0.00427777585449257,0.00427777585449257,0.00427777585449257,0.0032531633245476,0.000254558624492712,0.000427061196188837,0.00234878998939242,0.00234878998939242,0.00230612646539018,0.00230612646539018,0.00226290589799524,0.00644870327589487,0.00644870327589487,0.00644870327589487,0.00644870327589487,0.0061075261711032,0,0.000811692147968824
364,"IRN","Iran",0.000345430169293445,0.000343227372373265,0.00033918424268439,0.000268932749338846,0.000118653241563954,0,0,0,0,0,0,0,0,0,0,0,3.91000683329154e-05,3.91000683329154e-05,4.98530148246658e-05,0.000112387198946493,0.000249710775309448,0.000210610706976533,0.000210610706976533,0.000199857760484782
368,"IRQ","Iraq",0,0,0,0.000677028098161762,0.00124688474703531,0.00124688474703531,0.00228503671647867,0.00443539118734623,0.00593697554906937,0.00660554771325482,0.00669954363928334,0.00591068511665124,0.00376033064578369,0.00158171818589879,0.000343289372839792,0.000249293446811269,0,0,1.83742307973728e-05,1.83742307973728e-05,1.83742307973728e-05,1.83742307973728e-05,0.000647205502891098,0.000669316078381334
372,"IRL","Ireland",0.000688390852599136,0.000739035122920849,0.00118079225809234,0.00174710149428724,0.00185177425072861,0.00191509125940949,0.0022601623484464,0.00234501046016066,0.00172782194357936,0.00152749672465774,0.00123046924895624,0.000949749150877025,0.000658818162238579,0.000665536766031505,0.000609279094733388,0.000546707687151136,0.000424566410257393,0.000293457413271109,0.000212901490654176,0.000245014513140893,0.000252914899547168,0.000306595831204408,0.000257654564461277,0.000294630869104947
833,"IMN","Isle of Man",0.000536119815068432,0.000536054824726434,0.0019617070223539,0.00199704287583616,0.00324751316589793,0.00417530754170559,0.00496154652927124,0.0051767827025003,0.00496272422731861,0.00381917879355718,0.00274832663165089,0.0020329562743049,0.000854795422634872,0.000819193058370492,0.000712268202070141,0.000783180159184415,0.000996852029996698,0.000569554071297116,0.000569554071297116,0.000569554071297116,0.000498642114182842,7.12335711417277e-05,0,7.16101624643122e-05
376,"ISR","Israel",0,0,0,0,0,0,0,0,0,0,0,0,0,0,0,0.00571845950484899,0.00571845950484899,0.00571845950484899,0.00571845950484899,0.00571845950484899,0,0,0,0
380,"ITA","Italy",2.37762280676584e-05,1.55124143087983e-05,0,0,0,0,6.63551187842786e-05,6.63551187842786e-05,6.63551187842786e-05,0.00020677531853249,0.000374504318355893,0.000509669565615888,0.000634502488602191,0.000634502488602191,0.000494082288853981,0.000326353289030577,0.000124832922986304,0,4.97280373677979e-06,0.000377797178176993,0.000434420286864859,0.000740198588193085,0.000740198588193085,0.000879016317959662
388,"JAM","Jamaica",0.000177429145867434,0.000106420652080182,0,0,0,0,0.00354229963684363,0.00354229963684363,0.00354229963684363,0.00354229963684363,0.00354229963684363,0,0,0,0,0,0,0,0.000674474239405992,0.000674474239405992,0.000745636798211616,0.000745636798211616,0.000745636798211616,7.11625588056212e-05
392,"JPN","Japan",0.00659305086574575,0.00352555837248016,0.00176024493172207,0.00176024493172207,0.000513473802768409,0.00103389394678295,0.00103389394678295,0.00103389394678295,0.00654303430128172,0.00870663057954013,0.0100942439919966,0.0129693655439401,0.0155619131782813,0.0120785156154098,0.0126225213767135,0.0118256610714375,0.0182980833034451,0.0168922488601789,0.0152243804854886,0.0125167784459265,0.010892131391963,0.00154458760801195,0.00099157631677324,0.002488655960495
832,"JEY","Jersey",0,0,0,0,0,0,0,0,0,0,0,0,0,0,0,0,0,0,0,0,0,0,0,0
400,"JOR","Jordan",0,0,0,0,0,0,0,0,0,0,0,0,0,0,0,0,0,0.000880107817801225,0.000880107817801225,0.000880107817801225,0.000880107817801225,0.000880107817801225,0,0
398,"KAZ","Kazakhstan",0.000346496443618969,0.000512933710354603,0.00169852291599442,0.00413871280929666,0.00468232891598786,0.00476202104986539,0.00464417141711362,0.00345483747722604,0.00101464758392379,0.000394817656535214,5.28899662021289e-05,0,0.000271421509676125,0.00103549462420825,0.00109961578742611,0.00109961578742611,0.00128900855318955,0.00105817513466141,0.000296024786441538,0.000319213548864799,0.000891964386184468,0.00261523144580003,0.00375637145468498,0.00375444868837272
404,"KEN","Kenya",7.1629394028023e-07,7.1629394028023e-07,0,0,0,0,0,0,0,0,0,9.5006839025349e-05,9.5006839025349e-05,9.5006839025349e-05,9.5006839025349e-05,9.5006839025349e-05,0.000336228261972725,0.000659947047457959,0.000689142105959931,0.00115213209836657,0.00128731404197494,0.00169239719170622,0.00502408754887037,0.0059678699900304
296,"KIR","Kiribati",NA,NA,NA,NA,NA,NA,NA,NA,NA,NA,NA,NA,NA,NA,NA,NA,NA,NA,NA,NA,NA,NA,NA,NA
689,"XKX","Kosovo",0,0,0,0,0,0,0.000272891810993782,0.000818903335041366,0.000818908140547182,0.00138969295527931,0.00152487493706548,0.00288110938772448,0.00287848868430848,0.00290545279374965,0.00233466797901752,0.00219948599723135,0.000570359735578574,0.000163190286021834,0.000190491840352756,0.00386557772327929,0.00413612736100209,0.00620055556282635,0.00631118277200804,0.00660611085432609
414,"KWT","Kuwait",NA,NA,NA,NA,NA,NA,NA,NA,NA,NA,NA,NA,NA,NA,NA,NA,NA,NA,NA,NA,NA,NA,NA,NA
417,"KGZ","Kyrgyzstan",0.0011546250949036,0.00141283043977831,0.00295055198795966,0.0029387816942063,0.00221889968262644,0.00234699406527929,0.0022500609602208,0.000872596321120195,0.000872596321120195,0.000695325478854618,0.000811065271236132,0.000683319121217288,0.000521558802678745,0.000521558802678745,0.000368930853602625,3.40853717367517e-05,0,5.44670045796881e-06,6.02485214596811e-06,0.000459796348740174,0.000534060817661967,0.000792115947047884,0.00140276799909597,0.00144356188651759
418,"LAO","Laos",0.0059434113540928,0.0059434113540928,0.0059434113540928,0,0,0,0,6.93073684953919e-05,0.000103820843591269,0.000103820843591269,0.000103820843591269,0.000103820843591269,3.45134750958776e-05,0,0,0,0,0.00274436066452375,0.00274436066452375,0.00517225242734247,0.00541906567006339,0.00541906567006339,0.00291606183484203,0.00305456029991377
428,"LVA","Latvia",2.60988491574765e-06,0,0,0,0,0,0,0,0,0,0,0,0,0,0,0,0.000249111344508174,0.00193382296169077,0.00193382296169077,0.00408085406874784,0.00408085406874784,0.00383174272423966,0.00214703110705707,0.00214703110705707
422,"LBN","Lebanon",0,0,0,0,0,0,0,0,0,0,0,0,0,0,0,0,0,0,0,0,0,0,0,0
426,"LSO","Lesotho",1.55464270043313e-06,0.000191038661847605,0.000708163031960024,0.00457595468618229,0.00576844109657553,0.00653955399856227,0.00721398457835927,0.00733807937216401,0.00347028771794175,0.0022778013075485,0.00150668840556176,0.000699302470396497,0.000357801376396733,0.000382146893357919,0.000382146893357919,0.000426962087262703,0.000525587390746307,0.000685990738747716,0.000661645221786531,0.000661645221786531,0.000785589097275378,0.00164726255922848,0.00305843329028697,0.00376792734817451
430,"LBR","Liberia",0.0292021607916781,0.0257670505335254,0.0137425141248398,0.0120248391097437,0.00858848203698526,0.00687064265771036,0.010306421425267,0.010306421425267,0.0171769997634593,0.0154594997373847,0.0171792718219138,0.0154611126990477,0.0154611126990477,0.00687265861466899,0.00343739172921969,0.00343554079603574,0.00343584232051733,0.00686746301306199,0.00686746301306199,0.00686746301306199,0.00686742671745809,0.00514950554828596,0.00171788485574129,0.0635552743386268
434,"LBY","Libya",0,0,0,0,0.00858742821209443,0.00858742821209443,0.00879182720760535,0.00960973854543662,0.00960973854543662,0.00102231033334219,0.00102231033334219,0.000817911337831269,0,0,0,0,0,0,0,0,0,0,0,2.31131332161479e-11
438,"LIE","Liechtenstein",0.00100931748499684,0.00151398965444982,0.00151398965444982,0.00100879081174868,0.000504672169452974,0.00353104475771271,0.00706034844873322,0.00706034844873322,0.00706034844873322,0.00706034844873322,0.00403397586047348,0,0,0,0,0,0,0,0,0,0,0,0,0
440,"LTU","Lithuania",0,0,0,0,0,0,0.000322114563040496,0.000322114563040496,0.000322114563040496,0.000322114563040496,0.000322114563040496,0,0,0,0,0,2.53384190753604e-05,0.000345005692568313,0.000345005692568313,0.000345005692568313,0.000345005692568313,0.000319667273492953,0,1.09299023766401e-05
442,"LUX","Luxembourg",0.000144082061690413,0.000103070791175267,4.16577092588541e-05,4.16577092588541e-05,7.68902664616539e-07,0.000124095871589592,0.000124095871589592,0.000369532339486164,0.000369532339486164,0.000369532339486164,0.000245436467896573,0.000245436467896573,0,0,0,0,0,0,0,8.70625277269912e-05,0.000128241656586094,0.000168876476006421,0.000822071786911043,0.00106664800930898
446,"MAC","Macao",0.00961443195945864,0.00961443195945864,0.00961443195945864,0.00961443195945864,0.038461157535172,0.0769204100758346,0.0769204100758346,0.0769204100758346,0.096151941287098,0.076921743614853,0.0384624910741904,0.0480776853314858,0.0480776853314858,0.0384617293121268,0.0288453920366949,0.0288453920366949,0.0192301977793996,0.0192301977793996,0.00961462258749513,0,0.00961576560563171,0.00961576560563171,0.00961576560563171,0.00961576560563171
450,"MDG","Madagascar",0.0174696710366236,0.0256247561617307,0.0468887343078977,0.0563326482662727,0.0625688243572989,0.0675647814494588,0.0724684053001666,0.0957023724495892,0.0859099636743297,0.0823323530015687,0.0834233062366963,0.0830911267959417,0.055744704834582,0.0492375746103335,0.041263093805539,0.0317590521548958,0.0192683347457842,0.00366000637100667,0.00271325035011835,0.00192968305138117,0.00179736136256222,0.00156406418317741,6.1933671223625e-05,7.22344125045635e-05
454,"MWI","Malawi",0.000583592353626415,0.000583592353626415,0.000583592353626415,2.60843595978558e-05,0.00258702685661831,0.00467460760516565,0.00652691547454069,0.00671737551770621,0.00707814446219856,0.00518644468181802,0.00461394969455743,0.00459158854768146,0.00440112850451595,0.00415253214353936,0.00486497755608753,0.0037104329436202,0.00235423128914039,0.00248362751158897,0.00237985519727126,0.0044905919024883,0.00490831615538029,0.0079364118662583,0.011201063978273,0.0112514280625266
458,"MYS","Malaysia",0,0,0,0,0,0,0,0,0,0,0,0,0,0,0,0,0.0668878360405524,0.0668878360405524,0.0668878360405524,0.199999828069944,0.199999828069944,0.133111992029392,0.133111992029392,0.133111992029392
462,"MDV","Maldives",NA,NA,NA,NA,NA,NA,NA,NA,NA,NA,NA,NA,NA,NA,NA,NA,NA,NA,NA,NA,NA,NA,NA,NA
466,"MLI","Mali",0.000689572196501014,0.000689147100464926,0.000689147100464926,3.72723004889822e-05,0,0,0,0,0,0,7.62350887067184e-05,0.000709759684872321,0.000709759684872321,0.000709759684872321,0.000709759684872321,0.000633524596165602,0,0,1.4084398825787e-06,1.4084398825787e-06,1.4084398825787e-06,1.4084398825787e-06,1.4084398825787e-06,0
470,"MLT","Malta",NA,NA,NA,NA,NA,NA,NA,NA,NA,NA,NA,NA,NA,NA,NA,NA,NA,NA,NA,NA,NA,NA,NA,NA
584,"MHL","Marshall Islands",NA,NA,NA,NA,NA,NA,NA,NA,NA,NA,NA,NA,NA,NA,NA,NA,NA,NA,NA,NA,NA,NA,NA,NA
478,"MRT","Mauritania",0.000346816911630292,0.00117298177222204,0.00189905659826547,0.00316578440283579,0.00408743507278346,0.00374644309763567,0.00312733035622725,0.00239966654997202,0.0013346898303726,0.000413039160424924,0.000413039160424924,0.000734829504168763,0.000734829504168763,0.00357303282811336,0.00357303282811336,0.00357303282811336,0.00304338939755469,0.00308386166840447,4.06325680164815e-05,0.000384311593514853,0.00127925585727191,0.00355727223103915,0.0067528748433611,0.00692813785793744
480,"MUS","Mauritius",0,0,0,0,0,0,0,0,0,0.0250002784739076,0.0499996658862638,0.0499996658862638,0.0499996658862638,0.074999498966778,0.0499992204928704,0.0249998330805142,0.0249998330805142,0.0249998330805142,0,0,0,0,0,0
484,"MEX","Mexico",2.69211052546658e-05,1.34690713174378e-05,0,0,0,0,0,0,0,0,0,0,0,0,0,0,2.03130551067793e-05,7.05084484519296e-05,0.000105545752752791,0.000105545752752791,0.000128553167319275,0.000108240112212496,5.80447188673453e-05,2.3007414566484e-05
583,"FSM","Micronesia",NA,NA,NA,NA,NA,NA,NA,NA,NA,NA,NA,NA,NA,NA,NA,NA,NA,NA,NA,NA,NA,NA,NA,NA
498,"MDA","Moldova",0.000216308455300382,0.000325226897133289,0.000431709248791454,0.000431709248791454,0.000431709248791454,0.000323349155510619,0.000430638064815239,0.000964074681219925,0.000964074681219925,0.00107381268445013,0.000965864322430578,0.000749656971293051,0.0001097380032302,0.0001097380032302,0,0,0,0,0,0.00010668439743698,0.00086237722223365,0.00086237722223365,0.0009681646859558,0.0009681646859558
492,"MCO","Monaco",0,0,0,0,0,0,0,0,0,0,0,0,0,0,0,0,0,0,0,0,0,0,0,0
496,"MNG","Mongolia",7.61388918227026e-06,3.6087980472028e-06,0,0.000670682026077552,0.00109011410122935,0.00115371348050479,0.00115371348050479,0.00115371348050479,0.000483031454427238,6.35993792754408e-05,0,0,0,0,0,0,0,0,4.47578075740647e-07,0.000246495832552661,0.000246495832552661,0.000246495832552661,0.000246495832552661,0.00024604825447692
499,"MNE","Montenegro",3.93058301668765e-05,2.94485540025982e-05,0,0,0.000263534001400615,0.000263534001400615,0.000516075361695192,0.000516075361695192,0.000535603693788245,0.000408576976013216,0.000830866069707754,0.00151612609651687,0.00223853210178207,0.00221900376968901,0.00209227786921751,0.00166998877552297,0.00073218738841928,0.00173893502713918,0.00185618931465604,0.00184640793150195,0.00184640793150195,0.00184640793150195,0.000554501328796681,0.000612983160167166
504,"MAR","Morocco",0.00427496155217242,0.00479745437054578,0.00479745437054578,0.005331317171409,0.00105635561923658,0.00105635561923658,0.000533862800863218,0.000533862800863218,0,0,0,0,0,0,0,0.000528359853403291,0.000528359853403291,0.000528359853403291,0.000528359853403291,0.000528359853403291,0.0032034432750675,0.0032034432750675,0.0032034432750675,0.0032034432750675
508,"MOZ","Mozambique",0,0,0,0,0,0,0,0,0,0,6.33711276771978e-05,9.26502534032393e-05,0.000596589160889576,0.000596589160889576,0.000811976177172573,0.000944606009851997,0.00159398223848958,0.00170976184426378,0.00171264840606268,0.0031973714094221,0.00326408831053059,0.00258543295616696,0.00196571444290643,0.00196282788110753
104,"MMR","Myanmar",0.0023170103248807,0.00247448142322017,0.00468325954918022,0.00295489773180394,0.00370659980092129,0.00407413809903049,0.00413001184732108,0.0019493932009023,0.00250136833742241,0.00161778855989907,0.000878511711705743,0.000656583216226324,0.000622546833741016,6.0502659527416e-05,0,0,0,0.000359167853259939,0.000359167853259939,0.00080506477273533,0.00094529513785199,0.00094529513785199,0.00058612728459205,0.00058612728459205
516,"NAM","Namibia",4.6177959205743e-06,2.56153670626601e-06,0,0,0,0,0,0,0,0,0,0,0,0,0,0,0,7.7278646342538e-05,7.85151526816893e-05,0.000212518230177867,0.00030848104991952,0.00030848104991952,0.000255500890822472,0.000299557103409524
520,"NRU","Nauru",NA,NA,NA,NA,NA,NA,NA,NA,NA,NA,NA,NA,NA,NA,NA,NA,NA,NA,NA,NA,NA,NA,NA,NA
524,"NPL","Nepal",6.37636971161233e-05,6.88111570899509e-05,6.80378896823325e-05,6.81772057774347e-05,6.81772057774347e-05,6.81772057774347e-05,6.68272093861769e-05,8.78217664414217e-05,3.10950640649191e-05,3.10950640649191e-05,3.14021722487259e-05,2.53848163294327e-05,5.17713388128107e-06,1.09398279089998e-06,1.09398279089998e-06,7.86874607093203e-07,7.86874607093203e-07,7.75970824726412e-07,2.3227759816672e-06,0.000163454636155028,0.000232219114242831,0.000459598030490376,0.000827967358182312,0.000950037184065043
528,"NLD","Netherlands",0.00204247042197909,0.00181725552407153,0.00146267070816484,0.000618019715344757,0.00113360346565098,0.00224093296672634,0.00294671399899902,0.00359748298069207,0.00359748298069207,0.00276241426118287,0.00146765992373134,0.000743838055397962,6.39427398519765e-05,6.39427398519765e-05,5.39305265419704e-05,5.39305265419704e-05,3.41430695343838e-05,0.000136092241641746,0.000141185605188111,0.000141185605188111,0.000141185605188111,0.000203619847243304,0.000710955967417182,0.000819593680990134
540,"NCL","New Caledonia",0,0,0,0,0,0,0,0,0,0,0,0,0,0,0,0,0,0,0,0,0,0,0,0
554,"NZL","New Zealand",0.000184410635709858,0.000129277378989378,6.7452446299767e-05,6.7452446299767e-05,0,0,0,0,4.93145752599518e-05,0.000109090823149143,0.000177158275492237,0.000204822971517537,0.000204822971517537,0.000155508396257585,9.57321483683931e-05,2.76646960252999e-05,0,0.000101368955972973,0.000113578700756118,0.000228244638615952,0.00032075994323243,0.000502687159541658,0.000600462864989435,0.000699165726499422
558,"NIC","Nicaragua",1.18708368142213e-05,5.94849747367164e-06,0,0,0,0,0,0,0,0,0,0,0,0,0,0,0,0.000360619724079457,0.000378396214230825,0.000615210560701358,0.000744718536786848,0.000845107429645129,0.0012406652610759,0.00122288877092454
562,"NER","Niger",0.00138306255630605,0.00138147273372377,0.00137948559608862,0,0,0,0,0,0,0.000525227020879338,0.000941754351364309,0.000941754351364309,0.00104342848248561,0.00104342848248561,0.000518201461606276,0.000101674131121305,0.000101674131121305,0,4.10362058124032e-06,0.000139073062435225,0.00057031187551569,0.00304144110584284,0.00677504693038027,0.00694892850309299
566,"NGA","Nigeria",0.00716880712442429,0.0099266972672495,0.0120346970141268,0.00982052144288136,0.00981316052682172,0.00816823353638058,0.00819574805872327,0.0116477159221384,0.0124333268746391,0.0117791528124732,0.0137705526229079,0.0136355483928983,0.00974010371152112,0.00887511620691519,0.00827887166007607,0.00714553709699501,0.00502821954332968,0.00420425719252799,0.00352108452390737,0.00323964456154657,0.00227804459260699,0.00269109864312755,0.00334241571180989,0.00342588898433466
570,"NIU","Niue",NA,NA,NA,NA,NA,NA,NA,NA,NA,NA,NA,NA,NA,NA,NA,NA,NA,NA,NA,NA,NA,NA,NA,NA
408,"PRK","North Korea",0.00177266527971559,0.00145327927218941,0.000970089351750214,0,0,0,0.00333354229720554,0.00397261135452101,0.00618325392983455,0.00843271360476261,0.00991276250085512,0.010526246370551,0.0116017524538078,0.0109455642005069,0.00881016617038251,0.00859255891626416,0.00668840319129351,0.00658717602627366,0.00555362881371144,0.00664231063796971,0.00597277823836304,0.00430427720262227,0.00388173422445042,0.00336082711499993
807,"MKD","North Macedonia",4.85888812744023e-05,2.91571657369223e-05,0,0,0,0,0.000364079968904857,0.0005922335179545,0.000723317839789998,0.000974634828234721,0.00102829233646898,0.00120705694186084,0.00128450696511954,0.00115342264328405,0.000902105654839322,0.000877600549666583,0.000378403815720591,0.000213354373815309,0.00026184873946146,0.00288187615522137,0.00349904610232994,0.00427792142242983,0.00413736729202677,0.00503374009439103
578,"NOR","Norway",0,0,0,0,0,0,0,0,0,0,0,0,0,0,0,0,0,0,0,0,0,0,0,0
512,"OMN","Oman",NA,NA,NA,NA,NA,NA,NA,NA,NA,NA,NA,NA,NA,NA,NA,NA,NA,NA,NA,NA,NA,NA,NA,NA
586,"PAK","Pakistan",2.12039815841374e-05,1.95157650204542e-05,1.74203740601267e-05,0,0,0,0,0,0,0,0,0,0,0,0,8.59417116371978e-05,0.000115105202921725,0.00047931174279608,0.000487896663142076,0.000487896663142076,0.000401954951504878,0.000372791460220351,8.58492034599612e-06,0
585,"PLW","Palau",NA,NA,NA,NA,NA,NA,NA,NA,NA,NA,NA,NA,NA,NA,NA,NA,NA,NA,NA,NA,NA,NA,NA,NA
591,"PAN","Panama",0.00267584995694579,0.00222971807778,0.00188290989458921,0,9.86576231728519e-05,9.86576231728519e-05,9.86576231728519e-05,0.000693446407615487,0.00099028283322695,0.00277542085626467,0.00371744869653256,0.00421334838275835,0.00470930410105219,0.00500731011201136,0.00386755488185715,0.00322273499654609,0.00352042597586839,0.0027771446054918,0.00223182660123656,0.00148778618518021,0.00173541921170122,0.000941828546153132,0.000743234082001527,0.000693709649686122
598,"PNG","Papua New Guinea",0,0,0,0,0.00398792182046265,0.00398792182046265,0.0138955604265154,0.0138955604265154,0.0138955604265154,0.00990763860605274,0.00990763860605274,0.00198074204433563,0.00198074204433563,0.00198074204433563,0.00198074204433563,0.00198074204433563,0,0,0,0,0,0,0,0
600,"PRY","Paraguay",1.9587690148165e-05,9.79480328219561e-06,0,0,0,0,0,0,0,0,0,0,0,0,0,0,0,0.000354676099917175,0.000363097631278923,0.000627812362956202,0.000788902157874418,0.00100579879152193,0.000881508499895691,0.000906750416389118
604,"PER","Peru",3.14907034104021e-06,3.14907034104021e-06,0,0,0,0,0,0,0,0,0,0.000113870952043509,0.000215220038717019,0.000215220038717019,0.000421251244106041,0.00053796153505536,0.000508824656469794,0.000454781079839845,0.000462763033233467,0.000574940786764351,0.000458230495815031,0.000392917521926135,0.00174593397671727,0.00263384202067102
608,"PHL","Philippines",0,0,0,0,0,0,0,0,0,0,0,0,0,0,0,0,0,0,0,0,0,0,0,0
616,"POL","Poland",3.49024715141491e-05,1.99948294800733e-05,0,0,0,0,2.44951145303802e-05,2.44951145303802e-05,2.44951145303802e-05,2.44951145303802e-05,2.44951145303802e-05,0,4.38537521902796e-05,4.38537521902796e-05,4.38537521902796e-05,4.92028283078753e-05,0.000134891813398807,0.000169556237993048,0.000170317444594207,0.000170317444594207,0.000164968368476612,7.92793833856792e-05,0.000192736844337303,0.000191975637736144
620,"PRT","Portugal",0,0,0,0,0,0,0,0,0,0.0021998978252418,0.0023709359209169,0.00336523649147134,0.00493541783815913,0.00493541783815913,0.00273552001291735,0.00256448191724225,0.0015701813466878,0,0.000110511518395702,0.000828841163992645,0.00114743870938897,0.00163981558423484,0.00300244035621592,0.0029553141361638
634,"QAT","Qatar",NA,NA,NA,NA,NA,NA,NA,NA,NA,NA,NA,NA,NA,NA,NA,NA,NA,NA,NA,NA,NA,NA,NA,NA
178,"COG","Republic of Congo",0.000325417421493034,0.000340136312540666,0.00283318204400696,0.00689070087333891,0.00762873289361834,0.00828856387067054,0.00839033384057494,0.0067712256179553,0.00308944915523985,0.00316917799002781,0.00288022762070639,0.00494292253354352,0.00443023228556825,0.00418547278264077,0.00413888618265294,0.00379439882904529,0.00203989235117441,0.0034331551278819,0.00330702554997096,0.00335083898704769,0.00356880938128588,0.00389554775525254,0.00309181222475293,0.00334169169073511
642,"ROU","Romania",3.57875834260173e-05,1.79186566071315e-05,0,0,0,4.20204640193877e-06,0.000238802443074259,0.000401480167893875,0.000437753582382057,0.000599024630133636,0.000794621905616883,0.000769465030051719,0.000692099722565431,0.000655826308077249,0.00049455526032567,0.000294755938440484,8.53124173333274e-05,0,6.71360590323519e-05,6.71360590323519e-05,6.71360590323519e-05,6.71360590323519e-05,6.71360590323519e-05,0
643,"RUS","Russia",9.68609119864902e-06,5.11334210487683e-06,0,0,0,0,0,0,4.83094449907226e-05,4.83094449907226e-05,4.83094449907226e-05,0.000233453769787666,0.00029616950707385,0.000247860062083128,0.000247860062083128,0.000247860062083128,6.27157372861836e-05,0.000113527234328203,0.000113527234328203,0.00113068743518813,0.00122600434714291,0.00145743200288904,0.00218420671379373,0.00240721802536727
646,"RWA","Rwanda",0.000581564908094459,0.0128005459279604,0.0128005459279604,0.0128005459279604,0.0282129592836086,0.070085199892435,0.0578662188725691,0.0578662188725691,0.0578662188725691,0.0453606472416596,0.00348840663283316,0.00377930603943078,0.00377930603943078,0.00407026606140493,0.0011635894002324,0.00174532687751172,0.00145442747091409,0.00261783133225252,0.00232687131027839,0.0040726114171326,0.00349087393985328,0.00349087393985328,0.00232747007851484,0.00349131301854653
652,"BLM","Saint Barthelemy",NA,NA,NA,NA,NA,NA,NA,NA,NA,NA,NA,NA,NA,NA,NA,NA,NA,NA,NA,NA,NA,NA,NA,NA
659,"KNA","Saint Kitts and Nevis",0,0.00139783097055648,0.00139783097055648,0.00139783097055648,0.00139783097055648,0.00139783097055648,0,0,0.00139791555242795,0.00139791555242795,0.00139791555242795,0.00279583095381686,0.0041936620754124,0.00279574652298445,0.0041936407789055,0.00559155633133345,0.00419364092994454,0.00279580980834898,0.00419361978447669,0.00279572552855566,0.00139780997612771,0.00139780997612771,0.00139780997612771,0
662,"LCA","Saint Lucia",NA,NA,NA,NA,NA,NA,NA,NA,NA,NA,NA,NA,NA,NA,NA,NA,NA,NA,NA,NA,NA,NA,NA,NA
670,"VCT","Saint Vincent and the Grenadines",0,0,0,0,0,0,0,0,0,0,0,0,0,0,0,0,0,0,0,0,0,0,0,5.30090353356716e-09
882,"WSM","Samoa",NA,NA,NA,NA,NA,NA,NA,NA,NA,NA,NA,NA,NA,NA,NA,NA,NA,NA,NA,NA,NA,NA,NA,NA
674,"SMR","San Marino",0,0,0,0,0,0,0,0,0,0,0,0,0,0,0,0,0,0,0,0,0,0,0,0
678,"STP","Sao Tome and Principe",NA,NA,NA,NA,NA,NA,NA,NA,NA,NA,NA,NA,NA,NA,NA,NA,NA,NA,NA,NA,NA,NA,NA,NA
682,"SAU","Saudi Arabia",NA,NA,NA,NA,NA,NA,NA,NA,NA,NA,NA,NA,NA,NA,NA,NA,NA,NA,NA,NA,NA,NA,NA,NA
686,"SEN","Senegal",0.000643801776199569,0.00077008696654665,0.00125073152499628,0.00198554333986603,0.00321981250596316,0.0043907722626868,0.00460715591487258,0.00734721063133746,0.00752259497662174,0.00648674555048523,0.00547034911078445,0.00524234033562202,0.00239912107238358,0.00194616436341358,0.001818643289584,0.00141990081973109,0.00125302452487363,0.00250574774676684,0.00193923559767046,0.00169588562943967,0.00187646730078523,0.00529613028481358,0.0117913035984046,0.0119247399233111
688,"SRB","Serbia",0,0,0,0,0.000174548851466531,0.000224116499332314,0.000263644822343504,0.00041355570666532,0.000448606885079336,0.000348497274503494,0.000947123922915469,0.00135835080883724,0.00141393719208409,0.00141931561687352,0.00144062855928638,0.000792434263008624,0.000365638953626255,0.00049075510486249,0.00051477096694955,0.000480705366725808,0.000480705366725808,0.000599936455120685,0.000269323036315787,0.000204877571025277
690,"SYC","Seychelles",0,0,0,0,0,0,0,0,0,0,0,0,0,0,0,0,0,0,0,0,0,0,0,0
694,"SLE","Sierra Leone",0.000291962918322008,0.000291962918322008,0.00058415541402471,0.0011680188794074,0.000876055961085387,0.00292001452133495,0.00525553702473696,0.00846716748049534,0.0128463835652157,0.0181017272359985,0.022189129040205,0.0233580413597742,0.0218968988904027,0.017517730687573,0.0125543436949421,0.00642298333048602,0.0029185485075148,0.000875868025425279,0.000291956678151891,0,0,0.000584321980907126,0.0011674191533991,0.00555010967352248
702,"SGP","Singapore",NA,NA,NA,NA,NA,NA,NA,NA,NA,NA,NA,NA,NA,NA,NA,NA,NA,NA,NA,NA,NA,NA,NA,NA
534,"SXM","Sint Maarten",0,0,0.00183502133076714,0.00550483233619641,0.00917455638099777,0.0110092588561292,0.0146788959004855,0.014678751085557,0.0110089400801277,0.00733921603532639,0.00550451356019496,0.00183487651583868,0,0.00183470247513142,0.00366940495026279,0.00550445534754019,0.0183485036394287,0.0220181986376284,0.020183496162497,0.0183487936873656,0.0165137432900882,0.00366969499819968,0,0
703,"SVK","Slovakia",2.72582328046022e-05,1.36344024202909e-05,0,0,0,0,0.000422136484982324,0.000422136484982324,0.000422136484982324,0.000422136484982324,0.000668097892454141,0.000245961407471817,0.000245961407471817,0.000245961407471817,0.000245961407471817,0,0,0,0,9.03841800896395e-05,9.03841800896395e-05,9.03841800896395e-05,0.000557714623911038,0.000557714623911038
705,"SVN","Slovenia",2.21920981070082e-05,0,0,0,0,0,0,0,0,6.59229561105973e-05,8.8507679838908e-05,8.8507679838908e-05,8.8507679838908e-05,8.8507679838908e-05,2.25847237283107e-05,0,0,0,2.22152033710298e-05,2.22152033710298e-05,2.22152033710298e-05,2.22152033710298e-05,2.22152033710298e-05,4.37571750632287e-05
90,"SLB","Solomon Islands",NA,NA,NA,NA,NA,NA,NA,NA,NA,NA,NA,NA,NA,NA,NA,NA,NA,NA,NA,NA,NA,NA,NA,NA
706,"SOM","Somalia",1.22579748395968e-05,0.000206729529815897,0.000199469151832966,0.000199469151832966,0.000199469151832966,0.000199469151832966,6.87400927013787e-05,6.87400927013787e-05,6.87400927013787e-05,6.87400927013787e-05,6.87400927013787e-05,6.38741103668157e-05,0.000280954749223386,0.000280954749223386,0.000280954749223386,0.000280954749223386,0.000217080638856571,0.000282256635016109,0.000286384121565326,0.000996788120460198,0.00149329028729096,0.00149329028729096,0.00182151580142985,0.00182110912253816
710,"ZAF","South Africa",2.21650629604889e-05,1.1307325950773e-05,0,0,0,0,0,0,0,9.81152150984109e-05,0.000137654663781944,0.000277957823667638,0.000442562320639523,0.000513883535044325,0.000466941011401694,0.000427401562718161,0.000335978143807915,0.000196409046866827,0.000139295311809121,0.000238353585420344,0.000279899635339997,0.000327142947579695,0.00104455366163622,0.00126981609845654
410,"KOR","South Korea",0.00931433766501975,0.00844181350459542,0.00598171413769779,0.0059328780932813,0.00437827134820898,0.00253162492954116,0.00101931200410625,0.00101931200410625,0,0.00533885666689514,0.0112616117436006,0.0184659094064859,0.024250939335679,0.0334104009043866,0.032285577201168,0.0328252685641671,0.0418872611101031,0.0471720533554784,0.0413632744669373,0.0372661652512388,0.0346033591086858,0.0239215097144145,0.0231307876661976,0.0198201265369862
728,"SSD","South Sudan",0,0,0,0,0,0,0,0,1.97323842849485e-05,0.000138875754083452,0.000138875754083452,0.000835060650017614,0.000835060650017614,0.00124374999543879,0.00300949874189579,0.00361156384748399,0.0033349488355821,0.00347099030758033,0.00304256857787421,0.00219869066095948,0.00229251390885499,0.00209210473986019,0.00195606326786195,0.00195606326786195
724,"ESP","Spain",7.1269172681508e-05,3.80594868652671e-05,0,0,0,0,0,0,0.00013226876999115,0.00013226876999115,0.00044193074046188,0.000593892752085343,0.000723979663086823,0.000591710893095672,0.000591710893095672,0.000282048922624943,0.000147203562010948,1.71166510094683e-05,0.000125514538036521,0.000802317801968947,0.00176638019953961,0.00278562171947794,0.00280694339129799,0.00269854550427094
144,"LKA","Sri Lanka",0.0078058544190627,0.0078058544190627,0.0141738298248258,0.0244508958166427,0.0186955591557874,0.0186955591557874,0.0186955591557874,0.0123275837500243,0.00205051775820746,0,0,6.17853263165136e-08,6.17853263165136e-08,6.17853263165136e-08,6.17853263165136e-08,6.17853263165136e-08,0,0.00247308295440676,0.00247308295440676,0.00267862506365063,0.00288416551754649,0.00288416551754649,0.00185101330503083,0.00185101330503083
275,"PSE","State of Palestine",0,0,0,0,0,0,0,0,0,0,0,0,0,0,0,0,0,0.0124946356053171,0.0124946356053171,0.0124946356053171,0.0124946356053171,0.0124946356053171,0,3.0319786388005e-10
729,"SDN","Sudan",0.00165321040170147,0.00289488581343896,0.00355549053826101,0.00661934098857925,0.00759051366217733,0.00653320350598641,0.00553030460237511,0.0049270759339576,0.00154951714960281,0.000616050168903581,0.000535017902025495,0.000287060611576039,0.000221065831280534,0.000221065831280534,7.37528089348617e-05,7.37528089348617e-05,7.37528089348617e-05,0.000129580978970364,0.000151740048582808,7.7987239647947e-05,7.7987239647947e-05,7.7987239647947e-05,0.000849213313802409,0.000827054244189964
740,"SUR","Suriname",0,0,0,0,0.00419880177582476,0.00419880177582476,0.00419880177582476,0.00419880177582476,0.00479883186323734,0.000600030087412587,0.000600030087412587,0.000600030087412587,0.000600030087412587,0,0,0,0,0,0,0,0,0.000900801207613329,0.000900801207613329,0.000900801332016577
752,"SWE","Sweden",5.9296640832129e-05,1.6784101567818e-05,0,0,6.58069229980583e-05,6.58069229980583e-05,6.58069229980583e-05,6.58069229980583e-05,6.58069229980583e-05,0,0,0,0,0,0,0,0,0,0,0,0,0,0,0
756,"CHE","Switzerland",3.41875201711437e-05,2.31557125253582e-05,0,0,0,0,0,0,0,6.46051620697724e-05,0.000153001861881158,0.000153001861881158,0.000153001861881158,0.000153001861881158,8.83966998113851e-05,0,0,0,0,3.39571674562086e-05,0.000112910144858461,0.000112910144858461,0.000112910144858461,0.000121923826273007
760,"SYR","Syria",0.000153697733979788,0.000153697733979788,0.000153697733979788,0.000153697733979788,0.000153697733979788,0,3.76763760068875e-06,3.76763760068875e-06,3.76763760068875e-06,3.76763760068875e-06,0.00162098535843945,0.00161721772083876,0.00161721772083876,0.00161721772083876,0.00161721772083876,0.00791047364727394,0.00791047364727394,0.00791047364727394,0.00791047364727394,0.00791047364727394,0,0,0,0
158,"TWN","Taiwan",0,0,0,0,0,0,0,0.00199031702305624,0.00398067726834444,0.00398067726834444,0.00398067726834444,0.00398067726834444,0.00199036024528819,0,0,0,0.00201135263758808,0.00201135263758808,0.00201135263758808,0.00201135263758808,0.00201135263758808,0.00398855147700658,0.00398855147700658,0.00801391997066486
762,"TJK","Tajikistan",0.000761055102976104,0.000760368200372599,0.00118444947801793,0.000644638869499339,0.00044556465608198,0.00044556465608198,0.000477846947606188,5.21646368908613e-05,8.46504390996528e-05,0.000133143205898426,0.00039107530336203,0.000872973534151495,0.000978702831739804,0.00116052634926058,0.00148366299212718,0.00122573089466358,0.000752163415437659,0.001103460872444,0.000870865886092053,0.00183535385165414,0.00232073023136357,0.00298818663234889,0.00309381744805962,0.00321576092673159
834,"TZA","Tanzania",4.35855191930906e-06,2.17863522893089e-06,0,0,0,0.000303293808966476,0.000517026578558303,0.00120342301269432,0.00141870913970645,0.00141870913970645,0.00112210870542522,0.00133884054709568,0.000719682319977109,0.000504396192964972,0.000504396192964972,0.000688267141716,0.000564333838709084,0.0011371162020124,0.00114655469326854,0.00221436041433509,0.00225212659093345,0.00194559528267807,0.00130557471235732,0.00129613622110118
764,"THA","Thailand",0.00764127304489186,0.0077341459982775,0.00771512366679828,0.000896213189680278,0.00306038539132297,0.00369346034395927,0.00428296422999992,0.00428296422999992,0.00578944793134242,0.00284068325353244,0.00220760830089613,0.00176173537021054,0.00226742997979586,0.00154156845690483,0.00154156845690483,0.00157819188048696,0.00190810367292318,0.003390500491548,0.00267584770907429,0.00309766238342396,0.00393320951673964,0.00334804605543536,0.00135995462722523,0.00129398523124747
626,"TLS","Timor-Leste",0,0,0,0,0,0,0,0,0,0,0,0,0,0,0,0,0,0,0,0,0,0,0,0
768,"TGO","Togo",0.00517303130501108,0.002586522469792,0.0646589897581308,0.0646589897581308,0.0698321978294749,0.0698321978294749,0.0698321978294749,0.00517320807134402,0.00772629545497391,0.0025530873836299,0.0025530873836299,0.0025530873836299,0.0025530873836299,0,0,0,0,0,0,0,0,0,0,0.00520493862117567
776,"TON","Tonga",NA,NA,NA,NA,NA,NA,NA,NA,NA,NA,NA,NA,NA,NA,NA,NA,NA,NA,NA,NA,NA,NA,NA,NA
780,"TTO","Trinidad and Tobago",0.00025126696869819,0.00150640490740971,0.00125535073056738,0.00175742242871371,0.00351489561124964,0.00502174686769386,0.00652956326367002,0.00703175367727281,0.0120566264902689,0.0145693044254053,0.0165776778631452,0.0163264662335055,0.0158242758199027,0.0102973313087603,0.00703147271296725,0.00452086047947636,0.00427007011183148,0.00427007011183148,0.00452129186061327,0.0035169993387339,0.00276333957359055,0.00050238723618747,0.00050238723618747,0.000251165487405675
788,"TUN","Tunisia",0.00178971648956185,0.00178971648956185,0,0,0,0,0,0,0,0,0,0.00180478205018973,0.00180478205018973,0.00180478205018973,0.00180478205018973,0.00359456369406232,0.00178978164387259,0.00178978164387259,0.00178978164387259,0.00178978164387259,0,0,0,9.23519308533279e-11
792,"TUR","Turkey",1.6694348411078e-05,9.98946030387383e-06,0,0,0,0,0,0.000280386786518403,0.000425509954749435,0.000633959562469966,0.000767055722042701,0.00159195221891338,0.00174744622264421,0.00167166305078454,0.00174093630518285,0.00195399192361473,0.0011939699646931,0.000868964356087258,0.000830398295221795,0.00187715719780961,0.0017445772637501,0.00245606679842926,0.0031487465794664,0.00360174710623798
795,"TKM","Turkmenistan",0.0018876994749794,0.00562163200208294,0.00711279356388723,0.00624879633734393,0.00752100565452599,0.00737309483681329,0.00362711734796009,0.00212410402530484,0.00170633191199564,0.000827744420309969,0.000827744420309969,0.00118263657246589,0.00118263657246589,0.00096627192135136,0.000354892152155918,0.000354892152155918,1.98049346301911e-05,9.99411929454394e-05,0.00011825965635603,0.00011825965635603,0.000385433336181163,0.000365628401550971,0.000285492143235724,0.000267173679825133
796,"TCA","Turks and Caicos Islands",0.00679042678156896,0.0120715910301995,0.0120715910301995,0.0120715910301995,0.0150903648306104,0.00829993804904148,0.00301877380041097,0.00301877380041097,0.00301877380041097,0,0,0,0,0,0,0,0,0,0,0,0,0,0,0
798,"TUV","Tuvalu",NA,NA,NA,NA,NA,NA,NA,NA,NA,NA,NA,NA,NA,NA,NA,NA,NA,NA,NA,NA,NA,NA,NA,NA
800,"UGA","Uganda",0.00123673654773488,0.00123673654773488,0.00123673654773488,0.00218111934629138,0.00238703147124461,0.00124961150720624,0.00135379155447336,0.0016201093044991,0.00076048122444679,0.00057394275231539,0.000520630356420696,0.00058111705796972,0.000334186886019401,0.000539955783364245,0.000566590668423469,0.000547196690231489,0.000527783086682102,0.000900694577931761,0.000617441319486297,0.00270439750093226,0.00407047815420762,0.00659438791820099,0.00815416447395475,0.00817838101497247
804,"UKR","Ukraine",9.7121031566504e-05,4.2848171320795e-05,0.000395360563309829,0.000404956941611953,0.000679416999654105,0.00118099839036049,0.00163138327176013,0.00219784387283203,0.00218824749452991,0.00191378743648775,0.00141220604578137,0.000961821164381729,0,0,0,6.56641086901205e-05,6.56641086901205e-05,6.56641086901205e-05,7.1191317642674e-05,7.1191317642674e-05,9.51818302311519e-05,9.51818302311519e-05,9.51818302311519e-05,0.000142485035927759
784,"ARE","United Arab Emirates",NA,NA,NA,NA,NA,NA,NA,NA,NA,NA,NA,NA,NA,NA,NA,NA,NA,NA,NA,NA,NA,NA,NA,NA
826,"GBR","United Kingdom",0.00519190343741087,0.00587332726090723,0.00691532876130257,0.00573022729864134,0.00565118452081805,0.00435668283119168,0.00386127875688275,0.00275529267070473,0.00204698027936535,0.00129183244036842,0.000528468282379892,0.000143251876433846,0,0,0,0,0,0.000118613758009351,0.000126232124866084,0.000126232124866084,0.000126232124866084,0.000126232124866084,4.63314223560922e-05,0.000128297374023615
840,"USA","United States of America",0.000671011591609481,0.00061722882469275,0.000559930056205419,0.000606700811995738,0.000412593646961915,0.000247583364044863,0.000260318653969624,0.000260318653969624,0.00017634026300563,0.000166645619197606,0.000173854385049102,0.000253354391421155,0.000305835546976318,0.00025892032539854,0.000209161095352677,0.000180559483314426,0.00013337736992924,0.000169281972208858,0.000222994770328271,0.000479404299738886,0.000611636209773097,0.000566583026861467,0.000478197269026686,0.000434273264109167
858,"URY","Uruguay",1.0286112031615e-05,3.19355863453948e-05,3.1789615537638e-05,3.1789615537638e-05,2.41844648982807e-05,4.52734900199676e-05,2.36240157061879e-05,7.73536160867787e-05,9.24521137443167e-05,9.24521137443167e-05,0.000259863457224884,0.000283929320841864,0.000231829012271571,0.000216730514614033,0.000216730514614033,2.56951554272768e-05,3.85534662884307e-06,4.69970546436191e-05,4.69970546436191e-05,0.000160038028830028,0.000182047242475205,0.000237946190877736,0.000332148523228976,0.000499345203756942
860,"UZB","Uzbekistan",0.00106165848271712,0.00156813823065635,0.00211123786827924,0.00117870489355066,0.00175978197166032,0.00243251571954137,0.0018788817372889,0.00130405125737248,0.00130405125737248,0.000722974179262821,0,0,0,0,0,0,0,0,1.26429577642969e-05,1.26429577642969e-05,0.000255513209583688,0.000573563898624977,0.000573563898624977,0.00056092094086068
548,"VUT","Vanuatu",0,0,0,0,0,0,0,0,0,0,0,0,0,0,0,0,0,0,0,0,0,0,0,0
862,"VEN","Venezuela",0.000144966106576291,0.000163636538968004,0.000435993139237062,0.000830049103384822,0.000889635155271794,0.00087356993799709,0.000854899505605377,0.000739522086259064,0.000350871232915762,0.000417801336823123,0.000449476182964757,0.000449476182964757,0.000262436445534399,0.000257031334729938,0.000177086745009172,0.000208409068927273,0.000208409068927273,0.000405289902292246,0.000433660697676143,0.000445697503459912,0.000496155506320746,0.000736481978755168,0.000671057855305445,0.000656904674419444
704,"VNM","Viet Nam",0.00632869152110439,0.00601815752218908,0.00592001513468086,0.00113398196340238,0.000881931822152953,0.00135016579083725,0.00180319240905111,0.00262948628762041,0.00262948628762041,0.00183014805699864,0.00136191408831434,0.000908887470100482,0.000947782809063703,0.000947782809063703,0.000901814356820563,0.0010946978673748,0.00141931751989793,0.00113058619699153,0.00130316158122942,0.00368306550317237,0.00481456659478603,0.0054133074072283,0.00596612129777238,0.00661028878023032
876,"WLF","Wallis and Futuna Islands",NA,NA,NA,NA,NA,NA,NA,NA,NA,NA,NA,NA,NA,NA,NA,NA,NA,NA,NA,NA,NA,NA,NA,NA
732,"ESH","Western Sahara",NA,NA,NA,NA,NA,NA,NA,NA,NA,NA,NA,NA,NA,NA,NA,NA,NA,NA,NA,NA,NA,NA,NA,NA
887,"YEM","Yemen",0.000661444545097477,0.00237083838541954,0.00374953020442756,0.00358415932133591,0.0033085573838376,0.00308808565933008,0.00170973312863378,0.000331041309625766,0.000331041309625766,0.000331041309625766,0.000882381785756505,0.000551340476130738,0.000771890000345601,0.000771890000345601,0.000771890000345601,0.000441020141460644,0.000441020141460644,0.000220470617245783,0.000220470617245783,0.000385947272973253,0.00016547665572747,0.00016547665572747,0.000165483823790382,0.000165483823790382
894,"ZMB","Zambia",7.82183793576169e-05,6.26402754464476e-05,5.1513191059719e-05,0,0,0,0.000103790753213255,0.000103790753213255,0.000390211109980723,0.000425342766753482,0.000759862557157483,0.00112461806624555,0.00150871292137708,0.00122229256460961,0.00118716090783685,0.000852641117432855,0.000397781513315732,3.13277590465059e-05,3.13277590465059e-05,0.00106725984417965,0.00182063570254228,0.00197569023901026,0.00195804913814795,0.0019865121132154
716,"ZWE","Zimbabwe",8.60397665834933e-06,0.000728957370799525,0.00145963968020493,0.00156224425702673,0.00210635172166096,0.00454724022312361,0.00577658215519221,0.00804045514737938,0.00861451928637941,0.00955638414793393,0.0108439011247276,0.0159332644514533,0.0142653769937706,0.0140736437726246,0.0128659286626304,0.00964513201199405,0.0027849169878328,0.00186795186766009,0.0013953408762172,0.00232577350868507,0.00232137722745443,0.00236267083560028,0.00207229935392478,0.00217778684766341
