code,iso,country,SPI.raw.1980,SPI.raw.1981,SPI.raw.1982,SPI.raw.1983,SPI.raw.1984,SPI.raw.1985,SPI.raw.1986,SPI.raw.1987,SPI.raw.1988,SPI.raw.1989,SPI.raw.1990,SPI.raw.1991,SPI.raw.1992,SPI.raw.1993,SPI.raw.1994,SPI.raw.1995,SPI.raw.1996,SPI.raw.1997,SPI.raw.1998,SPI.raw.1999,SPI.raw.2000,SPI.raw.2001,SPI.raw.2002,SPI.raw.2003,SPI.raw.2004,SPI.raw.2005,SPI.raw.2006,SPI.raw.2007,SPI.raw.2008,SPI.raw.2009,SPI.raw.2010,SPI.raw.2011,SPI.raw.2012,SPI.raw.2013,SPI.raw.2014,SPI.raw.2015,SPI.raw.2016,SPI.raw.2017,SPI.raw.2018,SPI.raw.2019,SPI.raw.2020,SPI.raw.2021
4,AFG,Afghanistan,0.31,0.31,0.31,0.4,0.4,0.4,0.4,0.4,0.4,0.4,0.4,0.4,0.4,0.4,0.4,0.4,0.4,0.4,0.4,0.4,0.4,0.4,0.4,0.4,0.4,0.4,0.4,0.4,0.4,0.95,0.95,0.95,0.95,0.95,0.95,0.95,5.13,5.13,5.13,8.24,13.38,13.38
8,ALB,Albania,4.48,4.48,4.48,4.48,4.48,4.48,4.48,4.48,4.48,4.48,4.48,4.48,4.48,4.48,4.48,4.67,14.11,14.61,14.61,18.55,18.55,18.55,18.71,18.71,22.3,32.68,35.97,41.41,46.63,46.86,48.32,56.21,58.34,60.4,60.4,60.41,60.41,60.41,63.64,63.64,63.64,63.64
12,DZA,Algeria,21.19,21.19,21.19,22.57,23.1,23.1,23.1,34.03,34.03,34.03,34.03,34.03,34.03,34.15,34.15,34.15,34.15,34.15,34.15,34.15,34.15,42.59,42.59,44.76,45.74,45.74,45.74,45.74,73.76,73.88,73.88,73.9,73.9,73.9,73.9,73.9,73.9,73.9,73.9,74.44,74.44,74.44
20,AND,Andorra,-9999,-9999,-9999,-9999,-9999,-9999,-9999,-9999,-9999,-9999,-9999,-9999,-9999,-9999,-9999,-9999,-9999,-9999,-9999,-9999,-9999,-9999,-9999,-9999,-9999,-9999,-9999,-9999,-9999,-9999,-9999,-9999,-9999,-9999,-9999,-9999,-9999,-9999,-9999,-9999,-9999,-9999
24,AGO,Angola,31.75,31.75,31.75,31.75,31.75,31.75,31.75,31.75,31.75,31.75,31.75,31.75,31.75,31.75,31.75,31.75,31.75,31.75,31.75,31.75,31.75,31.75,31.75,31.75,31.75,31.75,31.75,31.75,31.75,31.75,31.75,31.75,31.75,31.75,31.75,31.75,31.75,31.75,31.75,31.75,31.75,31.75
660,AIA,Anguilla,-9999,-9999,-9999,-9999,-9999,-9999,-9999,-9999,-9999,-9999,-9999,-9999,-9999,-9999,-9999,-9999,-9999,-9999,-9999,-9999,-9999,-9999,-9999,-9999,-9999,-9999,-9999,-9999,-9999,-9999,-9999,-9999,-9999,-9999,-9999,-9999,-9999,-9999,-9999,-9999,-9999,-9999
28,ATG,Antigua and Barbuda,0,0,0,0,0,0,0,0,0,5.86,5.86,5.86,5.86,5.86,5.86,5.86,5.86,5.86,5.86,8.05,8.05,8.05,8.05,8.05,8.05,38.45,38.45,38.45,38.68,38.68,38.68,38.68,38.68,38.68,38.68,38.68,38.68,38.68,39.15,39.15,39.15,39.15
32,ARG,Argentina,8.69,8.805,12.275,12.725,12.745,12.955,14.415,14.425,14.995,15.085,15.325,15.335,15.875,16.505,16.785,17.665,18.575,19.955,20.295,23.285,25.665,27.005,28.905,30.555,32.155,32.885,33.655,33.675,33.81,34.28,34.305,34.52,34.78,34.82,35.09,35.785,35.83,36.22,37.08,37.125,37.125,37.15
51,ARM,Armenia,8.55,8.58,8.58,8.58,8.58,8.58,8.58,8.64,8.64,8.76,8.76,8.76,8.76,40.18,40.18,40.18,40.18,40.18,40.18,40.18,40.18,40.19,43.22,43.23,43.23,43.23,43.23,43.24,43.24,48.7,48.71,50.26,50.26,50.26,50.26,50.26,50.26,50.26,50.26,50.26,50.26,50.26
533,ABW,Aruba,-9999,-9999,-9999,-9999,-9999,-9999,-9999,-9999,-9999,-9999,-9999,-9999,-9999,-9999,-9999,-9999,-9999,-9999,-9999,-9999,-9999,-9999,-9999,-9999,-9999,-9999,-9999,-9999,-9999,-9999,-9999,-9999,-9999,-9999,-9999,-9999,-9999,-9999,-9999,-9999,-9999,-9999
36,AUS,Australia,11.355,12.12,12.42,12.77,13.03,13.37,13.63,14.48,15.74,16.54,17.535,18.795,19.515,20.345,21.785,22.09,22.455,23.495,24.025,25.415,27.09,27.58,31.315,32.185,33.285,33.935,35.94,37.74,40.15,44.645,47.035,51.86,54.54,59.975,62.08,63.83,67.16,69.41,71.66,71.665,72.37,72.8
40,AUT,Austria,14.925,25.3,26.785,27.725,28.715,28.745,30.195,30.865,30.955,31.035,31.135,31.465,31.485,31.495,31.565,32.42,36.555,42.31,45.725,45.96,46.295,47,49.89,61.43,63.645,64.58,68.115,68.32,68.545,72.575,73.66,74.795,75.025,75.435,75.64,77.93,78.765,78.985,79.54,79.54,79.54,79.8
31,AZE,Azerbaijan,21.955,22.025,22.035,22.035,22.875,22.875,22.89,23.715,23.715,23.715,23.715,23.715,23.715,27.235,27.235,27.235,27.255,27.255,27.255,27.255,27.255,27.265,27.265,32.19,35.81,36.23,44.495,44.495,45.47,49.61,49.61,49.92,49.92,49.92,49.92,49.92,49.92,49.92,50.41,50.595,50.595,50.68
44,BHS,Bahamas,0,0,0,0,0,0,0,0,0,0,0,0,0.01,0.01,0.42,0.42,0.42,12.9,12.9,12.9,12.9,12.9,15.8,15.8,15.8,15.8,15.8,15.8,15.8,15.8,15.81,15.81,30.98,30.98,30.98,38.55,38.55,38.55,38.55,38.55,38.55,38.55
48,BHR,Bahrain,0,0,0,0,0,0,0,0,0,0,0,0,0,0,0,0,0,0,0,0,0,0,0,0,0,0,0,0,0,0,0,0,0,0,0,0,0,0,0,0,0,0
50,BGD,Bangladesh,0.62,0.99,1.75,5.6,5.6,5.6,6.08,6.08,6.08,6.08,6.08,6.08,19.34,19.34,19.34,19.34,22.32,22.32,22.32,22.67,22.67,22.73,22.73,22.73,22.75,22.76,22.82,22.93,22.93,23.4,24.44,24.46,24.63,24.67,24.67,24.67,24.67,24.67,24.67,24.67,24.67,24.67
52,BRB,Barbados,0.78,0.78,0.78,0.78,0.78,0.78,0.78,0.78,0.78,0.78,0.78,0.78,0.78,0.78,0.78,0.78,0.78,0.78,0.78,0.78,0.78,0.78,0.78,0.78,0.78,0.78,0.78,0.78,0.78,0.78,0.78,0.78,0.78,0.78,0.78,0.78,0.78,0.78,0.78,0.78,0.78,0.84
112,BLR,Belarus,36.965,37.115,37.115,37.125,37.125,37.125,37.325,37.325,37.57,37.57,38.5,38.54,38.555,38.73,38.73,39.285,39.295,39.295,39.295,39.465,39.465,40.95,41.405,41.405,41.425,41.49,41.49,41.49,41.5,41.505,41.505,41.505,41.885,43.09,43.795,44.26,44.26,44.26,44.26,44.26,44.26,78.22
56,BEL,Belgium,17.385,17.385,17.385,17.385,17.385,17.55,17.695,17.7,24.87,24.9,24.995,25.245,25.285,25.315,25.645,25.735,26.01,26.315,26.405,26.775,27.27,28.015,31.175,34.815,50.66,50.985,51.14,51.43,51.535,52.67,52.78,52.905,52.985,53.25,57.285,60.58,60.705,60.795,60.825,70.075,70.075,78.31
84,BLZ,Belize,60.755,60.755,60.755,60.755,65.43,65.67,65.69,65.69,70.05,70.58,74.67,86.27,86.32,86.32,86.98,87.33,87.49,87.49,88.57,88.57,88.57,89.045,89.12,89.12,89.25,89.44,89.44,89.52,89.54,89.54,89.56,89.65,89.905,89.905,89.905,89.905,89.905,89.905,89.905,89.905,89.905,89.91
204,BEN,Benin,69.47,69.47,69.47,69.47,69.47,69.47,69.47,69.47,69.47,69.47,69.47,69.47,69.47,69.47,69.47,69.47,69.47,69.47,69.47,69.47,69.47,69.47,72.05,72.05,72.05,72.05,72.05,72.05,72.05,72.05,72.05,72.05,72.05,72.05,72.05,72.05,72.05,72.05,72.05,72.05,72.05,72.05
60,BMU,Bermuda,-9999,-9999,-9999,-9999,-9999,-9999,-9999,-9999,-9999,-9999,-9999,-9999,-9999,-9999,-9999,-9999,-9999,-9999,-9999,-9999,-9999,-9999,-9999,-9999,-9999,-9999,-9999,-9999,-9999,-9999,-9999,-9999,-9999,-9999,-9999,-9999,-9999,-9999,-9999,-9999,-9999,-9999
64,BTN,Bhutan,30.63,30.63,30.63,30.63,30.63,30.63,30.63,30.63,30.63,30.63,30.63,30.63,30.63,61.98,61.98,61.98,61.98,61.98,61.98,72.47,72.47,72.47,72.47,72.47,72.47,72.47,72.47,72.47,75.42,75.42,75.42,75.42,75.42,75.42,75.44,75.44,75.44,75.44,75.44,75.44,75.44,75.44
68,BOL,Bolivia,21.405,21.405,21.405,21.405,21.405,21.405,24.52,25.235,35.06,36.58,44.78,45.58,47.03,47.88,47.88,58.955,59.295,61.28,61.285,61.29,61.835,62,62.32,62.32,63.125,63.375,63.425,65.8,65.825,65.905,66.57,66.57,66.57,66.57,66.57,66.57,66.57,66.57,66.57,66.57,66.57,66.85
70,BIH,Bosnia and Herzegovina,2.685,2.705,2.705,2.715,2.715,2.715,2.715,2.715,2.715,2.715,2.715,2.715,2.715,2.715,2.715,10.155,10.155,10.155,10.155,10.155,10.155,10.155,10.32,10.37,10.37,10.595,10.67,10.99,20.56,21.315,21.315,21.565,21.565,21.57,22.38,22.4,22.41,22.81,22.925,23.25,23.25,23.26
72,BWA,Botswana,79.85,81.55,81.55,81.55,81.55,81.55,81.55,81.55,81.55,81.55,81.55,81.55,82.68,82.97,82.97,82.97,92.34,92.34,92.34,92.34,92.34,92.34,92.34,92.34,92.34,92.34,92.34,92.34,92.34,92.34,92.34,92.34,92.34,92.34,92.34,92.34,92.34,92.34,92.34,92.34,92.34,92.34
76,BRA,Brazil,8.465,8.82,10.15,11.48,13.48,15.54,15.66,19.055,21.61,28.16,31.4,32.34,33.44,34.94,39.05,40.57,42.21,46.415,50.705,52.99,55.61,58.3,61.285,62.035,62.845,63.115,64.45,64.97,65.91,66.56,67.24,67.47,67.915,68.08,68.31,68.35,68.44,69.24,70.24,70.24,70.24,70.3
92,VGB,British Virgin Islands,-9999,-9999,-9999,-9999,-9999,-9999,-9999,-9999,-9999,-9999,-9999,-9999,-9999,-9999,-9999,-9999,-9999,-9999,-9999,-9999,-9999,-9999,-9999,-9999,-9999,-9999,-9999,-9999,-9999,-9999,-9999,-9999,-9999,-9999,-9999,-9999,-9999,-9999,-9999,-9999,-9999,-9999
96,BRN,Brunei Darussalam,44.465,44.465,48.845,48.845,58.27,58.385,58.385,58.915,58.915,58.915,58.915,73.695,73.695,73.695,73.695,73.695,73.695,73.695,73.695,73.695,73.695,73.695,73.695,73.695,73.695,73.695,73.695,73.695,73.695,73.695,73.695,73.865,73.865,73.865,73.865,73.865,73.865,73.865,73.865,73.865,73.865,73.9
100,BGR,Bulgaria,1.19,1.215,1.215,1.22,1.24,1.245,1.285,1.305,1.305,1.305,1.32,1.325,1.33,1.33,1.36,1.38,1.38,1.725,1.725,1.725,1.73,1.745,1.76,1.77,1.775,1.785,1.79,24.075,86.76,86.77,86.77,86.84,86.86,86.93,86.93,86.93,86.93,86.93,86.93,86.93,86.93,86.93
854,BFA,Burkina Faso,62.94,62.94,62.94,62.94,62.94,62.94,62.94,62.94,62.94,62.94,63.67,63.67,63.67,63.67,63.67,63.67,63.67,63.67,63.67,63.67,63.67,63.67,63.7,63.7,63.7,63.7,63.7,69.05,69.18,79.205,79.205,79.205,79.205,79.205,79.205,82.945,83.29,85.725,89.175,89.245,89.245,89.25
108,BDI,Burundi,31.385,31.385,31.385,31.385,31.385,31.385,31.385,31.385,31.385,31.385,31.385,31.385,31.385,31.445,31.445,31.445,31.445,31.445,31.445,31.445,31.445,31.445,31.445,31.445,31.445,31.445,31.445,31.445,31.445,31.445,31.445,31.465,31.465,31.465,31.465,31.465,31.465,31.465,31.465,31.465,31.465,33.01
132,CPV,Cabo Verde,3.91,3.91,3.91,3.91,3.91,3.91,3.91,3.91,3.91,3.91,3.91,3.91,3.91,3.91,3.91,3.91,3.91,3.91,3.91,3.91,3.91,3.91,3.91,3.91,3.91,4.29,4.29,4.29,4.29,4.29,4.29,4.29,4.29,4.5,4.5,4.5,4.5,4.5,4.5,4.5,4.5,8.41
116,KHM,Cambodia,0,0,0,0,0,0,0,0,0,0,0,0,0,57.36,57.36,57.36,57.68,57.68,57.68,57.68,57.68,57.8,57.8,57.8,57.8,57.8,57.8,57.8,57.8,57.81,57.81,57.81,57.81,57.81,57.81,57.81,83.58,89.3,89.49,89.66,89.66,89.66
120,CMR,Cameroon,2.48,2.48,2.48,2.48,2.48,2.48,4,4,4,4,4.07,4.08,4.08,4.08,4.08,4.08,5.22,5.22,5.22,5.22,10.33,11.91,11.91,11.915,12.76,17.49,17.5,24.5,25.81,27.47,28.37,28.37,29.56,29.56,31,31.64,31.64,31.64,33.03,33.03,33.03,33.03
124,CAN,Canada,27.995,28.59,32.435,34.32,36.84,37.165,37.935,40.88,41.275,42.31,42.595,42.685,43.095,43.815,44.185,46.58,48.19,49.73,50.955,52.285,53.205,55.355,55.925,59.57,60.365,62.075,63.25,64.505,67.275,68.235,68.465,69.895,71.095,72.26,72.71,73.955,74.19,74.475,75.74,76.31,76.715,78.06
136,CYM,Cayman Islands,-9999,-9999,-9999,-9999,-9999,-9999,-9999,-9999,-9999,-9999,-9999,-9999,-9999,-9999,-9999,-9999,-9999,-9999,-9999,-9999,-9999,-9999,-9999,-9999,-9999,-9999,-9999,-9999,-9999,-9999,-9999,-9999,-9999,-9999,-9999,-9999,-9999,-9999,-9999,-9999,-9999,-9999
140,CAF,Central African Republic,58.755,58.755,58.755,58.755,58.755,58.755,58.755,58.755,58.755,58.755,68.4,68.4,68.4,68.4,68.4,68.4,68.4,68.4,69.595,69.595,69.595,69.595,69.595,69.595,69.595,69.595,69.595,69.605,69.605,69.615,69.615,69.615,69.615,69.615,69.615,69.615,69.615,69.615,69.615,69.615,69.615,78.34
148,TCD,Chad,62.1,62.1,62.1,62.1,62.1,62.1,62.1,62.1,62.1,62.1,62.88,62.88,62.88,62.88,62.88,62.88,62.88,62.88,62.88,62.88,62.88,62.88,62.88,62.88,64.6,65.19,65.19,65.19,65.24,65.24,65.62,65.62,65.7,65.7,65.7,65.7,65.7,65.7,65.7,65.7,65.7,65.7
152,CHL,Chile,25.87,25.9,26.04,27.75,28.4,28.41,28.63,28.63,29.89,29.89,30.03,30.03,30.05,30.06,30.25,30.64,31.47,31.47,31.5,31.53,31.6,31.6,31.6,31.61,31.66,32.42,32.45,32.46,32.68,32.81,33.2,33.25,33.25,33.5,33.59,34.08,34.09,34.12,36.39,38.96,39.01,39.01
156,CHN,China,0.14,0.53,0.9,0.9,0.9,0.9,0.9,0.9,0.93,0.93,0.95,0.95,1.13,1.14,1.14,1.14,1.14,1.14,1.16,1.16,1.16,1.16,1.58,1.58,1.7,1.7,1.7,1.7,1.7,1.7,1.7,1.91,1.91,1.96,1.96,1.99,1.99,1.99,2.57,2.58,2.59,2.59
170,COL,Colombia,16.85,16.95,17.01,17.04,18.12,18.34,18.38,19.66,19.67,26,26.06,26.07,26.1,26.26,26.28,26.29,26.29,26.31,26.32,26.45,26.49,26.49,27.22,27.24,27.25,29,29.9,31.91,33.33,34.29,34.34,35.14,35.32,35.61,35.85,37.1,37.5,38.34,39.96,41.14,41.15,41.15
174,COM,Comoros,0,0,0,0,0,0,0,0,0,0,0,0,0,0,0,0,0,0,0,0,0,0,0,0,0,0,0,0,0,0,38.55,38.55,38.55,38.55,38.55,38.55,38.55,38.55,38.55,38.55,38.55,38.55
184,COK,Cook Islands,-9999,-9999,-9999,-9999,-9999,-9999,-9999,-9999,-9999,-9999,-9999,-9999,-9999,-9999,-9999,-9999,-9999,-9999,-9999,-9999,-9999,-9999,-9999,-9999,-9999,-9999,-9999,-9999,-9999,-9999,-9999,-9999,-9999,-9999,-9999,-9999,-9999,-9999,-9999,-9999,-9999,-9999
188,CRI,Costa Rica,26.94,29.25,38.17,38.23,39.18,40.76,41.12,41.36,41.53,41.53,41.89,43.94,44.73,44.74,46.35,46.69,47.96,48.03,48.17,48.26,53.51,53.62,53.67,53.67,53.71,53.71,54.17,54.18,54.18,54.19,54.19,54.19,54.2,54.24,54.25,54.25,54.25,54.25,54.26,54.41,54.41,54.41
384,CIV,Cote d'Ivoire,-9999,-9999,-9999,-9999,-9999,-9999,-9999,-9999,-9999,-9999,-9999,-9999,-9999,-9999,-9999,-9999,-9999,-9999,-9999,-9999,-9999,-9999,-9999,-9999,-9999,-9999,-9999,-9999,-9999,-9999,-9999,-9999,-9999,-9999,-9999,-9999,-9999,-9999,-9999,-9999,-9999,-9999
191,HRV,Croatia,1.505,1.505,1.51,1.85,1.85,1.85,1.87,1.875,1.875,1.875,1.875,1.95,1.965,2.03,2.03,2.04,2.04,2.04,2.245,2.26,2.285,2.31,2.31,2.32,2.32,2.32,2.32,2.795,3.29,3.29,3.3,4.74,4.74,36.16,89.95,89.965,89.97,89.97,89.97,90.12,90.12,90.13
192,CUB,Cuba,0,0,0,0,0,0,0,0,0,0,0,0,0,0,0,0,0,0,0,0,0,9.42,11.21,11.21,11.21,11.21,11.21,11.21,19.49,19.49,34.08,34.08,38.29,38.29,38.29,38.29,38.29,38.29,38.29,38.29,38.29,38.29
531,CUW,Curacao,-9999,-9999,-9999,-9999,-9999,-9999,-9999,-9999,-9999,-9999,-9999,-9999,-9999,-9999,-9999,-9999,-9999,-9999,-9999,-9999,-9999,-9999,-9999,-9999,-9999,-9999,-9999,-9999,-9999,-9999,-9999,-9999,-9999,-9999,-9999,-9999,-9999,-9999,-9999,-9999,-9999,-9999
196,CYP,Cyprus,0,0,0,0.02,0.02,0.02,0.02,0.02,0.02,0.02,0.02,0.02,0.02,0.02,0.02,0.02,0.04,0.04,0.04,0.04,0.05,0.05,0.05,0.05,0.06,0.06,0.06,4.035,6.94,6.945,6.945,7.04,7.04,7.175,46.68,73.92,82.335,82.335,82.375,83.475,83.475,87.54
203,CZE,Czech Republic,31.26,34.29,34.66,34.7,34.82,34.99,35,35.07,35.42,35.5,36.02,40.05,40.16,40.45,40.53,40.57,40.71,40.82,41.08,41.15,41.17,41.25,41.34,41.35,58.67,62.48,62.68,62.7,87.72,88.29,88.34,88.84,88.92,89.04,89.16,89.25,89.27,89.28,89.38,89.39,89.39,89.39
180,COD,Dem. Rep. Congo,29.07,29.07,29.07,29.07,29.07,29.07,29.07,29.07,29.07,29.07,29.07,29.075,35.335,35.335,35.335,35.335,40.685,40.685,40.685,40.685,40.685,40.685,40.685,40.685,40.685,40.685,41.965,45.865,53.37,53.37,53.37,53.87,54.005,54.005,54.005,54.005,54.7,64.655,64.655,64.655,64.655,65.89
208,DNK,Denmark,1.55,1.8,1.82,3.05,3.08,3.08,3.1,4.38,4.38,4.38,4.42,4.42,18.59,18.59,18.9,18.9,19.13,19.13,19.2,19.2,19.2,19.25,19.25,19.33,51.66,68.14,69.17,69.35,69.4,75.25,75.3,75.355,75.36,75.71,75.77,75.77,75.99,76.02,76.02,76.02,76.02,76.02
262,DJI,Djibouti,0,0,0,0,0,0,0,0,0,0,0,0,0,0,0,0,0,0,0,0,0,0,0,0,0,0,0,0,0,0,0,0,0,5.3,5.3,5.3,5.3,5.3,5.3,5.3,5.3,5.3
212,DMA,Dominica,14.86,14.86,14.86,14.86,14.86,14.86,14.86,15.15,15.15,15.15,15.15,15.15,15.15,15.15,15.15,15.15,15.15,15.15,15.3,15.3,19.59,19.59,19.59,19.59,19.59,19.59,19.59,19.59,19.59,19.59,19.59,19.59,19.59,19.59,19.59,19.59,19.59,19.59,19.59,19.59,19.59,19.59
214,DOM,Dominican Republic,0.03,0.03,0.03,0.26,0.26,0.26,0.26,0.26,0.26,0.26,0.26,0.26,0.26,0.26,0.26,0.26,0.26,0.26,0.26,0.26,0.26,0.26,0.26,0.26,41.42,41.42,41.42,41.42,41.42,47.74,47.74,49.35,49.35,49.35,51.24,51.24,51.25,51.25,51.25,51.25,51.25,51.25
218,ECU,Ecuador,0,0,0,2.08,2.08,2.13,2.13,2.53,2.53,2.53,2.58,2.58,6.73,7.83,10.94,10.94,23.54,23.54,23.56,24.01,24.01,24.16,24.17,24.63,28.42,28.42,28.59,28.6,28.6,28.6,33.66,33.7,34.09,34.09,35.09,35.09,35.11,39.48,39.89,40.19,40.19,40.19
818,EGY,Egypt,0,0,0,0.26,0.26,0.26,0.26,0.26,0.26,0.3,0.3,0.3,0.31,0.31,0.31,7.63,25.58,25.58,30.94,31.01,31.01,31.01,34.1,35.86,35.86,35.86,35.86,39.45,39.45,39.45,39.59,39.59,41.4,41.4,41.4,41.4,41.4,41.4,41.4,41.4,41.4,41.4
222,SLV,El Salvador,0.01,0.01,0.01,0.01,0.01,0.01,0.01,0.17,0.17,0.17,0.17,0.17,0.17,0.17,0.17,0.17,0.17,0.17,0.17,0.38,0.38,0.38,0.38,0.38,0.38,9.35,9.35,10.29,12.51,12.59,14.62,18.19,18.19,18.21,19.15,19.68,19.86,20.29,20.39,20.42,20.42,20.42
226,GNQ,Equatorial Guinea,0,0,0,0,0,0,0,0,0,0,20.39,20.39,20.39,20.39,20.39,20.39,20.39,20.39,20.39,20.39,57.97,57.97,58.07,70.04,70.04,70.04,70.04,70.04,70.04,70.04,70.04,70.04,70.04,70.04,70.04,70.04,70.04,70.04,70.04,70.04,70.04,70.04
232,ERI,Eritrea,18.15,18.15,18.15,18.15,18.15,18.15,18.15,18.15,18.15,18.15,18.15,18.15,18.15,18.15,18.15,18.15,18.15,18.15,18.15,18.15,18.15,18.15,18.15,18.15,18.15,18.15,18.15,18.16,18.16,18.16,18.16,18.16,18.16,18.16,18.16,18.16,18.16,18.16,18.16,18.16,18.16,18.16
233,EST,Estonia,0,0,0,0,0,0,0,0,0,0,0,0,0,0,0.36,0.36,0.36,0.53,0.53,0.53,0.53,0.53,0.53,0.53,1.56,2.12,4.52,51.59,51.59,62.98,66.39,66.59,66.59,66.74,71.92,77.36,79.81,82.16,86.49,86.6,86.6,86.6
748,SWZ,Eswatini,15.02,15.02,15.02,15.02,15.02,17.43,17.43,17.43,17.43,17.43,17.43,17.43,17.43,17.43,17.71,17.71,17.71,17.71,17.71,17.71,17.71,17.71,17.71,17.71,17.71,17.71,17.71,17.71,17.71,17.71,17.71,17.71,17.71,18.03,18.03,18.59,18.59,18.59,18.59,18.59,18.59,18.59
231,ETH,Ethiopia,37.29,37.29,37.29,37.57,37.57,39.66,39.66,39.66,39.66,39.66,39.66,39.66,39.66,39.66,39.66,39.66,39.66,39.66,39.66,39.66,39.66,39.66,39.66,39.66,39.66,39.89,40.805,41.01,41.01,41.01,41.01,47.34,47.34,47.34,47.34,47.34,47.34,52.555,52.555,52.555,52.555,52.56
234,FRO,Faeroe Islands,-9999,-9999,-9999,-9999,-9999,-9999,-9999,-9999,-9999,-9999,-9999,-9999,-9999,-9999,-9999,-9999,-9999,-9999,-9999,-9999,-9999,-9999,-9999,-9999,-9999,-9999,-9999,-9999,-9999,-9999,-9999,-9999,-9999,-9999,-9999,-9999,-9999,-9999,-9999,-9999,-9999,-9999
238,FLK,Falkland Islands,-9999,-9999,-9999,-9999,-9999,-9999,-9999,-9999,-9999,-9999,-9999,-9999,-9999,-9999,-9999,-9999,-9999,-9999,-9999,-9999,-9999,-9999,-9999,-9999,-9999,-9999,-9999,-9999,-9999,-9999,-9999,-9999,-9999,-9999,-9999,-9999,-9999,-9999,-9999,-9999,-9999,-9999
242,FJI,Fiji,1.48,1.48,1.48,1.48,1.48,1.48,1.5,1.5,1.51,1.61,2.58,2.59,2.59,2.59,2.59,2.59,2.59,2.74,2.74,2.77,3.26,3.35,3.38,3.99,5.14,5.44,6.89,7.08,7.08,7.08,7.08,7.08,7.08,7.08,7.08,7.08,7.08,7.08,7.08,7.08,7.08,7.08
246,FIN,Finland,0.23,0.3,0.31,0.32,0.33,0.36,0.37,0.39,0.46,0.47,0.495,1.155,1.19,1.24,1.26,1.28,1.7,1.73,2.23,2.27,2.33,2.51,2.58,2.69,3.33,3.62,4.06,4.33,4.625,4.82,5.05,5.32,5.59,5.885,6.275,68.525,68.62,69.685,69.835,70.295,70.3,70.3
250,FRA,France,11.105,11.105,11.11,11.12,11.14,11.205,11.905,11.925,11.96,12.25,12.26,12.845,12.85,13.095,13.135,16.765,18.405,18.745,20.925,21.265,21.505,29.425,29.545,31.28,33.34,33.425,35.695,50.17,57.62,58.66,68.48,68.59,69.54,69.575,70.48,70.735,71.25,71.51,72.28,72.49,72.49,72.5
258,PYF,French Polynesia,-9999,-9999,-9999,-9999,-9999,-9999,-9999,-9999,-9999,-9999,-9999,-9999,-9999,-9999,-9999,-9999,-9999,-9999,-9999,-9999,-9999,-9999,-9999,-9999,-9999,-9999,-9999,-9999,-9999,-9999,-9999,-9999,-9999,-9999,-9999,-9999,-9999,-9999,-9999,-9999,-9999,-9999
266,GAB,Gabon,10.5,10.5,10.5,10.5,10.5,10.5,21.14,21.14,21.14,21.14,21.14,21.14,21.14,21.14,21.14,21.14,21.14,21.14,21.69,21.69,21.69,21.69,79.62,79.64,79.64,79.64,79.64,80.93,80.96,87.28,87.28,87.28,87.36,87.36,87.36,87.38,87.38,87.38,87.41,87.41,87.41,87.41
270,GMB,Gambia,1.1,1.1,1.1,1.1,1.15,1.15,1.23,12.04,12.04,12.04,12.04,12.04,12.04,13.04,13.04,13.04,23.2,23.2,23.2,23.2,23.2,23.2,23.2,23.22,23.22,23.22,23.22,27.22,29.61,29.61,29.61,29.61,29.61,29.61,34.86,34.86,34.86,34.86,34.86,34.86,34.86,34.86
268,GEO,Georgia,4.27,4.27,4.27,4.27,4.27,4.27,4.31,4.31,4.31,4.31,4.31,4.31,4.31,4.31,4.31,9.04,9.63,9.63,10.45,10.45,10.45,10.45,10.45,15.23,15.24,15.24,16.05,22.03,22.04,22.07,22.07,22.6,23,23.07,25.33,25.33,25.36,25.36,25.36,25.38,25.38,25.38
276,DEU,Germany,23.75,24.1,26.85,28.725,30.67,31.47,32.16,34.2,38.53,40.62,43.75,45.57,47.46,48.52,50.835,55.49,56.93,60.26,63.82,65.42,67.14,70.59,71.405,72.92,83.97,84.34,85.945,87.475,88.69,88.81,88.885,89.065,89.12,89.14,89.17,89.21,89.255,89.29,89.39,89.39,89.39,89.39
288,GHA,Ghana,75.535,75.535,75.535,75.535,75.535,75.535,75.535,75.535,75.54,75.54,75.54,75.885,76.39,76.39,76.39,76.39,76.39,76.39,76.39,76.39,76.39,76.39,76.39,77.165,77.165,77.165,77.165,77.165,77.165,77.185,77.185,77.185,77.185,77.185,77.185,77.185,77.185,77.185,77.185,77.185,77.185,77.21
300,GRC,Greece,3.665,4.685,5.07,5.315,5.54,6.08,6.34,7.045,9.54,9.845,9.985,10.17,10.38,11.06,11.24,11.58,11.84,14.05,14.33,14.445,14.59,17.725,22.21,22.575,22.875,24.36,55.58,56.91,58.7,59.815,68.715,68.715,68.725,68.745,68.745,68.745,68.745,68.745,68.745,68.745,68.745,68.77
304,GRL,Greenland,-9999,-9999,-9999,-9999,-9999,-9999,-9999,-9999,-9999,-9999,-9999,-9999,-9999,-9999,-9999,-9999,-9999,-9999,-9999,-9999,-9999,-9999,-9999,-9999,-9999,-9999,-9999,-9999,-9999,-9999,-9999,-9999,-9999,-9999,-9999,-9999,-9999,-9999,-9999,-9999,-9999,-9999
308,GRD,Grenada,7.025,7.025,7.025,7.025,7.025,7.025,7.025,7.025,7.025,7.025,9.385,9.385,9.385,9.385,9.385,9.385,9.885,9.885,9.885,10.585,10.585,10.585,10.585,10.585,10.585,10.585,10.585,10.585,10.585,10.85,10.85,10.85,10.99,10.99,10.99,10.99,10.99,10.99,11.66,11.66,11.66,12.48
320,GTM,Guatemala,5.28,5.28,5.28,5.28,5.28,5.28,5.28,5.28,5.28,5.3,14.67,14.72,14.73,14.73,14.74,18.03,20.06,20.94,21.12,21.55,21.65,21.91,22.02,22.06,22.37,23.18,26.61,26.98,27.15,27.24,27.57,27.7,27.73,28.04,28.83,28.84,28.89,29.2,29.21,29.85,29.85,29.85
831,GGY,Guernsey,-9999,-9999,-9999,-9999,-9999,-9999,-9999,-9999,-9999,-9999,-9999,-9999,-9999,-9999,-9999,-9999,-9999,-9999,-9999,-9999,-9999,-9999,-9999,-9999,-9999,-9999,-9999,-9999,-9999,-9999,-9999,-9999,-9999,-9999,-9999,-9999,-9999,-9999,-9999,-9999,-9999,-9999
324,GIN,Guinea,29.405,29.405,29.405,29.42,29.42,29.42,29.42,29.42,29.42,29.42,29.42,29.42,30.81,30.81,30.81,30.81,30.81,30.81,30.81,30.81,30.81,30.81,56.305,56.305,56.305,57.14,57.14,57.14,57.14,57.14,57.14,57.14,57.15,57.15,57.15,57.15,57.15,57.15,57.15,57.15,57.15,59.78
624,GNB,Guinea-Bissau,17.715,17.715,17.715,17.715,17.715,17.715,17.715,17.715,17.715,17.715,17.715,43.885,44.21,44.21,44.21,44.21,44.21,44.21,44.21,44.21,56.615,56.615,56.615,56.615,56.615,57.92,57.92,66.66,66.66,66.66,66.66,66.66,66.66,66.66,66.66,72.96,72.96,72.96,72.96,72.96,72.96,81.57
328,GUY,Guyana,4.01,4.01,4.01,4.01,4.01,4.01,4.01,4.01,4.01,4.01,4.01,4.01,4.01,4.01,4.01,4.03,13.08,13.08,13.08,13.08,13.08,13.08,13.08,13.08,13.1,13.1,15.76,24.66,24.66,24.66,24.66,36.13,36.13,36.13,36.13,36.13,36.13,36.13,36.13,36.13,36.13,36.13
332,HTI,Haiti,0.67,0.67,0.67,2.64,2.64,2.64,2.64,2.64,2.64,2.64,2.64,2.64,2.64,2.64,2.64,2.64,2.64,2.64,2.64,2.64,2.64,2.64,2.64,2.64,2.89,2.89,2.89,2.89,2.89,3.01,3.01,3.01,3.01,4.68,6.6,7.35,7.35,12.44,12.44,12.44,12.44,14.01
336,VAT,Holy See,-9999,-9999,-9999,-9999,-9999,-9999,-9999,-9999,-9999,-9999,-9999,-9999,-9999,-9999,-9999,-9999,-9999,-9999,-9999,-9999,-9999,-9999,-9999,-9999,-9999,-9999,-9999,-9999,-9999,-9999,-9999,-9999,-9999,-9999,-9999,-9999,-9999,-9999,-9999,-9999,-9999,-9999
340,HND,Honduras,1.96,1.96,1.96,1.96,1.96,1.98,1.98,37.24,37.24,37.24,42.71,42.71,42.89,42.89,44.44,44.44,44.44,44.44,44.44,45.17,45.41,45.44,45.44,45.44,45.44,46.4,47.19,47.19,47.19,47.19,48.03,48.03,49.33,49.49,49.51,49.52,50.26,50.26,50.42,50.98,50.98,50.98
344,HKG,Hong Kong,-9999,-9999,-9999,-9999,-9999,-9999,-9999,-9999,-9999,-9999,-9999,-9999,-9999,-9999,-9999,-9999,-9999,-9999,-9999,-9999,-9999,-9999,-9999,-9999,-9999,-9999,-9999,-9999,-9999,-9999,-9999,-9999,-9999,-9999,-9999,-9999,-9999,-9999,-9999,-9999,-9999,-9999
348,HUN,Hungary,0.57,0.57,0.59,0.59,0.59,0.6,0.61,0.61,0.82,1.7,2.03,2.07,2.08,2.65,2.65,2.65,2.65,4.44,4.59,4.61,4.62,4.62,4.62,4.62,35.15,35.17,35.17,35.27,35.64,35.65,84.41,84.41,84.41,84.42,84.43,84.43,84.43,84.43,84.43,84.43,84.43,84.43
352,ISL,Iceland,9.16,9.16,9.16,9.16,9.16,14.78,14.91,14.94,15.77,15.77,15.92,15.92,15.92,15.92,16.21,16.26,16.28,16.28,16.28,16.41,16.44,17.46,17.49,17.63,21.83,22.79,22.83,22.91,22.91,41.52,41.52,42.16,42.24,42.51,42.51,42.51,42.59,42.59,42.59,42.59,44.75,44.75
356,IND,India,0.02,0.14,0.15,0.15,0.15,0.15,0.15,0.15,0.15,0.15,0.23,0.23,0.23,0.24,0.24,0.24,0.24,0.24,0.24,0.25,0.25,0.25,0.25,0.26,0.26,0.26,0.26,0.26,0.26,0.26,0.26,0.26,0.26,0.26,0.26,0.26,0.26,0.26,0.26,0.26,0.26,0.26
360,IDN,Indonesia,19.44,19.44,19.55,19.55,19.55,19.56,19.56,19.56,19.56,19.56,19.565,19.595,19.665,19.665,19.675,19.675,19.675,21.465,21.475,21.635,21.64,21.64,21.64,21.645,21.72,21.72,22.24,22.245,22.325,22.445,22.445,22.445,22.45,22.765,22.77,22.79,22.97,22.975,22.975,22.975,22.975,42.56
364,IRN,Iran,13.93,13.93,18.39,18.39,18.39,18.39,18.9,19.07,19.07,19.07,19.96,19.96,19.96,19.995,19.995,20.975,21.495,21.495,21.495,21.72,22.58,24.81,25.82,26.41,26.415,26.42,26.42,26.42,26.42,26.42,26.42,26.42,26.42,26.42,26.42,26.42,26.42,26.42,26.42,26.42,26.42,27.29
368,IRQ,Iraq,0,0,0,0,0,0,0,0,0,0,0,0,0,0,0,0,0,0,0,0,0.07,0.07,0.07,3.15,3.15,3.15,3.15,9.08,9.08,9.08,9.08,9.15,9.15,9.16,17.79,17.79,17.79,17.79,17.79,17.79,17.79,17.79
372,IRL,Ireland,21.94,21.94,21.94,21.94,21.94,22.45,23.41,23.43,23.445,23.445,23.535,23.57,23.57,23.57,24.155,28.77,31.855,32.82,32.885,32.885,32.885,32.89,32.925,33.93,34.525,37.11,40.03,44.945,44.96,46.16,47.27,47.865,47.88,47.88,47.93,47.93,48.485,50.355,53.8,55.595,55.595,72.65
833,IMN,Isle of Man,-9999,-9999,-9999,-9999,-9999,-9999,-9999,-9999,-9999,-9999,-9999,-9999,-9999,-9999,-9999,-9999,-9999,-9999,-9999,-9999,-9999,-9999,-9999,-9999,-9999,-9999,-9999,-9999,-9999,-9999,-9999,-9999,-9999,-9999,-9999,-9999,-9999,-9999,-9999,-9999,-9999,-9999
376,ISR,Israel,14.29,14.75,14.82,14.82,14.85,14.86,16.635,16.635,16.65,27.28,27.28,27.33,29.15,29.33,30.49,30.49,30.49,30.49,30.49,30.5,30.57,30.76,30.91,33.075,33.37,33.87,33.87,34.46,36.3,36.69,37.45,37.62,37.62,37.95,38.165,38.17,38.34,38.78,39.615,39.875,39.875,39.88
380,ITA,Italy,0.605,0.605,0.625,0.635,0.725,0.785,0.785,1.275,2.39,3.405,3.545,6.16,6.17,6.42,6.42,6.58,8.44,9.555,10.535,11.585,11.655,11.69,11.76,12.32,12.955,16.865,19.58,21.08,21.125,22.375,22.395,22.395,22.405,23.98,26.39,31.01,39.325,52.72,57.385,64.94,64.94,65.9
388,JAM,Jamaica,10.21,10.21,10.21,10.21,10.21,10.21,10.21,10.21,10.21,10.21,10.21,10.21,10.26,21.32,21.32,21.32,21.32,22.02,22.1,22.14,22.14,22.14,22.14,22.14,22.14,22.18,26.47,26.47,26.47,26.56,27.3,27.3,27.31,27.31,27.31,27.31,27.31,27.31,27.31,27.31,27.31,27.31
392,JPN,Japan,38.18,38.79,39.46,40.88,41.87,42.18,42.46,42.84,43.11,43.35,43.94,45.66,49.44,49.84,50.13,51.29,51.39,51.6,52.01,52.17,52.72,53.12,53.48,54.3,55.24,55.85,56.48,59.24,59.32,59.68,59.76,60.04,60.37,61.96,61.99,62.01,62.01,62.01,62.01,62.01,62.01,62.01
832,JEY,Jersey,-9999,-9999,-9999,-9999,-9999,-9999,-9999,-9999,-9999,-9999,-9999,-9999,-9999,-9999,-9999,-9999,-9999,-9999,-9999,-9999,-9999,-9999,-9999,-9999,-9999,-9999,-9999,-9999,-9999,-9999,-9999,-9999,-9999,-9999,-9999,-9999,-9999,-9999,-9999,-9999,-9999,-9999
400,JOR,Jordan,0.46,0.46,0.46,0.46,0.46,1.99,1.99,2.11,2.11,3.96,3.96,3.96,3.96,3.96,3.96,3.96,3.96,3.98,3.98,3.98,3.98,3.98,3.98,3.99,4.17,4.17,4.17,4.17,4.17,4.18,4.45,5.03,5.26,5.41,5.41,5.41,12.92,12.92,17.8,17.8,17.8,17.8
398,KAZ,Kazakhstan,3.2,3.2,3.2,3.2,3.67,3.87,3.87,3.87,3.87,3.87,3.88,3.88,4.04,4.05,4.05,4.05,8.18,8.18,8.74,8.75,9.06,34.46,34.46,36.16,36.53,50.07,50.47,52.15,52.15,52.7,53.73,53.95,55,55,55,55,55.01,55.01,56.1,56.1,56.1,56.1
404,KEN,Kenya,46.15,46.15,46.15,47.53,47.605,48.475,48.48,48.48,48.48,49.465,49.785,49.88,50.31,50.31,50.31,50.79,50.79,50.79,50.79,50.805,55.21,55.39,55.4,55.4,55.65,55.67,55.765,55.765,55.79,55.98,56.3,56.3,56.3,56.3,56.3,56.3,56.3,56.38,56.38,56.38,56.6,56.61
296,KIR,Kiribati,0,0,0,0,0,0,0,0,0,0,0,0,0,0,0,0,0,0,0,0,0,0,0,0,0,0,0,0,0,0,0,0,0,0,0,0,0,0,0,0,0,0
689,XKX,Kosovo,-9999,-9999,-9999,-9999,-9999,-9999,-9999,-9999,-9999,-9999,-9999,-9999,-9999,-9999,-9999,-9999,-9999,-9999,-9999,-9999,-9999,-9999,-9999,-9999,-9999,-9999,-9999,-9999,-9999,-9999,-9999,-9999,-9999,-9999,-9999,-9999,-9999,-9999,-9999,-9999,-9999,-9999
414,KWT,Kuwait,0,0,0,0,0,0,0,1.01,13.25,13.25,13.25,13.25,13.25,13.25,13.25,13.25,13.25,19.14,19.14,19.14,19.14,19.14,19.19,19.19,19.19,19.19,19.19,19.19,19.19,19.19,19.38,72,72,72,72,82.18,82.58,82.58,82.58,82.58,82.58,82.58
417,KGZ,Kyrgyzstan,13.58,13.58,13.58,14.03,14.03,14.03,14.03,14.03,14.03,14.34,14.54,14.54,14.94,14.94,15.06,15.88,16.66,16.66,16.66,16.66,16.66,16.66,16.66,16.66,16.66,16.66,16.66,16.78,16.78,16.78,16.78,16.78,16.78,16.78,16.78,16.78,16.78,16.78,16.78,16.78,16.78,16.78
418,LAO,Laos,0,0,0,0,0,0,0,0,0,0,0,0,0,41.85,41.86,41.86,45.37,45.37,45.37,45.37,45.43,45.49,45.49,45.49,45.49,46.27,47.14,47.14,49.02,49.65,49.65,51.14,52.94,52.94,52.94,52.94,52.96,52.98,52.98,64.39,65.42,65.42
428,LVA,Latvia,0.51,0.51,0.51,0.51,0.51,0.51,0.51,0.535,0.535,0.535,0.535,0.535,0.59,0.59,0.59,0.625,0.625,0.625,0.625,0.625,0.625,0.935,1.255,1.255,70.395,70.545,70.655,74.58,74.58,76.905,76.905,76.905,76.915,76.915,76.915,76.915,77.03,77.055,77.105,77.275,77.275,77.44
422,LBN,Lebanon,0.15,0.15,0.15,0.15,0.15,0.15,0.15,0.15,0.15,0.15,0.15,0.15,0.57,0.57,0.57,0.67,3.24,3.24,3.24,4.16,4.16,4.18,4.18,4.18,4.19,4.19,4.19,4.19,4.19,4.24,5.44,5.44,5.44,5.44,5.45,5.45,5.45,5.45,5.45,5.45,5.61,5.61
426,LSO,Lesotho,1.315,1.315,1.315,1.315,1.315,1.315,1.315,1.315,1.315,1.315,1.315,1.315,1.315,1.315,1.315,1.315,1.315,1.315,1.315,1.315,1.315,1.315,1.315,1.315,1.315,1.315,1.315,1.315,1.315,1.315,1.315,1.315,1.315,1.315,1.315,1.315,1.315,1.315,1.315,1.315,1.315,1.75
430,LBR,Liberia,0.205,0.205,0.205,7.345,7.345,7.345,7.345,7.345,7.345,7.345,7.345,7.345,7.345,7.345,7.345,7.345,7.345,7.345,7.345,7.345,7.345,7.345,7.345,15.715,15.715,15.715,15.715,15.715,15.715,15.715,15.715,15.715,15.715,15.715,15.715,15.715,15.715,15.715,15.715,15.715,15.715,15.88
434,LBY,Libya,-9999,-9999,-9999,-9999,-9999,-9999,-9999,-9999,-9999,-9999,-9999,-9999,-9999,-9999,-9999,-9999,-9999,-9999,-9999,-9999,-9999,-9999,-9999,-9999,-9999,-9999,-9999,-9999,-9999,-9999,-9999,-9999,-9999,-9999,-9999,-9999,-9999,-9999,-9999,-9999,-9999,-9999
438,LIE,Liechtenstein,-9999,-9999,-9999,-9999,-9999,-9999,-9999,-9999,-9999,-9999,-9999,-9999,-9999,-9999,-9999,-9999,-9999,-9999,-9999,-9999,-9999,-9999,-9999,-9999,-9999,-9999,-9999,-9999,-9999,-9999,-9999,-9999,-9999,-9999,-9999,-9999,-9999,-9999,-9999,-9999,-9999,-9999
440,LTU,Lithuania,9.04,9.04,9.04,9.04,9.04,9.04,9.04,9.04,10.565,10.61,10.61,11.89,42.275,42.31,42.31,42.31,42.31,42.31,42.385,42.385,42.385,42.385,42.46,42.46,51.7,60.585,62.03,62.105,62.105,69.535,71.205,71.31,71.32,71.32,71.45,71.465,71.465,71.5,72.6,74.42,74.42,83.74
442,LUX,Luxembourg,47.855,47.86,47.86,47.86,47.86,47.885,47.885,47.885,47.885,47.885,47.885,47.97,47.97,47.97,47.97,47.97,47.97,48.075,48.095,62.235,62.235,62.235,62.435,73.825,91.04,91.125,91.135,91.38,91.39,91.39,91.39,91.39,91.39,91.39,91.455,91.75,91.995,91.995,91.995,92.01,92.01,92.05
446,MAC,Macao,-9999,-9999,-9999,-9999,-9999,-9999,-9999,-9999,-9999,-9999,-9999,-9999,-9999,-9999,-9999,-9999,-9999,-9999,-9999,-9999,-9999,-9999,-9999,-9999,-9999,-9999,-9999,-9999,-9999,-9999,-9999,-9999,-9999,-9999,-9999,-9999,-9999,-9999,-9999,-9999,-9999,-9999
450,MDG,Madagascar,19.88,19.88,20.2,20.2,20.2,20.2,20.2,20.2,20.2,21.04,21.04,23.01,23.01,23.01,23.01,23.01,23.01,28.44,29.58,29.58,29.58,29.58,29.58,31.1,31.1,31.23,31.26,31.26,31.3,31.32,32.73,32.73,32.77,32.77,32.77,32.83,32.83,33.69,33.69,33.69,33.69,33.69
454,MWI,Malawi,68.87,68.87,68.87,68.87,68.87,68.87,68.87,68.87,68.87,68.87,68.87,68.87,68.87,68.87,68.87,68.87,71.41,71.41,71.41,71.41,71.41,71.41,71.41,71.41,71.41,71.41,71.41,71.41,71.41,71.41,71.41,71.41,71.41,71.41,71.41,71.41,71.41,72.135,72.135,72.135,72.135,72.32
458,MYS,Malaysia,12.89,12.89,12.91,13.3,17.945,17.945,17.945,17.945,18.085,18.09,18.405,18.535,19.175,19.985,19.99,19.99,19.99,20.48,20.485,20.54,20.74,20.965,25.375,25.42,25.425,26.075,27.04,34.615,36.105,36.425,38.815,41.295,42.325,46.67,49.86,51.62,51.71,51.71,51.71,51.71,51.71,51.91
462,MDV,Maldives,0,0,0,0,0,0,0,0,0,0,0,0,0,0,0,0.02,0.02,0.02,0.02,0.02,0.02,0.02,0.02,0.02,0.43,0.43,0.43,0.43,0.43,0.43,0.43,0.51,0.51,0.51,0.51,0.51,0.51,0.51,0.9,1.02,1.14,1.14
466,MLI,Mali,33.685,33.685,33.685,33.685,33.685,34.245,36.705,36.83,36.83,36.83,36.83,36.83,36.83,36.83,36.83,36.83,36.83,36.83,36.83,36.83,36.83,37.48,41.105,41.105,71.965,71.965,72.225,72.29,72.29,72.295,73.115,73.285,74.595,74.975,74.975,74.975,75.425,75.425,75.425,75.425,75.425,75.43
470,MLT,Malta,0,0,0,0,0,0,0,0,0,0,0,0,0,0,0.11,0.14,1.22,1.22,1.22,1.48,1.48,3.07,3.4,3.57,3.57,3.57,3.86,3.86,15.38,15.48,16.23,21.74,27.96,27.96,27.96,27.96,27.96,32.85,32.85,33.82,33.82,34.26
584,MHL,Marshall Islands,0.035,0.035,0.035,0.035,0.035,0.035,0.035,0.035,0.035,0.035,0.035,0.035,0.035,0.035,0.035,0.035,0.035,0.035,0.035,0.035,0.035,0.035,0.035,0.035,0.035,0.035,0.035,0.035,0.035,0.035,0.035,0.035,2.12,2.12,2.12,2.12,2.12,2.12,2.12,2.12,2.12,2.16
478,MRT,Mauritania,0.035,0.035,4.54,4.54,4.54,4.54,4.54,4.54,4.54,4.54,4.54,4.54,4.54,4.54,6.435,6.435,6.435,6.435,6.435,6.435,6.435,6.435,6.435,6.435,6.435,6.435,6.435,6.435,6.595,6.595,6.595,6.595,6.595,6.595,6.595,6.595,6.595,6.595,6.595,6.595,6.595,6.64
480,MUS,Mauritius,6.48,6.48,6.48,6.64,6.64,6.64,6.64,6.64,6.64,6.64,6.64,6.64,6.64,6.64,9.87,9.87,9.87,9.87,9.87,9.87,10.23,10.24,10.24,10.24,10.3,10.3,10.3,10.42,10.42,10.42,10.42,10.8,10.8,10.8,10.8,10.8,10.8,10.8,10.8,10.8,10.8,10.8
484,MEX,Mexico,1.41,1.5,1.54,1.54,1.54,2.16,2.26,2.27,2.92,2.92,2.98,3,3.1,3.24,3.63,4.66,5.22,5.4,5.42,5.65,11.05,11.59,15.91,18.42,21.23,22.51,23.3,23.49,25.82,27.55,28.08,28.72,28.97,29.46,29.52,29.55,29.58,29.88,30.02,30.05,30.05,30.05
583,FSM,Micronesia,0,0,0,0,0,0,0,0,0,0,0,0,0,0,0,0,0,0,0,0,0,0,0,0,0,0,0,0,0,0,0,0,0,0,0,0,0,0,0,0,0,0
498,MDA,Moldova,26.75,26.75,26.75,26.75,26.75,26.75,26.75,26.75,26.75,26.75,26.75,26.755,26.755,26.755,26.755,26.835,26.835,26.835,26.835,26.835,26.835,26.835,26.835,26.835,26.835,26.835,26.835,26.835,26.835,26.835,26.835,26.835,26.835,26.835,26.835,26.835,26.84,26.84,26.84,26.84,26.84,53.64
492,MCO,Monaco,-9999,-9999,-9999,-9999,-9999,-9999,-9999,-9999,-9999,-9999,-9999,-9999,-9999,-9999,-9999,-9999,-9999,-9999,-9999,-9999,-9999,-9999,-9999,-9999,-9999,-9999,-9999,-9999,-9999,-9999,-9999,-9999,-9999,-9999,-9999,-9999,-9999,-9999,-9999,-9999,-9999,-9999
496,MNG,Mongolia,26.5,26.5,26.5,26.5,26.5,26.5,26.5,26.5,26.5,26.5,26.5,26.5,38.09,52.74,52.74,52.74,62.28,63.48,65.69,67.37,71.74,71.74,72.62,73.75,74,74,74.24,74.24,75.32,75.32,76.72,78.46,79.78,79.78,79.78,79.78,80.12,80.13,80.13,81.41,81.41,81.41
499,MNE,Montenegro,7.94,7.94,7.94,28.22,28.22,28.22,28.22,28.22,28.22,28.22,28.22,28.22,28.22,28.22,28.22,28.22,28.28,28.28,28.28,28.28,28.28,28.28,28.28,28.28,28.28,29.97,29.97,29.97,29.97,33.75,33.75,33.75,33.75,33.78,33.78,43.98,43.98,43.98,43.99,46.05,46.05,46.05
504,MAR,Morocco,2.57,2.57,2.57,2.57,2.57,2.57,2.57,2.57,2.57,2.57,2.57,3.1,3.1,3.1,10.78,10.78,10.78,10.78,10.78,10.78,10.78,10.78,10.78,10.78,15.11,16.76,17.95,17.95,19.51,19.51,19.51,19.51,19.51,19.51,19.51,19.51,19.51,19.51,19.52,19.94,19.94,19.94
508,MOZ,Mozambique,49.905,49.905,49.905,49.905,49.905,49.905,49.905,49.905,49.905,49.905,49.905,49.905,49.905,49.905,49.905,49.905,49.905,49.905,51.295,51.295,51.41,55.95,58.69,62.815,67.245,67.245,67.245,67.245,67.255,67.255,69.495,69.595,70.27,70.695,70.7,70.7,70.7,70.7,70.7,72.105,72.105,75.975
104,MMR,Myanmar,3.2,3.52,3.53,3.53,3.53,3.74,3.74,3.74,3.74,4.54,4.54,4.54,4.54,4.54,4.54,4.54,4.77,4.77,9.34,9.34,9.34,10,11.54,14.11,23.62,25.22,25.22,25.22,25.22,25.22,35.74,35.74,35.74,35.79,36.57,36.57,36.76,37.06,37.27,37.4,38.25,38.25
516,NAM,Namibia,14.95,14.95,14.95,14.95,15.85,15.85,35.78,35.78,35.89,35.89,36.63,36.63,36.63,36.63,36.63,44.25,44.3,44.3,49.05,51.2,51.2,56.55,59.86,68.47,69.82,74.64,76.21,76.61,81.42,81.96,83.36,85.8,86.39,87.25,87.25,87.25,87.25,87.25,87.25,87.25,87.25,87.25
520,NRU,Nauru,-9999,-9999,-9999,-9999,-9999,-9999,-9999,-9999,-9999,-9999,-9999,-9999,-9999,-9999,-9999,-9999,-9999,-9999,-9999,-9999,-9999,-9999,-9999,-9999,-9999,-9999,-9999,-9999,-9999,-9999,-9999,-9999,-9999,-9999,-9999,-9999,-9999,-9999,-9999,-9999,-9999,-9999
524,NPL,Nepal,10.62,10.62,10.62,10.62,16.58,17.3,17.3,20.23,20.23,20.23,20.23,22.29,31.9,31.9,31.9,31.9,35.94,35.94,42.23,44.26,44.26,44.26,44.55,44.55,45.2,45.88,47.71,47.71,47.71,47.72,53.73,53.73,53.73,53.73,53.73,53.73,54.26,54.26,54.26,54.26,54.26,54.26
528,NLD,Netherlands,6.16,6.16,6.19,6.26,6.26,6.28,6.28,17.57,17.69,18.01,18.01,18.01,18.02,18.02,18.02,18.04,20.55,21.14,25.34,25.34,26.24,26.24,26.54,26.9,35.43,35.62,35.78,35.79,36.3,36.91,41.085,41.44,41.455,42.675,43.275,43.4,43.42,43.44,44.21,44.235,44.235,44.24
540,NCL,New Caledonia,-9999,-9999,-9999,-9999,-9999,-9999,-9999,-9999,-9999,-9999,-9999,-9999,-9999,-9999,-9999,-9999,-9999,-9999,-9999,-9999,-9999,-9999,-9999,-9999,-9999,-9999,-9999,-9999,-9999,-9999,-9999,-9999,-9999,-9999,-9999,-9999,-9999,-9999,-9999,-9999,-9999,-9999
554,NZL,New Zealand,27.645,28.37,28.535,28.6,28.745,28.94,29.45,37.785,38.245,38.425,38.54,38.775,38.925,39.955,40.075,40.235,41.96,42.44,42.91,43.19,43.25,43.575,46.875,47.11,47.355,48.17,48.33,48.6,49.39,49.73,50.07,50.27,50.41,50.56,51.13,53.465,53.57,53.62,53.665,53.69,53.69,53.88
558,NIC,Nicaragua,0.5,0.5,0.5,2.82,2.82,2.82,2.82,2.87,2.87,2.87,3.03,16.11,16.11,16.12,16.12,16.12,16.13,16.13,16.13,40.39,40.39,65.61,65.61,65.61,65.61,65.63,65.64,65.64,65.64,65.64,65.64,65.65,65.65,66.48,66.48,66.48,66.48,66.48,66.48,66.48,66.48,66.48
562,NER,Niger,11.52,11.52,11.52,11.52,11.52,11.52,11.52,12.04,28.49,28.49,28.49,28.49,28.49,28.49,28.49,28.49,28.49,28.49,28.49,28.49,28.49,28.49,32.845,32.845,32.845,41.865,41.865,41.975,41.975,41.985,41.985,41.985,41.985,41.985,41.985,41.985,41.985,59.89,59.89,73.08,73.08,73.08
566,NGA,Nigeria,29.67,29.92,29.92,29.92,29.92,29.92,29.935,29.935,30.365,30.365,30.365,40.55,40.55,40.55,40.55,40.55,40.55,40.55,40.55,41.5,41.5,41.5,41.5,41.5,41.5,41.5,41.5,41.5,45.015,45.015,45.03,45.03,45.05,45.05,45.05,45.095,45.095,45.095,45.095,45.095,45.1,69.26
570,NIU,Niue,-9999,-9999,-9999,-9999,-9999,-9999,-9999,-9999,-9999,-9999,-9999,-9999,-9999,-9999,-9999,-9999,-9999,-9999,-9999,-9999,-9999,-9999,-9999,-9999,-9999,-9999,-9999,-9999,-9999,-9999,-9999,-9999,-9999,-9999,-9999,-9999,-9999,-9999,-9999,-9999,-9999,-9999
408,PRK,North Korea,-9999,-9999,-9999,-9999,-9999,-9999,-9999,-9999,-9999,-9999,-9999,-9999,-9999,-9999,-9999,-9999,-9999,-9999,-9999,-9999,-9999,-9999,-9999,-9999,-9999,-9999,-9999,-9999,-9999,-9999,-9999,-9999,-9999,-9999,-9999,-9999,-9999,-9999,-9999,-9999,-9999,-9999
807,MKD,North Macedonia,28.49,28.49,28.49,28.65,28.65,28.7,28.71,28.93,28.95,28.95,28.95,30.33,30.33,30.33,31.5,32.86,33.28,34.72,34.73,35.63,35.63,35.64,36.31,36.78,36.78,36.78,37.86,38.27,38.51,38.75,39.44,40.19,40.19,40.35,40.35,40.35,40.35,40.35,40.35,40.35,40.35,40.35
578,NOR,Norway,9.45,13.14,13.27,14.02,14.17,14.765,15.435,16.3,16.69,18.02,18.77,19.35,19.73,20.04,20.04,20.205,20.55,20.895,20.92,21.085,23.625,24.605,27.11,29.675,31.925,32.91,35.84,35.915,36.42,38.745,39.165,40.525,40.795,40.955,41.36,42.165,42.43,42.955,43.83,44.32,44.32,58.9
512,OMN,Oman,0,0,0,0,0,0,0,0,0,0,0,0,0,0,2.15,2.15,2.42,12.27,12.27,12.27,12.27,12.27,12.27,12.27,12.27,12.27,12.27,12.27,12.27,12.27,12.27,12.79,12.79,12.79,16.74,16.74,16.74,16.74,16.74,19.09,19.09,19.09
586,PAK,Pakistan,33.92,33.92,34.59,34.875,35.18,35.18,35.195,35.33,36.27,36.27,36.27,36.27,36.27,36.465,36.465,36.465,36.495,36.495,36.495,36.495,36.495,36.64,36.64,36.64,36.64,36.64,36.64,36.64,36.64,36.64,36.64,36.64,36.64,36.64,36.64,36.64,36.665,36.665,36.665,36.665,36.665,37.06
585,PLW,Palau,-9999,-9999,-9999,-9999,-9999,-9999,-9999,-9999,-9999,-9999,-9999,-9999,-9999,-9999,-9999,-9999,-9999,-9999,-9999,-9999,-9999,-9999,-9999,-9999,-9999,-9999,-9999,-9999,-9999,-9999,-9999,-9999,-9999,-9999,-9999,-9999,-9999,-9999,-9999,-9999,-9999,-9999
591,PAN,Panama,35.62,35.66,35.67,42.52,47.52,47.53,48.52,48.52,60.99,60.99,60.99,60.99,61.1,61.3,63.15,63.55,63.65,63.86,63.86,63.86,63.87,65.87,65.87,66.11,67.44,67.44,67.46,67.46,67.47,69.3,69.3,69.3,69.3,69.79,69.79,69.79,69.79,69.96,69.96,71.11,71.11,71.11
598,PNG,Papua New Guinea,0.395,0.925,0.925,0.925,0.925,0.975,0.985,1.025,1.025,1.025,1.215,1.255,1.255,5.615,5.615,5.615,5.765,7.005,7.145,7.145,7.145,7.145,7.145,7.165,7.165,7.165,7.235,7.555,7.605,8.125,8.125,8.125,8.125,8.125,8.125,8.125,8.125,9.405,9.405,9.405,9.405,9.42
600,PRY,Paraguay,12.925,12.925,12.925,12.925,14.01,14.01,14.01,14.01,14.01,14.01,14.01,16.22,20.545,21.145,21.525,22.1,22.1,22.205,23.515,23.515,23.525,27.44,27.46,27.91,36.53,36.76,36.98,37.44,38.68,38.87,39.15,39.43,39.575,39.705,40.34,40.44,40.485,40.485,40.485,40.485,40.485,40.51
604,PER,Peru,6.89,7.25,7.26,8.44,8.44,8.59,9.87,11.95,12.41,12.44,12.45,12.45,16.55,16.55,16.55,16.59,19.59,22.06,22.06,22.08,22.7,27.65,28.9,30.4,34.2,35.49,35.6,36,36.01,37.72,39.53,41.29,42.01,42.04,42.04,42.67,43.14,43.22,44.62,45.17,45.18,45.18
608,PHL,Philippines,1.115,1.115,1.115,1.115,1.145,1.145,1.145,1.145,1.145,1.145,1.145,1.145,1.145,1.145,1.145,1.145,1.145,1.145,1.45,1.64,3.12,6.985,6.985,6.985,6.985,8.54,8.545,8.72,8.72,11.9,11.9,12.045,12.045,12.065,12.065,12.065,12.065,12.065,25.43,25.43,25.43,26.6
616,POL,Poland,3.02,4.52,4.585,5.56,5.675,6.115,6.825,7.1,7.955,8.945,10.375,10.905,11.445,13.825,16.36,18.725,19.275,19.825,24.105,25.415,25.425,25.915,25.935,25.945,47.405,47.42,47.44,66.22,86.355,90.24,90.24,90.94,90.945,90.955,90.955,90.955,90.955,90.985,90.985,90.985,90.985,91
620,PRT,Portugal,0.53,0.64,3.945,3.945,4,4,4.005,4.035,5.72,5.765,5.765,5.765,5.765,5.765,5.765,5.77,5.83,5.83,7.285,15.995,17.04,24.28,24.28,24.28,26.84,26.985,26.99,26.99,62.01,63.345,63.355,65.405,65.775,66.285,66.95,67.38,67.38,67.495,67.645,67.685,67.685,68.59
634,QAT,Qatar,1.45,1.45,1.45,1.45,1.45,1.45,1.45,1.45,1.45,1.45,1.45,1.45,1.45,1.45,1.45,1.45,1.45,1.45,1.45,1.45,1.45,1.45,1.45,1.45,1.45,4.285,15.34,15.34,15.34,15.34,15.34,15.34,15.34,15.34,15.34,15.34,15.34,15.34,15.34,15.34,15.34,16.72
178,COG,Republic of Congo,7.615,7.615,7.615,7.615,7.615,7.615,7.615,7.615,7.615,7.615,7.615,7.615,7.615,9.045,9.045,9.045,9.045,9.045,9.045,9.105,9.105,14.86,15.035,15.035,15.035,15.085,15.085,67.125,67.245,77.02,77.02,77.025,83.925,83.95,83.95,85.5,85.5,85.795,86.425,86.425,86.425,86.43
642,ROU,Romania,0.155,0.155,0.16,0.165,0.165,0.165,0.165,0.165,0.165,0.165,0.195,0.345,0.355,0.355,0.485,0.555,0.555,0.555,0.565,0.565,0.655,0.655,0.655,0.655,0.675,3.275,3.285,24.255,31.26,62.64,62.735,65.825,65.83,68.18,68.18,68.18,68.925,68.925,69.15,69.155,69.155,69.21
643,RUS,Russia,12.815,13.525,16.075,17.405,18.375,18.9,20.39,22.21,22.885,24.105,24.86,25.38,26.14,27.165,32.485,34.185,36.79,39.09,40.155,42.8,46.31,47.76,49.245,49.745,50.1,50.59,50.995,51.835,51.965,52.08,52.575,53.015,53.53,54.285,54.825,56.235,56.265,56.845,57.14,57.51,57.61,57.8
646,RWA,Rwanda,45.53,45.53,45.53,45.53,45.53,45.53,45.53,45.53,45.53,45.53,45.53,45.53,45.53,45.53,45.53,45.53,46.64,46.64,46.64,46.64,46.64,46.64,46.64,46.64,46.64,48.15,48.15,48.15,48.15,48.15,48.15,48.15,48.15,48.15,48.15,48.915,48.915,48.915,48.915,48.915,48.915,49.03
652,BLM,Saint Barthelemy,-9999,-9999,-9999,-9999,-9999,-9999,-9999,-9999,-9999,-9999,-9999,-9999,-9999,-9999,-9999,-9999,-9999,-9999,-9999,-9999,-9999,-9999,-9999,-9999,-9999,-9999,-9999,-9999,-9999,-9999,-9999,-9999,-9999,-9999,-9999,-9999,-9999,-9999,-9999,-9999,-9999,-9999
659,KNA,Saint Kitts and Nevis,-9999,-9999,-9999,-9999,-9999,-9999,-9999,-9999,-9999,-9999,-9999,-9999,-9999,-9999,-9999,-9999,-9999,-9999,-9999,-9999,-9999,-9999,-9999,-9999,-9999,-9999,-9999,-9999,-9999,-9999,-9999,-9999,-9999,-9999,-9999,-9999,-9999,-9999,-9999,-9999,-9999,-9999
662,LCA,Saint Lucia,16.38,16.38,16.38,16.38,16.38,16.38,16.38,16.38,16.38,16.38,16.38,16.38,16.38,16.38,16.38,16.94,16.94,16.94,17.22,17.22,17.22,17.22,17.22,17.22,17.22,17.22,17.22,24.02,24.02,24.02,24.02,24.02,24.02,24.02,24.02,24.02,24.02,24.02,24.02,24.02,24.02,24.02
670,VCT,Saint Vincent and the Grenadines,11.105,11.105,11.105,11.105,11.105,11.105,11.105,14.55,14.55,14.55,14.55,14.55,18.475,18.475,18.475,18.475,18.475,18.475,18.475,18.475,18.475,18.475,18.475,18.475,18.475,18.475,18.475,18.475,18.475,18.475,18.475,18.475,18.475,18.475,18.475,18.475,18.475,18.475,18.475,18.475,18.475,27.51
882,WSM,Samoa,1.48,1.48,1.48,1.48,1.48,1.48,1.48,1.48,1.48,1.48,1.48,1.48,1.48,1.48,1.48,1.48,1.48,1.48,1.48,1.56,1.56,1.56,1.56,1.74,4.78,4.78,4.78,4.78,8.48,8.48,8.48,8.48,8.48,8.48,8.48,8.5,8.51,8.51,8.51,8.51,8.51,8.51
674,SMR,San Marino,-9999,-9999,-9999,-9999,-9999,-9999,-9999,-9999,-9999,-9999,-9999,-9999,-9999,-9999,-9999,-9999,-9999,-9999,-9999,-9999,-9999,-9999,-9999,-9999,-9999,-9999,-9999,-9999,-9999,-9999,-9999,-9999,-9999,-9999,-9999,-9999,-9999,-9999,-9999,-9999,-9999,-9999
678,STP,Sao Tome and Principe,-9999,-9999,-9999,-9999,-9999,-9999,-9999,-9999,-9999,-9999,-9999,-9999,-9999,-9999,-9999,-9999,-9999,-9999,-9999,-9999,-9999,-9999,-9999,-9999,-9999,-9999,-9999,-9999,-9999,-9999,-9999,-9999,-9999,-9999,-9999,-9999,-9999,-9999,-9999,-9999,-9999,-9999
682,SAU,Saudi Arabia,1.025,6.48,6.48,6.545,6.545,6.545,6.545,16.77,20.19,23.595,23.595,23.595,23.595,26.84,26.84,30.145,30.145,30.145,30.145,30.145,30.145,30.16,30.23,30.23,30.23,30.305,30.305,30.305,30.305,30.305,30.305,30.31,30.31,30.31,30.31,30.31,30.31,30.31,30.31,30.31,30.31,31.28
686,SEN,Senegal,58.865,58.865,58.865,58.865,62.625,62.625,62.67,62.67,62.67,62.67,62.67,62.67,62.67,62.67,62.805,62.805,62.815,62.815,62.815,62.815,62.815,62.815,62.815,62.815,62.925,63.015,63.015,63.015,63.015,63.015,63.015,63.015,63.015,63.015,63.64,64.87,65.185,66.25,66.25,66.255,69.72,78.05
688,SRB,Serbia,13.48,16.83,17.67,17.67,17.79,17.8,17.8,17.8,17.8,17.8,17.8,17.9,17.9,18.18,18.2,18.24,18.56,26.83,27.26,27.3,27.64,34.43,34.44,34.44,34.44,35.91,36.63,37.06,37.71,38.56,38.59,38.64,38.82,39.54,43.76,45.82,45.85,51.18,52.43,53.05,53.05,53.05
690,SYC,Seychelles,21.445,21.445,21.445,21.445,21.445,21.445,21.445,21.445,21.445,21.445,21.445,22.355,22.355,22.355,22.355,22.355,25.915,25.915,25.915,25.915,25.915,25.915,25.915,25.915,26.75,26.75,26.75,26.75,26.75,26.75,26.75,26.75,26.75,26.75,26.75,26.75,26.75,26.75,26.75,26.75,26.75,31.24
694,SLE,Sierra Leone,12.935,12.935,12.935,12.935,12.935,12.935,12.935,13.055,13.055,13.055,13.055,13.055,13.055,13.055,13.055,20.49,20.49,20.49,20.49,20.49,20.49,20.49,20.49,21.355,21.355,21.355,21.355,21.355,21.355,21.355,31.065,31.065,43.155,43.155,43.155,43.155,43.155,43.155,43.155,43.155,43.155,45.13
702,SGP,Singapore,0,0,0,0,0,0,0,0,0,0,53.35,53.35,53.35,53.35,53.35,53.35,53.35,53.35,53.35,53.35,53.35,53.35,53.41,53.41,53.41,53.41,53.41,53.41,53.41,53.41,53.41,53.41,53.41,53.41,53.41,53.41,53.41,53.41,53.41,53.41,53.41,53.41
534,SXM,Sint Maarten,-9999,-9999,-9999,-9999,-9999,-9999,-9999,-9999,-9999,-9999,-9999,-9999,-9999,-9999,-9999,-9999,-9999,-9999,-9999,-9999,-9999,-9999,-9999,-9999,-9999,-9999,-9999,-9999,-9999,-9999,-9999,-9999,-9999,-9999,-9999,-9999,-9999,-9999,-9999,-9999,-9999,-9999
703,SVK,Slovakia,6.4,6.52,6.56,6.72,12.56,13.815,13.855,13.855,14.945,14.985,15.02,15.04,15.055,15.19,15.205,15.205,15.23,15.335,15.495,15.565,15.58,17.31,17.325,21.13,87.31,87.595,87.61,87.655,88.295,88.375,88.465,89.715,89.74,89.74,89.77,89.77,90,90.115,90.115,90.115,90.115,90.39
705,SVN,Slovenia,1.3,1.905,1.905,1.91,1.96,2.96,2.97,3.01,3.01,3.07,3.32,3.325,4.235,4.28,4.285,4.285,4.31,4.315,4.82,4.84,4.84,4.84,7.65,7.815,23.145,23.23,23.295,78.03,85.1,85.1,85.19,85.19,85.25,86.48,88.09,88.95,88.95,88.95,89.05,89.05,89.05,89.05
90,SLB,Solomon Islands,0,0,0,0,0,0,0,0,0,0,0,0,0,0,0,0,0,0,0,0,0,0,0,0,0,0,0,0.68,0.68,0.68,0.68,0.68,0.68,0.68,0.68,0.68,0.68,0.68,0.68,0.74,0.74,0.74
706,SOM,Somalia,-9999,-9999,-9999,-9999,-9999,-9999,-9999,-9999,-9999,-9999,-9999,-9999,-9999,-9999,-9999,-9999,-9999,-9999,-9999,-9999,-9999,-9999,-9999,-9999,-9999,-9999,-9999,-9999,-9999,-9999,-9999,-9999,-9999,-9999,-9999,-9999,-9999,-9999,-9999,-9999,-9999,-9999
710,ZAF,South Africa,16.87,18.4,18.48,19.01,19.41,20.29,21.4,21.62,21.86,21.89,22.41,23.22,23.84,24.09,25.12,25.27,25.66,26.99,27.8,28.09,28.52,29.53,29.7,29.72,29.72,29.82,29.86,29.95,30.09,30.26,30.42,30.48,30.95,31.26,32.36,32.74,34,34.3,35.64,35.96,36.53,36.79
410,KOR,South Korea,1.39,1.58,1.97,2.24,2.24,2.3,2.41,2.49,2.53,2.55,2.61,2.63,2.64,2.69,2.7,2.83,2.86,3.01,3.13,3.71,7.7,7.74,10.32,10.5,14.01,19.07,20.62,22.41,27.59,28.24,28.62,29.19,29.3,29.79,29.95,30.11,30.18,30.25,30.79,59.77,61.11,61.11
728,SSD,South Sudan,-9999,-9999,-9999,-9999,-9999,-9999,-9999,-9999,-9999,-9999,-9999,-9999,-9999,-9999,-9999,-9999,-9999,-9999,-9999,-9999,-9999,-9999,-9999,-9999,-9999,-9999,-9999,-9999,-9999,-9999,-9999,-9999,-9999,-9999,-9999,-9999,-9999,-9999,-9999,-9999,-9999,-9999
724,ESP,Spain,1.145,1.145,1.16,1.16,1.16,1.17,1.17,1.6,1.84,3.94,3.94,3.96,4.155,4.185,4.31,4.5,4.52,5.39,6.05,6.325,10.105,27.13,27.51,31.53,36.73,40.335,57.305,58.035,64.675,65.03,65.095,65.775,68.845,69.01,69.905,78.235,78.36,79.565,79.565,79.865,79.865,80.85
144,LKA,Sri Lanka,12.17,12.17,12.21,12.21,13.005,13.01,13.86,14.89,17.375,17.665,17.76,17.79,17.89,17.94,17.94,18.09,18.1,18.1,18.1,18.1,24.37,24.37,24.83,24.83,24.83,24.84,24.84,26.07,27.22,32.07,32.6,32.82,35.9,37.35,37.35,37.35,37.35,37.35,37.35,37.35,37.35,37.49
275,PSE,State of Palestine,-9999,-9999,-9999,-9999,-9999,-9999,-9999,-9999,-9999,-9999,-9999,-9999,-9999,-9999,-9999,-9999,-9999,-9999,-9999,-9999,-9999,-9999,-9999,-9999,-9999,-9999,-9999,-9999,-9999,-9999,-9999,-9999,-9999,-9999,-9999,-9999,-9999,-9999,-9999,-9999,-9999,-9999
729,SDN,Sudan,6.57,6.57,6.57,6.57,6.57,6.57,6.57,6.57,6.57,6.57,6.57,6.57,6.57,6.57,6.57,11.03,11.76,11.76,11.76,11.76,11.76,11.76,11.76,11.76,11.76,11.76,11.81,11.83,11.83,11.83,11.83,11.83,11.83,11.83,11.83,11.83,11.83,11.83,11.83,11.83,11.83,11.83
740,SUR,Suriname,5.265,5.265,5.265,5.265,5.265,5.425,9.66,10.915,10.915,10.915,10.915,10.915,10.915,10.915,10.915,10.915,10.915,10.915,57.46,57.46,57.46,57.46,57.595,57.595,57.595,57.595,57.65,58.7,58.7,58.7,58.7,58.7,58.7,58.7,58.7,58.7,58.7,58.7,58.7,58.7,58.7,59.6
752,SWE,Sweden,1.695,2.43,2.455,2.505,2.555,2.565,2.565,2.705,2.785,3.645,3.67,3.685,3.75,3.82,3.86,3.95,4.26,4.29,4.445,4.465,4.69,5.42,5.47,37.76,40.57,59.61,60.61,61.54,64.11,64.83,65.805,66.665,67.555,68.715,69.18,69.65,70.505,72.695,75.24,76.24,76.28,76.31
756,CHE,Switzerland,3.665,3.665,3.665,3.665,3.665,3.665,3.665,3.665,3.665,3.665,3.675,4.57,22.51,22.51,24.395,24.395,26.345,26.345,26.85,26.85,26.85,31.04,31.04,31.84,31.84,32.16,32.19,32.435,32.455,32.79,39.825,39.825,39.865,39.865,39.98,39.98,40.025,43.145,43.145,43.145,43.145,46.89
760,SYR,Syria,-9999,-9999,-9999,-9999,-9999,-9999,-9999,-9999,-9999,-9999,-9999,-9999,-9999,-9999,-9999,-9999,-9999,-9999,-9999,-9999,-9999,-9999,-9999,-9999,-9999,-9999,-9999,-9999,-9999,-9999,-9999,-9999,-9999,-9999,-9999,-9999,-9999,-9999,-9999,-9999,-9999,-9999
158,TWN,Taiwan,0,0,0,0,1.26,8.12,13.81,13.81,15.84,15.84,15.84,15.84,18.89,18.89,18.91,18.95,18.95,19.32,19.41,19.41,37.51,37.58,37.58,37.58,37.6,37.64,38.87,38.87,38.95,39.07,39.07,39.07,39.09,39.16,39.17,39.17,39.17,39.17,39.17,39.17,39.17,39.17
762,TJK,Tajikistan,9.96,9.96,9.96,11.05,11.52,11.52,11.52,11.52,11.52,11.52,11.52,12.67,12.67,12.67,12.67,12.67,12.67,12.67,12.67,38.68,38.68,38.68,38.68,38.68,38.68,38.94,38.94,38.94,38.94,38.94,38.94,38.94,38.94,38.94,38.94,38.94,39.12,39.12,39.12,39.12,39.57,39.57
834,TZA,Tanzania,45.555,45.555,45.62,45.62,45.62,45.62,45.62,45.62,45.63,45.63,45.635,45.635,47.435,47.535,47.695,47.72,47.765,47.765,47.96,47.96,48.62,48.64,48.955,48.955,49.485,49.835,50.025,50.72,50.72,50.925,51.16,51.16,51.16,51.16,51.16,51.16,51.16,51.16,51.16,63.135,63.135,68.81
764,THA,Thailand,38.13,45.21,47.26,48.18,48.39,48.54,48.89,51.33,52.52,54.25,55.49,58.78,59.65,59.86,60.38,61.05,63.02,63.3,64.31,67.51,68.45,68.65,68.73,68.97,68.97,68.97,68.97,69.43,69.77,71.38,71.38,71.39,71.39,71.39,71.39,71.5,71.74,71.76,71.78,71.78,71.78,71.78
626,TLS,Timor-Leste,0,0,0,0,0,0,0,0,0,0,0,0,0,0,0,0,0,0,0,0,7.9,7.9,7.9,7.9,7.9,7.9,7.9,18.5,30.43,30.43,30.43,30.43,30.43,30.43,30.43,31.75,37.54,37.54,37.54,37.54,37.54,37.54
768,TGO,Togo,43.34,43.34,43.34,43.34,43.34,43.34,43.34,43.34,43.34,43.34,43.34,43.34,43.34,43.34,43.34,45.92,45.92,45.92,45.92,45.92,45.92,45.92,45.92,46.26,46.26,49.16,49.16,49.16,49.16,49.16,49.16,49.16,49.16,49.16,49.16,49.16,49.16,49.16,49.66,49.66,49.66,49.66
776,TON,Tonga,3.15,3.15,3.15,3.15,3.15,3.15,3.15,3.15,3.15,3.15,3.15,3.15,3.87,3.87,3.87,3.87,3.87,3.87,3.87,3.87,3.87,6.58,6.58,6.58,6.58,6.58,6.58,6.58,6.765,6.765,6.765,6.765,6.765,6.765,6.765,6.765,6.765,6.765,6.765,6.765,6.765,9.29
780,TTO,Trinidad and Tobago,26.225,26.225,26.225,26.225,26.515,26.515,26.515,26.515,26.515,26.515,26.515,26.515,26.515,26.515,26.515,26.515,26.515,26.515,26.515,26.515,26.515,26.515,26.515,26.515,26.515,26.515,26.515,26.515,26.515,26.515,26.515,26.515,26.515,26.515,26.515,26.515,26.515,26.515,26.515,26.515,26.515,35.2
788,TUN,Tunisia,1,1,1,1.2,1.2,1.2,1.2,1.2,1.2,1.2,1.2,1.2,1.2,1.85,1.85,1.85,1.85,1.85,1.85,1.85,1.85,1.93,1.93,1.93,1.93,1.93,1.93,14.54,14.54,14.9,14.9,14.9,16.87,17.32,17.32,17.32,17.32,17.32,17.32,17.32,17.32,17.32
792,TUR,Turkey,0,0,0,0,0,0,0,0,0,0,0,0,0,0.01,0.45,0.45,0.45,0.45,0.78,0.78,0.78,0.78,0.79,0.79,0.79,0.92,0.92,0.94,1,1,1,1.01,1.03,1.06,1.06,1.06,1.06,1.06,1.06,1.06,1.06,1.06
795,TKM,Turkmenistan,14.06,14.06,14.8,16.995,16.995,16.995,17.445,17.445,17.445,17.815,17.815,17.815,17.815,17.815,17.815,17.815,17.815,17.815,17.815,17.815,17.815,17.815,17.815,17.815,17.815,17.815,17.815,17.815,17.815,17.815,17.815,17.815,17.815,17.815,17.815,17.815,17.815,17.815,17.815,17.815,17.815,18.06
796,TCA,Turks and Caicos Islands,-9999,-9999,-9999,-9999,-9999,-9999,-9999,-9999,-9999,-9999,-9999,-9999,-9999,-9999,-9999,-9999,-9999,-9999,-9999,-9999,-9999,-9999,-9999,-9999,-9999,-9999,-9999,-9999,-9999,-9999,-9999,-9999,-9999,-9999,-9999,-9999,-9999,-9999,-9999,-9999,-9999,-9999
798,TUV,Tuvalu,-9999,-9999,-9999,-9999,-9999,-9999,-9999,-9999,-9999,-9999,-9999,-9999,-9999,-9999,-9999,-9999,-9999,-9999,-9999,-9999,-9999,-9999,-9999,-9999,-9999,-9999,-9999,-9999,-9999,-9999,-9999,-9999,-9999,-9999,-9999,-9999,-9999,-9999,-9999,-9999,-9999,-9999
800,UGA,Uganda,52.33,52.33,52.955,52.955,52.955,52.955,52.955,52.955,53.95,53.95,53.95,66.86,66.86,67.34,67.34,67.34,67.695,67.695,67.785,67.785,67.795,67.795,69.7,69.7,69.7,69.7,70.2,70.2,70.2,70.2,70.2,70.2,70.2,70.2,70.2,70.2,70.2,70.2,70.2,70.21,70.21,71.47
804,UKR,Ukraine,29.005,29.045,29.135,29.27,29.73,29.84,30.07,30.11,30.165,30.49,31.095,31.65,31.89,32.415,32.805,34.235,35.25,35.49,35.565,35.565,35.655,35.67,35.67,35.67,35.74,35.81,35.82,35.865,35.91,36.335,36.375,36.64,36.645,36.69,36.715,36.715,36.745,36.76,36.965,36.965,36.975,67.3
784,ARE,United Arab Emirates,0,0,0,0,0,0,0,0,0,0,0,0,0,0,0,0,0.19,0.19,0.19,0.19,0.19,4.41,4.41,4.41,4.41,4.41,4.41,5.02,5.02,5.22,6.7,6.7,6.72,7.17,25.26,25.26,25.47,41.83,42.29,42.41,42.41,42.41
826,GBR,United Kingdom,11.1,11.22,11.29,11.63,11.81,11.98,12.8,13.43,14,14.25,14.63,14.88,15.05,15.33,15.66,16.21,16.97,17.16,17.36,17.49,17.88,18.14,18.66,19.23,21.41,21.78,21.81,22,22.27,22.28,22.75,23.08,23.08,23.13,31.56,31.57,31.58,31.66,31.71,31.77,31.78,31.78
840,USA,United States of America,21.975,22.145,22.225,22.405,24.195,24.485,24.7,25.585,26.28,26.505,27.595,28.025,29.495,29.85,32.365,32.46,32.855,33.035,33.245,33.505,34.5,34.99,35.155,35.61,35.69,35.835,36.07,36.17,36.275,36.7,36.91,37,37.125,37.21,37.525,37.68,37.785,37.81,37.825,38.01,38.01,44.5
858,URY,Uruguay,0,0,0,0,15.8,15.8,15.8,15.8,15.8,15.8,15.8,15.8,15.81,15.81,15.81,15.81,15.81,15.81,15.81,15.81,15.81,15.81,15.81,15.81,15.81,15.81,15.81,15.81,16.73,17.8,18.73,18.85,18.85,18.89,19.95,22.98,22.98,22.99,22.99,23.81,24.03,24.03
860,UZB,Uzbekistan,3.57,3.57,3.63,4.47,4.47,4.47,4.78,4.78,4.78,4.8,12.02,12.59,15.23,15.23,15.27,15.27,15.27,15.45,18.29,18.29,18.29,18.29,18.29,18.29,18.29,18.3,18.33,18.33,18.33,18.33,18.42,18.44,18.44,18.44,18.44,18.44,22.8,22.8,22.8,22.8,22.8,22.8
548,VUT,Vanuatu,1.32,1.32,1.32,1.33,1.43,1.43,1.43,1.43,1.43,1.43,1.43,1.43,1.43,1.43,1.61,1.88,1.88,1.88,1.88,1.88,1.88,1.885,1.885,1.885,1.885,1.885,1.885,1.885,1.885,1.885,1.885,1.885,1.885,1.885,1.885,1.885,1.885,1.885,1.885,1.885,1.885,3.2
862,VEN,Venezuela,62.28,67.54,67.82,67.82,67.82,67.88,67.92,69.31,70.37,74.73,78.46,81.57,85.27,85.53,85.53,85.53,85.85,85.85,85.85,85.85,86.15,86.19,86.19,86.19,86.19,86.21,86.21,86.22,86.22,86.42,86.42,86.43,86.43,86.43,86.43,86.43,86.46,86.46,86.46,86.47,86.47,86.47
704,VNM,Viet Nam,1.18,1.18,1.18,1.18,1.18,1.18,2.96,2.96,2.96,2.96,2.96,3.17,3.28,3.54,4.06,5.01,6.98,7.29,8.82,9.25,9.61,14.43,22.81,23.37,25.53,26.29,28.1,28.57,28.57,28.83,28.84,30.79,31.47,36.24,39.91,39.95,40.03,40.05,40.05,40.25,40.3,40.3
876,WLF,Wallis and Futuna Islands,-9999,-9999,-9999,-9999,-9999,-9999,-9999,-9999,-9999,-9999,-9999,-9999,-9999,-9999,-9999,-9999,-9999,-9999,-9999,-9999,-9999,-9999,-9999,-9999,-9999,-9999,-9999,-9999,-9999,-9999,-9999,-9999,-9999,-9999,-9999,-9999,-9999,-9999,-9999,-9999,-9999,-9999
732,ESH,Western Sahara,-9999,-9999,-9999,-9999,-9999,-9999,-9999,-9999,-9999,-9999,-9999,-9999,-9999,-9999,-9999,-9999,-9999,-9999,-9999,-9999,-9999,-9999,-9999,-9999,-9999,-9999,-9999,-9999,-9999,-9999,-9999,-9999,-9999,-9999,-9999,-9999,-9999,-9999,-9999,-9999,-9999,-9999
887,YEM,Yemen,-9999,-9999,-9999,-9999,-9999,-9999,-9999,-9999,-9999,-9999,-9999,-9999,-9999,-9999,-9999,-9999,-9999,-9999,-9999,-9999,-9999,-9999,-9999,-9999,-9999,-9999,-9999,-9999,-9999,-9999,-9999,-9999,-9999,-9999,-9999,-9999,-9999,-9999,-9999,-9999,-9999,-9999
894,ZMB,Zambia,88.545,88.61,88.61,88.86,88.89,89.085,89.085,89.085,89.085,89.295,89.295,90.26,90.26,90.265,90.265,90.265,90.265,90.265,90.29,90.29,90.29,90.29,90.29,90.29,90.29,90.29,90.365,90.365,90.365,90.38,90.38,90.38,90.38,90.38,90.38,90.38,90.38,90.38,90.38,90.38,90.38,90.61
716,ZWE,Zimbabwe,67.085,67.105,67.105,67.14,67.14,67.14,67.14,67.14,67.14,67.155,67.155,67.155,67.17,67.17,67.17,67.17,67.17,67.17,67.175,67.175,67.175,67.175,76.765,77.02,77.02,77.02,77.02,77.025,77.025,77.025,77.025,77.025,77.025,78.145,78.145,78.145,78.145,78.145,78.145,78.145,78.145,80.115