"code","iso","country","WL5.raw.1997","WL5.raw.1998","WL5.raw.1999","WL5.raw.2000","WL5.raw.2001","WL5.raw.2002","WL5.raw.2003","WL5.raw.2004","WL5.raw.2005","WL5.raw.2006","WL5.raw.2007","WL5.raw.2008","WL5.raw.2009","WL5.raw.2010","WL5.raw.2011","WL5.raw.2012","WL5.raw.2013","WL5.raw.2014","WL5.raw.2015","WL5.raw.2016","WL5.raw.2017","WL5.raw.2018","WL5.raw.2019","WL5.raw.2020"
4,"AFG","Afghanistan",0,0,0,0,0,0,0,0,0,0,0,0,0,0,0,0,0,0,0,0,0,0,0,0
8,"ALB","Albania",0,0,0.140954479999998,0.504505000000002,0.504505000000002,0.504505000000002,1.01254004,1.16396428,0.800413759999998,1.16340228,1.16340228,0.801354619999998,0.581923179999997,0.581923179999997,0.218934659999995,0.218934659999995,0.216812080000004,0.143864800000003,0.143864800000003,0.143864800000003,0.586245880000007,0.66204054,0.73810288,0.738103380000005
12,"DZA","Algeria",0.310631790000002,0.310631790000002,0.388399410000002,0.233286030000002,0.155538050000001,0.0777676199999995,0.0777676199999995,0,0,0,0,0,0,0,0,0,0,0,0,0,0,0,0,0
20,"AND","Andorra",NA,NA,NA,NA,NA,NA,NA,NA,NA,NA,NA,NA,NA,NA,NA,NA,NA,NA,NA,NA,NA,NA,NA,NA
24,"AGO","Angola",32.6147619999992,52.1698859999997,84.4590089999992,75.047568,61.3005249999997,53.313322,34.2503289999995,1.96120599999995,0.492130999999972,0.492130999999972,0.492130999999972,0,0,0,6.62746199999947,6.62746199999947,6.62746199999947,6.62746199999947,6.62746199999947,0,0,0,0,0
660,"AIA","Anguilla",0,0,0,0,0,0,0.0920582809999999,0.0920582809999999,0.0920582809999999,0.0920582809999999,0.0920582809999999,0,0,0,0,0,0,0,0,0,0,0,0,2.96000000510332e-07
28,"ATG","Antigua and Barbuda",0.0926353000000013,0.0926408399999978,0.0926408399999978,1.75588435,1.75588435,1.9412571,1.84861626,2.96048182,1.29723831,1.29723831,1.11186556,1.48129614,2.30991002,2.30991002,2.30991002,2.30991002,1.94047944,0,0,0,0,0,0,0
32,"ARG","Argentina",157.089870000011,156.134140000009,155.566290000002,58.8863700000074,0,0,0,0,0,0,0,0,0,628.935949999999,628.935949999999,628.935949999999,768.263699999996,1125.51946,497.463839999997,497.463839999997,616.476559999996,477.148809999999,291.80296999999,290.92263999999
51,"ARM","Armenia",0,0,0.517492039999999,0.517492039999999,0.517492039999999,1.9321398,2.37489423,1.85740219,2.07949852,2.07949852,0.73867008,0.29591565,0.443922219999999,0.22182589,0.22182589,0.14800657,0.14800657,0,0,0,0,0,0,4.49999999929673e-07
533,"ABW","Aruba",0,0,0,0,0,0,0,0,0,0,0,0,0,0,0.094665573,0.094665573,0.094665573,0.094665573,0.189330135,0.0946645620000001,0.0946645620000001,0.0946645620000001,0.0946645620000001,0
36,"AUS","Australia",471.968200000003,549.407200000001,748.869200000001,628.515100000004,529.153399999996,388.239400000006,310.066500000001,109.940100000007,0,0,0,0,0,0,0,1.48649999999907,2.76630000000296,2.76630000000296,2.94620000000577,2.94620000000577,1.45970000000671,0.179900000002817,49.9469000000099,68.7521279999928
40,"AUT","Austria",2.60202960000001,2.60202960000001,2.5376938,1.1026411,0.259362799999991,8.52999999949589e-05,0.0663797999999929,0.0663797999999929,0.0663797999999929,0.19642189999999,1.8866256,4.48583829999998,4.942542,4.942542,4.81241460000001,3.18738250000001,0.521875300000033,0.0651716000000135,0.0651716000000135,0.0651716000000135,0.389057000000008,0.389057000000008,0.389057000000008,0.389057000000008
31,"AZE","Azerbaijan",0,0,0,0.0742591600000004,0.594052120000001,0.594052120000001,0.594052120000001,0.594052120000001,0.51979296,0,0,0,0,0,0,0,0,0,0,0.0734249500000033,0.0734249500000033,0.0734249500000033,0.0734249500000033,0.0734249500000033
44,"BHS","Bahamas",34.3884279999997,40.3803469999998,71.5071229999999,126.951831,164.297121,152.019308,153.998524,128.849992,58.109978,23.389979,23.389979,29.3735900000001,51.810508,52.1519020000001,43.061412,43.3237700000004,29.4557460000005,0.690474000000449,0.524679000000106,0.524679000000106,0.262320999999702,0.533702999999605,0.533702999999605,0.358103999999912
48,"BHR","Bahrain",0,0,0,0,0,0,0,0,0,0,0,0,0,0,0,0,0,0,0,0,0,0,0,0
50,"BGD","Bangladesh",1.16126360000004,1.96511710000004,4.1040678,7.2293171,6.2471003,6.06805349999996,5.26419999999996,3.12524930000001,0,0,0,0,0,0,1.1616209,1.25105309999998,1.60826679999997,3.57277619999996,3.57277619999996,3.03507299999995,2.94564079999998,2.67739489999997,3.84150039999997,3.84150039999997
52,"BRB","Barbados",0,0,0,0,0,0.188819074,0.188819074,0.188819074,0.188819074,0.188819074,0,0,0,0,0,0,0,0,0,0,0,0,0,0
112,"BLR","Belarus",0.403678599999978,0.226333899999986,0.107631099999992,0.107631099999992,0.421233799999982,1.29223280000002,1.29223280000002,1.40122610000003,2.78243720000006,4.69411260000004,4.9308489,8.85152930000004,10.0954716,8.84747039999996,6.5145612,5.4068259,1.82710879999996,1.18697470000001,1.11303850000002,2.93763260000003,5.04701310000002,4.70604980000002,3.9932483,4.82589790000003
56,"BEL","Belgium",1.88436459,1.45945223,1.27491809000001,0.841775470000002,0.781102480000001,1.99597406999999,2.78496688,2.60501991999999,2.55059593,2.78953272,1.02792960000001,0.238936789999997,0.238936789999997,0.238936789999997,0.0618168000000026,0.0618168000000026,0.0618168000000026,1.04695640000001,1.04695640000001,2.27365090000001,4.214653,4.8190766,4.6243221,4.68494059999999
84,"BLZ","Belize",27.4361313,27.8046008,27.8968005,1.1992644,3.69043619999999,3.69043619999999,4.79531089999999,4.61019259999999,4.05749059999999,1.4733442,1.4733442,0.64416030000001,0.64416030000001,0.921503999999999,2.02910320000001,2.02910320000001,1.3849429,1.3849429,1.10759920000001,0,0,0,0,0
204,"BEN","Benin",0.38529788,0.38529788,0.866916310000001,0.577941060000001,0.674264220000001,0.674264220000001,0.674264220000001,0.19264579,0.0963231600000007,0,0,0,0,0,0,0,0,0,0,0,0,0,0,0.0963110799999995
60,"BMU","Bermuda",0,0,0,0,0,0,0,0,0,0,0,0,0,0,0,0,0,0,0,0,0,0,0,1.51000000059298e-07
64,"BTN","Bhutan",0,0,0,0,0,0,0,0,0,0,0,0,0,0,0,0,0,0,0,0,0,0.0866861440000001,0.0866861440000001,0.086686408
68,"BOL","Bolivia",0.0923299999994924,0.0923299999994924,0,0,0,0,36.7888200000016,36.7888200000016,83.6447800000024,175.409100000001,300.47625,343.108970000001,379.096219999999,474.78962,464.796340000001,340.300080000001,320.56839,308.001650000002,165.546159999998,693.890790000001,773.742280000002,805.840549999997,1205.71875,1286.282273
70,"BIH","Bosnia and Herzegovina",1.48604750999999,1.69853805,2.12398553999999,2.12398553999999,0.707191569999992,0.637938030000001,0.425447489999996,0,0,0,0.0683197600000085,0.626497410000013,0.626497410000013,0.696379310000012,0.696379310000012,0.628059550000003,0.0698818999999986,0.491549219999996,0.421667319999997,0.421667319999997,0.421667319999997,0.421667319999997,0,0
72,"BWA","Botswana",1.46466999999939,1.46466999999939,1.46466999999939,0,0,0,0,0,0,0,0,0.282994999999573,12.2423490000001,38.8358239999998,152.050969,184.619857,185.980141,188.216963999999,161.623489,54.9944729999997,22.7879739999998,21.144695,6.94851800000015,7.13106599999992
76,"BRA","Brazil",2.78649999998743,279.039599999989,276.253100000002,276.253100000002,381.189599999983,381.189599999983,104.936499999982,104.936499999982,104.936499999982,0,0,0,0,120.355899999995,139.068899999984,139.068899999984,141.992799999978,305.583899999998,187.908999999985,807.674700000003,807.674700000003,804.750800000009,641.159699999989,638.478700000007
92,"VGB","British Virgin Islands",1.74743661,1.74743661,1.74743661,0,1.01172907,1.01172907,1.01172907,1.01172907,1.01172907,0,0,0,0,0,0,0,0,0,0,0,0,0,0,0
96,"BRN","Brunei Darussalam",NA,NA,NA,NA,NA,NA,NA,NA,NA,NA,NA,NA,NA,NA,NA,NA,NA,NA,NA,NA,NA,NA,NA,NA
100,"BGR","Bulgaria",0.0694734999999866,0.0694734999999866,3.13770829999999,3.5566044,3.48713090000001,4.25377350000002,4.25377350000002,1.67341380000002,1.53728849999999,1.53728849999999,0.770645899999977,0.770645899999977,0.28277079999998,0,0.068040400000001,0.0700662999999793,1.47925960000001,1.55898909999999,1.55898909999999,1.49094869999999,1.48892280000001,0.0797294999999849,0,0
854,"BFA","Burkina Faso",0.188752499999993,0.094637199999994,0.094637199999994,0.094637199999994,0.094637199999994,0,0.472170599999998,0.472170599999998,0.472170599999998,0.472170599999998,0.472170599999998,0,0,0,0,0.189396700000003,0.189396700000003,2.56120959999998,2.56120959999998,3.78785209999998,4.45227249999999,10.1164125,7.74459960000002,7.93315130000002
108,"BDI","Burundi",0,0,0,0.290554600000007,1.25898340000001,1.54854740000002,1.93588640000002,2.0326742,1.83863700000001,0.967059800000015,0.677495800000003,0.290156800000005,0.193369000000018,0.290386900000016,2.51784979999999,3.19566030000001,3.5828727,3.5828727,3.38933739999999,2.32325969999999,2.41982059999998,2.71014819999999,2.8069155,3.09720899999999
132,"CPV","Cabo Verde",0,0,0,0,0,0,0,0,0,0,0,0,0,0,0,0,0,0,0,0,0,0,0,0
116,"KHM","Cambodia",0,0,0,0,0,0,0,0,0,0,0,0,0,0,0,0,0,1.0438809999996,1.0438809999996,66.1033150000003,68.846047,68.846047,75.2689090000003,77.2587670000003
120,"CMR","Cameroon",4.21977399999992,4.21977399999992,4.21977399999992,4.21977399999992,1.71716199999992,1.71716199999992,6.54411400000004,10.990579,15.7256669999999,14.008505,14.008505,9.18155299999989,4.73508799999991,0,0,0,0,26.088328,26.088328,27.5815630000002,30.3265430000001,62.002559,51.6131780000001,51.6131780000001
124,"CAN","Canada",5191.3009,7112.26539999999,9011.7196,12391.7619,20556.63862,23531.55086,25085.46614,27287.37503,22752.50875,14830.02503,11899.82278,9479.80364,6115.89261,4352.18098999999,2956.00421000001,1832.48412000001,864.660720000014,125.429460000014,125.429460000014,89.5132400000002,89.5132400000002,0,0,0
136,"CYM","Cayman Islands",0.182977478,0.182969712,0.182969712,0.274468544,0.182983688,0.274471651,0.182986795,0.182986795,0.274471655,0.365958064,0.457447581,0.914895147,1.097883494,1.097874172,1.006387763,1.097886588,1.097884968,1.097880313,1.006355005,1.006355005,0.7318787,0.365928481,0.182944789,0.0914957869999999
140,"CAF","Central African Republic",0,1.15904420000001,2.80143870000001,2.80143870000001,5.60554970000001,5.60554970000001,4.4465055,2.80411100000001,3.8658318,3.38147409999999,3.47695859999999,3.67434299999999,3.67434299999999,3.1935641,0.873810800000001,0.778326300000003,0.580941899999999,1.45081820000001,0.869876300000016,0.869876300000016,0.869876300000016,0.869876300000016,0,0
148,"TCD","Chad",0,0,0,0,0,0,0,0,0,0,0,1.90002499999991,2.75071200000002,2.75071200000002,2.75071200000002,4.0748820000008,9.07197000000087,22.2098720000004,22.2098720000004,48.7206220000007,51.4565659999998,150.85032,164.509857,168.090067
152,"CHL","Chile",3.95250899999996,6.77824400000009,6.77824400000009,3.28070700000012,140.755894,229.1416376,386.8203913,699.229383,767.1976893,659.4459626,580.141828,477.1927036,183.9295584,120.7116442,91.5104402,85.5637672,28.6955355,9.60774639999997,4.85735429999997,3.88012599999999,0.74518999999998,0.0580573999999956,1.65824269999999,1.8892352
156,"CHN","China",9.41233999999895,4.60236000000077,0,0,0,0,0,0,0,0,0,0,0,0,0,0,3.83527999999933,80.5099799999953,88.5052299999952,135.202799999999,254.824639999999,403.38985,387.083360000004,411.865182000005
170,"COL","Colombia",88.8322200000002,88.8322200000002,88.0662900000025,14.4162700000015,11.1483200000002,11.1483200000002,11.1483200000002,11.1483200000002,25.9160800000027,79.8653800000029,79.8653800000029,79.8653800000029,79.8653800000029,53.9493000000002,0,0,0,0,1.14769999999771,1.14769999999771,1.14769999999771,1.14769999999771,1.14769999999771,0
174,"COM","Comoros",NA,NA,NA,NA,NA,NA,NA,NA,NA,NA,NA,NA,NA,NA,NA,NA,NA,NA,NA,NA,NA,NA,NA,NA
184,"COK","Cook Islands",NA,NA,NA,NA,NA,NA,NA,NA,NA,NA,NA,NA,NA,NA,NA,NA,NA,NA,NA,NA,NA,NA,NA,NA
188,"CRI","Costa Rica",0.381995459999999,0.382136779999996,0.382136779999996,0.573057140000003,1.33722354,1.24171479,1.33722046,2.38471335000001,3.4367811,2.57710596,2.57710596,2.3861162,1.33862331,0.85680606,0.85680606,0.85680606,1.14307964,1.23853233,0.477340380000001,0.477340380000001,0.572925140000002,0.286507360000002,0.191054670000003,0.0955847600000013
384,"CIV","Cote d'Ivoire",72.74291103,80.73653155,104.21275305,80.1286198,55.8465671,37.44854888,31.96491713,8.97138773,4.73065848,3.08920657,3.08920657,0.4826921,0,0,0,0,0,0,0,0,0,0,0,0
191,"HRV","Croatia",2.87302300000005,4.9592245,7.74117240000004,6.29035809999999,6.08110220000003,4.86814939999999,2.78194790000003,0.152857399999959,0.152857399999959,0.152857399999959,0.152857399999959,0.559392500000001,0.406535100000042,0.406535100000042,0.406535100000042,0.406535100000042,0.268907799999965,0.268907799999965,0.33682639999995,0.33682639999995,0.33682639999995,0.0679185999999845,0.0679185999999845,0
192,"CUB","Cuba",19.1196189999998,22.82077,47.076634,49.8327750000001,66.6465289999999,68.5166400000001,87.8481669999999,65.2549799999999,53.625943,40.296859,55.493115,54.75341,136.775378,134.248234,126.556582,106.42995,83.956248,0,1.45431099999996,1.45431099999996,3.20876099999987,3.20876099999987,3.21901099999991,2.84165599999983
531,"CUW","Curacao",0,0,0,0.0947427830000001,0.0947427830000001,0.0947427830000001,0.0947427830000001,0.0947427830000001,0,0,0.189568677,0.189568677,0.189568677,0.28434809,0.379126518,0.284336268000001,0.379102846,0.473881274,0.379101861,0.284323433,0.189545005999999,1.421720729,1.516517873,1.516517873
196,"CYP","Cyprus",0,0,0,0,0,0,0,0,0,0,0,0,0,0,0,0,0,0,0,0,0.0794986010000001,0.0794986010000001,0.0794986010000001,0.0794988940000003
203,"CZE","Czech Republic",0.321006030000007,0.321006030000007,0.321006030000007,0.00280573000000572,0.00280573000000572,0,0,0,0,0,0,0,0.0638386600000018,0.0638386600000018,1.02022067999999,1.02022067999999,1.02022067999999,0.956382019999992,0.956382019999992,0,0,0,0,0
180,"COD","Dem. Rep. Congo",21.9400600000008,21.2692499999976,20.5993099999978,9.03931000000011,0,8.65641000000323,8.65641000000323,8.65641000000323,8.65641000000323,8.65641000000323,0,0,0,0,0,0,22.4080299999987,123.919179999997,125.074069999995,648.434799999995,701.553749999999,679.14572,577.634570000002,576.479680000004
208,"DNK","Denmark",1.70862240000002,2.41345510000002,4.55014040000003,4.01962520000001,4.1364327,3.33107230000002,2.4119579,0.220858200000009,0.220858200000009,0,0,0,0,0,0,0,0.113992800000005,0.340045300000043,0.394054600000004,5.43268840000002,5.9877424,6.72538739999999,9.1015587,9.09947040000003
262,"DJI","Djibouti",0,0,0,0,0,0,0,0,0,0,0,0,0,0,0,0,0,0,0,0,0,0,0,0
212,"DMA","Dominica",NA,NA,NA,NA,NA,NA,NA,NA,NA,NA,NA,NA,NA,NA,NA,NA,NA,NA,NA,NA,NA,NA,NA,NA
214,"DOM","Dominican Republic",8.62311200000022,11.190251,17.3401749999998,21.8464680000002,34.1430419999997,36.8062829999999,38.4645450000003,35.7070370000001,27.7199919999998,19.9379690000001,23.2558449999999,36.8702819999996,43.5945959999999,43.5945959999999,38.2844060000002,35.9859200000001,17.3259530000003,7.40826000000015,8.50905899999998,27.1923019999999,27.5463320000001,38.835304,37.5348919999999,36.4340930000001
218,"ECU","Ecuador",3.2929959999999,3.2929959999999,3.77841100000001,1.74478799999997,6.9660980000001,8.51351799999998,13.445905,12.8636300000001,22.1545470000001,17.606792,15.1873370000001,14.9080510000001,20.0377800000001,13.8463020000002,13.075677,15.7877130000002,13.654084,20.735115,19.185041,18.9916330000001,17.3444209999998,14.8249489999998,5.32758399999989,3.97251899999969
818,"EGY","Egypt",101.281950000001,123.615679999999,135.37017,62.9075799999991,46.30854,37.4512099999993,14.9519099999998,2.7831299999998,0.735520000000179,0.735520000000179,4.8089400000008,10.6931700000005,14.6713600000003,14.7473800000007,19.1347700000006,27.042809999999,25.62327,45.5122300000003,47.3434099999995,48.6844699999983,37.7306800000006,33.2659899999999,9.39883999999984,19.1725800000004
222,"SLV","El Salvador",0.47081858,0.37681104,0.752975510000002,0.84730403,1.31815386,1.50648533,1.50580867,1.12966878,0.941168950000002,0.84729018,0.753102090000002,0.659449250000002,0.471114440000001,0.565007100000001,0.282180540000001,0.18803827,0.18803827,0.18803827,0.09414561,1.10999999947126e-06,0,0,0,0
226,"GNQ","Equatorial Guinea",0,0,0,0,0,0.193617369,0.290501406,0.387385442999999,0.67757484,0.774304844,0.677575305,0.677576228,0.677580021000001,0.484274506999999,0.678208290000001,0.581320460000001,0.678211456,0.678211605,0.581327722,0.290663935,0.290663935,0.193890797,0.097002818,0.193886206
232,"ERI","Eritrea",0,0,0,0,0,0,0,0,0,0,0,0,0,0,0,0,0,0,0,0,0,0,0.277478799999983,0.277479099999994
233,"EST","Estonia",0.484508999999889,0.384354999999914,0.384354999999914,0,0,0,0,0,0,0,0,0,0,0,0,0,0,0,0,0,0,0,0,0.608050000000048
748,"SWZ","Eswatini",0,0,0,0,0,0,0,0,0,0,0,0.0865738600000014,7.78977804,7.87674577,8.39610876,9.08860239000001,9.17517626,1.47197208,1.38500435,0.865641359999998,0.173147729999997,0,0,0.0870406700000004
231,"ETH","Ethiopia",6.33903899999996,6.33903899999996,8.087806,9.13084400000002,8.46948999999995,10.9475580000001,14.4941880000001,19.1249900000003,12.7875680000002,13.8512280000002,11.0865640000002,7.63387899999998,1.15760499999988,1.15760499999988,0.189529999999877,0.189529999999877,1.24688700000002,2.49645499999997,2.49645499999997,5.76159499999994,9.04057000000012,14.7431770000001,27.2068080000001,29.0242130000001
234,"FRO","Faeroe Islands",0,0,0,0,0,0,0,0,0,0,0,0,0,0,0,0,0,0,0,0,0,0,0,0
238,"FLK","Falkland Islands",NA,NA,NA,NA,NA,NA,NA,NA,0,0,0,0,0,0,0,0,0,0,0,0,0,0,0,2.3200000009993e-07
242,"FJI","Fiji",NA,NA,NA,NA,NA,NA,NA,NA,NA,NA,NA,NA,NA,NA,NA,NA,NA,NA,NA,NA,NA,NA,NA,NA
246,"FIN","Finland",868.842431999998,868.519931999999,1997.495872,1807.934792,2675.818119796,3110.554620596,3467.329820596,3403.450270596,3006.868650596,2064.4617508,2153.116380944,2243.482920944,1564.623617905,1490.121517905,1356.891707905,855.772577011001,481.419447011001,468.439127984999,468.439127984999,810.811469163,797.543375132998,724.754765132999,351.376247198001,351.376247198001
250,"FRA","France",1.04636800000003,1.04636800000003,0,2.07525099999998,2.07525099999998,6.01133000000004,9.37363499999992,9.37363499999992,7.29838399999994,7.48914899999977,3.55306999999971,0.190764999999828,0.190764999999828,0.190764999999828,0,2.34866999999986,8.90268875499987,14.3902353359999,15.0922793359998,20.3747958259999,21.2480498260002,32.1578160710001,40.75664418,40.0546001800001
258,"PYF","French Polynesia",NA,NA,NA,NA,NA,NA,NA,NA,NA,NA,NA,NA,NA,NA,NA,NA,NA,NA,NA,NA,NA,NA,NA,NA
266,"GAB","Gabon",61.0996214,73.9764372,76.3969172,74.1704022,52.0862107,17.5250084,4.5512631,4.1636432,4.1636432,4.06680299999999,2.03286009999999,2.12949709999998,0.483984599999985,0.580902199999997,1.93720189999999,1.93720189999999,2.13121360000002,1.93766470000003,1.84074710000002,0.484447400000022,0.484447400000022,0.193798700000002,0,0
270,"GMB","Gambia",0,0,0,0,0,0,0,1.7926537,1.98110942,1.98110942,1.98110942,2.07537028,0.848096980000001,1.13083785,1.13083785,1.13083785,1.03657699,0.471196589999998,0,0,0,0,0.188549880000004,0.188549880000004
268,"GEO","Georgia",0,0,0,0,0,0,0,0,0,0,0.0709669200000036,0.213335389999997,0.213335389999997,0.284993069999999,0.284993069999999,0.214026149999995,0.0716576800000013,0.0716576800000013,0,0.141773499999999,0.141773499999999,0.357271029999993,0.357271029999993,0.42715179999999
276,"DEU","Germany",0.617668999999978,0.556716000000051,1.43121700000006,1.43121700000006,1.43121700000006,1.21928100000014,1.1647660000001,0,0,0,0,0,0,0,0.281586000000061,2.19203500000003,3.91550200000006,12.3523620000001,12.410085,35.239851,33.8126520000001,32.089185,24.4761800000001,24.4184570000002
288,"GHA","Ghana",63.7661085,90.5558748000001,576.8006309,612.69967,565.2639496,557.6799801,535.0410868,56.387766,15.5883914,13.0886758,16.353158,15.8538053,9.22241249999999,8.74178569999999,9.70090769999999,24.17484939,60.99166963,61.1788847,61.1788847,60.41248256,41.80831797,1.33997743,0.768060939999998,0.864594929999996
300,"GRC","Greece",0.297389199999998,0.297389199999998,0.150031200000001,0.150031200000001,0.073544499999997,0,0.364505600000001,0.805132400000019,1.6109836,1.81042440000002,1.81042440000002,1.44591880000002,1.005292,0.716056700000024,0.959132299999993,1.10507469999999,1.2524971,1.906991,1.4637817,1.38642129999999,1.31576090000001,1.92159669999998,1.3430932,1.2696866
304,"GRL","Greenland",0,0,0,0,0,0,0,0,0,0,0,0,0,0,0,0,0,0,0,0,0,0,0,0
308,"GRD","Grenada",NA,NA,NA,NA,NA,NA,NA,NA,NA,NA,NA,NA,NA,NA,NA,NA,NA,NA,NA,NA,NA,NA,NA,NA
320,"GTM","Guatemala",6.92887199999998,7.3057182,8.05765640000001,8.26159250000001,11.8247361,11.4512056,14.2575476,13.0405067,12.3851463,11.5453987,10.7017726,9.67825359999998,11.8381385,11.460832,8.65068630000002,9.58734430000001,8.08440380000002,7.3208826,6.19206869999999,5.9049105,3.9329793,2.4315886,0.656017899999995,0.841000899999983
831,"GGY","Guernsey",NA,NA,NA,NA,NA,NA,NA,NA,NA,NA,NA,NA,NA,NA,NA,NA,NA,NA,NA,NA,NA,NA,NA,NA
324,"GIN","Guinea",0.476674320000001,0.476674320000001,0.951429600000001,0.47475528,0.47475528,1.23632226,2.57571772,2.10096244,4.86725491,10.21132903,10.977804461,11.930359031,11.930359031,9.164066561,3.819992441,2.387503422,0.191107576,0.191107576,0.191107576,0.191107576,0.095554184,0,0,0
624,"GNB","Guinea-Bissau",0,0,0,0,0,0,0,0.57012469,0.57012469,0.57012469,0.57012469,0.664806800000001,0.0948583400000018,0.0949135800000001,0.0949135800000001,0.0949135800000001,0.000231469999999234,5.52399999982356e-05,0,0,0,0,0,0
328,"GUY","Guyana",0.288698000000068,0.288698000000068,0,1.2484750000001,2.40512100000001,10.605438,10.605438,10.605438,14.273923,14.8504599999999,7.03560599999992,7.03560599999992,7.03560599999992,2.1186459999999,1.63901499999997,4.91683499999999,5.59155899999996,5.68783099999996,5.68783099999996,5.68238200000019,2.0190990000001,1.34437500000013,8.85055200000011,11.070058
332,"HTI","Haiti",3.75474200000053,2.01360000000068,0.757051000000502,0.757051000000502,6.27241000000004,12.8780980000001,12.8780980000001,12.852245,18.0906420000001,15.3289920000002,13.1354030000002,15.8067799999999,20.4905830000002,15.2521860000002,11.7672790000001,8.99547699999994,11.154888,6.47108499999968,8.0275200000001,13.1772069999997,15.7447459999999,10.9139580000001,17.1424370000004,15.586002
336,"VAT","Holy See",NA,NA,NA,NA,NA,NA,NA,NA,NA,NA,NA,NA,NA,NA,NA,NA,NA,NA,NA,NA,NA,NA,NA,NA
340,"HND","Honduras",21.5483875,21.7307552,23.5289694,3.4821001,7.8838212,7.03239120000001,12.4747785,10.6765643,10.7698197,6.3708183,5.7207301,0.472521300000011,0.472521300000011,0.379265900000007,0.376546200000007,0.563892299999992,0.187346099999985,0.187346099999985,0.187346099999985,0.187346099999985,0,0,0,0
344,"HKG","Hong Kong",0,0,0,0,0,0,0,0,0,0,0,0,0,0,0,0,0,0.089696376,0.179335616,0.895793396,0.895793396,0.895793396,0.80609702,1.075031995
348,"HUN","Hungary",5.25203590000001,5.59939989999998,6.77468710000005,4.54482680000001,4.47537130000001,5.45504800000003,5.57147330000009,6.19516699999997,5.87230409999995,5.28727590000005,3.70786229999999,4.78444779999995,2.78640619999999,2.18673899999999,1.73972309999999,1.73972309999999,0.0664698000000499,3.27306190000002,3.33944169999995,3.33944169999995,3.33944169999995,3.2729718999999,0.066379799999936,0
352,"ISL","Iceland",0.0419419999998354,0.0419419999998354,0.0419419999998354,0.0831760000000941,0.0831760000000941,0.0412340000002587,0.0412340000002587,0.0412340000002587,0,0,0,0,0,0,0,0,0,0,0,0,0,0,0.165629000000081,0.165629000000081
356,"IND","India",0.178200000002107,0.178200000002107,0,0,0,0,0,0,0,0,0,0,0,0,22.4346700000024,22.4346700000024,22.4346700000024,60.8987300000008,62.0549000000028,41.8679799999991,47.2660999999971,47.2660999999971,8.80203999999867,11.0740079999996
360,"IDN","Indonesia",NA,NA,NA,NA,NA,NA,NA,NA,NA,NA,NA,NA,NA,NA,NA,NA,NA,NA,NA,NA,NA,NA,NA,NA
364,"IRN","Iran",0,0,0,0,0,0.157717600000069,0.157717600000069,0.995618200000081,1.15106920000005,1.15106920000005,0.993351599999983,0.993351599999983,0.155450999999971,0,1.74483420000001,1.74483420000001,1.74483420000001,1.74483420000001,1.74483420000001,0,0,0,0,0
368,"IRQ","Iraq",0,0,0,0,0,0,0,0,0.4171853,0.4171853,0.4171853,0.4171853,0.4171853,0,0,0,0,0.0839318000000162,0.0839318000000162,0.0839318000000162,0.0839318000000162,0.0839318000000162,0.153526600000021,0.474455599999999
372,"IRL","Ireland",1.43473900000026,1.37679000000026,7.50773100000151,16.6106850000015,16.6106850000015,15.6993200000015,15.6993200000015,10.2850150000013,1.18206100000134,1.18206100000134,0.716636000001017,0.716636000001017,0,0,0,0,0.975513999999748,4.45321800000056,4.45321800000056,12.8395700000001,23.6904930000001,49.6594880000011,67.4899299999997,71.8421730000009
833,"IMN","Isle of Man",NA,NA,NA,NA,NA,NA,NA,NA,NA,NA,NA,NA,NA,NA,NA,NA,NA,NA,NA,NA,NA,NA,NA,NA
376,"ISR","Israel",0,0,0,0,0,0,0,0,0,0,0,0,0,0,0,0,0,0,0,0,0,0,0,2.62000000028628e-07
380,"ITA","Italy",0.476228400000025,0.881196200000034,3.02930930000002,3.7065723,3.7065723,3.29947569999996,3.11965249999997,1.28543129999997,0.840856300000041,0.840856300000041,0.840856300000041,0.54657990000004,0.914194500000065,0.681506500000012,1.03294150000005,1.36753340000001,1.61837870000005,1.09977750000002,1.78730360000003,1.43586859999999,1.1821152,1.00510839999998,0.842203100000006,0.154676999999992
388,"JAM","Jamaica",2.12022138,1.65919937,1.29032957,0.368608419999994,0,0,0.460983709999994,0.460983709999994,0.460983709999994,0.460983709999994,1.01349589999998,0.552512189999987,0.552512189999987,0.552512189999987,0.552512189999987,0,0,0,0.184408810000008,0.184408810000008,0.184491410000007,0.184491410000007,0.276982800000013,0.0925739900000053
392,"JPN","Japan",0,0,0,0,0.0101655999999366,0.258797800000025,0.258797800000025,0.258797800000025,0.644071199999985,0.633905600000048,0.38527339999996,0.38527339999996,0.38527339999996,0,0,0,0,0,0.15448820000006,1.82462520000001,2.54203810000001,2.54203810000001,4.17697989999999,5.02804089999995
832,"JEY","Jersey",NA,NA,NA,NA,NA,NA,NA,NA,NA,NA,NA,NA,NA,NA,NA,NA,NA,NA,NA,NA,NA,NA,NA,NA
400,"JOR","Jordan",0,0,0,0,0,0,0,0,0,0,0,0,0,0,0,0,0,0,0,0,0,0,0,1.48000000033122e-07
398,"KAZ","Kazakhstan",0,0.657030000000304,0.657030000000304,0.657030000000304,4.45060999999987,10.225989999999,9.5689599999987,9.5689599999987,9.5689599999987,5.77537999999913,0,0,0,0,0,0,0,10.6648600000008,10.6648600000008,60.7012599999998,71.9308400000009,89.3342499999999,96.6471399999991,96.6471399999991
404,"KEN","Kenya",0,0,0,0,0,0,0,0,0,3.19807100000071,3.19807100000071,5.62042800000017,5.62042800000017,5.91130700000031,3.1019129999986,3.1019129999986,1.35725399999865,11.4355449999985,11.3384179999994,36.7109049999999,38.5517469999995,62.3861219999999,108.901065,125.946118
296,"KIR","Kiribati",NA,NA,NA,NA,NA,NA,NA,NA,NA,NA,NA,NA,NA,NA,NA,NA,NA,NA,NA,NA,NA,NA,NA,NA
689,"XKX","Kosovo",0,0,0,0,0,0,0,0,0,0,0,0,0,0,0,0,0,0,0,0,0,0,0,0
414,"KWT","Kuwait",0.338000900000011,0.337966340000008,0.168955530000005,0.168955530000005,2.36586809000001,5.83008192,6.67530723,6.75978384000001,8.70313986000001,7.68932717999999,5.23955562,4.64781775,4.98604313999999,3.80300196,2.95785921000001,2.11238858999999,1.94340773,1.77416322000001,1.60553358,1.35208761,1.18311596000001,1.01413508,0.845186459999994,1.26840417999999
417,"KGZ","Kyrgyzstan",0,0,0,0,0,0,0,0,0,0,0,0,0,0,0,0,0,0,0,0,0,0,0,0
418,"LAO","Laos",14.5051078,14.5946666000001,14.5946666000001,14.5946666000001,3.49117420000005,0.0895588000000771,0,0,0,0,0,0,24.1420183,28.8876429000001,30.8150353,30.8150353,30.8150353,6.67301699999996,1.92739239999992,0,0,0,0,0
428,"LVA","Latvia",1.08210800000006,0.87112100000013,0.816769000000022,0,0,0,0,0,0,0,0,0,0,0,0,0,0,0,0.0527890000000752,0.418353000000025,0.418353000000025,0.418353000000025,0.418353000000025,0.365563999999949
422,"LBN","Lebanon",NA,NA,NA,NA,NA,NA,NA,NA,NA,NA,NA,NA,NA,NA,NA,NA,NA,NA,NA,NA,NA,NA,NA,NA
426,"LSO","Lesotho",0,0,0,0,0,0,0,0,0,0,0,0,0,0,0,0,0,0,0,0.25038234,0.334870473999999,0.334870473999999,0.334870473999999,0.334870678
430,"LBR","Liberia",6.25717949,6.06449287,5.87189426,3.85022063,4.71835569,4.81470909,5.77994523,7.51349772,4.62584592,3.2769007,3.46959299,2.69780045,0.964247960000002,0.867898150000002,0.48248929,0.193443600000002,0,0,0,0,0,0.0966378399999996,0.0966378399999996,1.83104284
434,"LBY","Libya",0,0,0,0,0,0,0,0,0,0,0,0,0,0,0,0,0,0,0,0,0,0,0,0
438,"LIE","Liechtenstein",NA,NA,NA,NA,NA,NA,NA,NA,NA,NA,NA,NA,NA,NA,NA,NA,NA,NA,NA,NA,NA,NA,NA,NA
440,"LTU","Lithuania",2.19488059999998,2.19488059999998,2.13884400000001,0.560686199999964,0.450395299999968,0.503671800000006,0.505703900000015,0.505703900000015,0.670656099999974,0.222390599999983,0.166984299999967,0.164952199999959,1.91441039999995,1.74945819999999,1.74945819999999,1.74945819999999,1.74945819999999,0,0,0.875037500000019,0.875037500000019,0.875037500000019,0.875037500000019,0.875037500000019
442,"LUX","Luxembourg",NA,NA,NA,NA,NA,NA,NA,NA,NA,NA,NA,NA,NA,NA,NA,NA,0,0,0,0,0,0,0,0
446,"MAC","Macao",NA,NA,NA,NA,NA,NA,NA,NA,NA,NA,NA,NA,NA,NA,NA,NA,NA,NA,NA,NA,NA,NA,NA,NA
450,"MDG","Madagascar",13.0509689999999,13.3330470000001,16.896385,24.2238430000002,20.2516170000004,14.3462370000002,14.064159,10.3133160000002,0,0,0,0,0,0,0,0,0,0,0,0,0,0,0,0
454,"MWI","Malawi",0.188031000000137,0.0939320000002226,0,0,10.5737650000001,46.3999720000002,47.6668460000001,47.6668460000001,47.6668460000001,37.093081,1.26687399999992,0,0,0,0,0,0,0,0,10.070295,10.070295,10.070295,10.070295,10.070295
458,"MYS","Malaysia",NA,NA,NA,NA,NA,NA,NA,NA,NA,NA,NA,NA,NA,NA,NA,NA,NA,NA,NA,NA,NA,NA,NA,NA
462,"MDV","Maldives",NA,NA,NA,NA,NA,NA,NA,NA,NA,NA,NA,NA,NA,NA,NA,NA,NA,NA,NA,NA,NA,NA,NA,NA
466,"MLI","Mali",4.53240800000003,24.4122039999997,24.4122039999997,23.8964299999998,22.3140060000001,19.8797959999997,0,2.35727900000029,2.35727900000029,2.35727900000029,2.35727900000029,2.35727900000029,0,0,0,0,0,5.60494400000016,5.60494400000016,6.54037000000017,6.54037000000017,6.54037000000017,2.05944199999976,2.15321700000004
470,"MLT","Malta",NA,NA,NA,NA,NA,NA,NA,NA,NA,NA,NA,NA,NA,NA,NA,NA,NA,NA,NA,NA,NA,NA,NA,NA
584,"MHL","Marshall Islands",NA,NA,NA,NA,NA,NA,NA,NA,NA,NA,NA,NA,NA,NA,NA,NA,NA,NA,NA,NA,NA,NA,NA,NA
478,"MRT","Mauritania",2.79037599999992,2.22838300000012,1.01809800000001,1.01809800000001,0.924665999999888,0.275887000000012,0.0928489999998874,0.558078999999907,0.558078999999907,0.558078999999907,0.558078999999907,0.46523000000002,1.20836299999996,1.48751500000003,1.58042,1.58042,1.58042,0.93064900000013,0.744445999999925,1.95232099999998,5.27113899999995,11.8949480000001,42.0080619999999,42.8422
480,"MUS","Mauritius",0,0,0,0,0.091005812,0.181910859,0.181910859,0.181910859,0.272807744,0.272807743,0.181902696,0.272807744,0.363805459,0.272908574,0.181902763,0.181902763,0.090997715,0,0,0,0,0,0,0
484,"MEX","Mexico",238.527921,265.599762,288.935303,129.148858,213.297837,284.2185887,375.1651942,422.550647,446.337704,354.5370435,262.7415072,157.1656022,92.2278959,38.0983088,24.0987273,20.8173737,9.0106687,1.94907520000004,2.7594246000001,2.7594246000001,2.7465208000001,0.91783630000009,0.91783630000009,0
583,"FSM","Micronesia",NA,NA,NA,NA,NA,NA,NA,NA,NA,NA,NA,NA,NA,NA,NA,NA,NA,NA,NA,NA,NA,NA,NA,NA
498,"MDA","Moldova",0,0.0676564900000045,0.0676564900000045,0.0676564900000045,0.135638700000001,0.135638700000001,0.0679822099999967,0.0679822099999967,0.0679822099999967,0,0,0,0,0,0,0,0,0,0,0,0,0,0,0
492,"MCO","Monaco",NA,NA,NA,NA,NA,NA,NA,NA,NA,NA,NA,NA,NA,NA,NA,NA,NA,NA,NA,NA,NA,NA,NA,NA
496,"MNG","Mongolia",1.88744200000019,1.88744200000019,1.62564900000007,1.16757299999972,0.776543999999831,0.443160999999691,0.776658999999654,0.776658999999654,0.333497999999963,0.333497999999963,0.333497999999963,0,0,0,0.187715999999909,0.187715999999909,2.00250099999948,3.99467399999958,3.99467399999958,8.98467999999957,11.1896709999996,9.37488600000006,7.53677200000038,7.72759400000041
499,"MNE","Montenegro",6.45036283,6.45036283,6.66513637,1.21770762,1.14622084999999,1.14622084999999,1.43275978,1.7918416,0.860394290000002,0.860394290000002,0.860394290000002,0.573855359999996,0,0,0,0,0,0,0,0,0,0,0,0
504,"MAR","Morocco",0,0,0,0,0,0,0,0,0,0,0,0,0,0,0,0,0,0,0,0.0821207610000001,0.0821207610000001,0.0821207610000001,0.0821207610000001,0.082121036
508,"MOZ","Mozambique",0,0,0,0,0,0,0,0,0,2.61201000000074,3.06912000000011,3.06912000000011,3.06912000000011,10.2150799999981,31.8578799999959,48.5516399999979,94.9591699999983,152.889389999997,146.569630000002,390.140530000001,372.989659999999,344.379580000001,286.449360000002,285.623159999999
104,"MMR","Myanmar",5.12045009999997,5.12045009999997,18.9948149999999,19.4868713999999,14.3664213,14.3664213,14.3851132,0.510748300000046,0.0186919000000216,0.0186919000000216,0.0186919000000216,0,0,0,0.374509500000045,0.374509500000045,0.805537299999969,0.805537299999969,0.805537299999969,0.431027799999924,0.431027799999924,0,0,0
516,"NAM","Namibia",0,0.0965169999999489,0.0965169999999489,0.0965169999999489,0.0965169999999489,0.464893000000075,1.39046499999995,2.13003600000002,10.07548,26.7934279999999,43.0507149999999,54.1245020000001,83.7289410000001,165.159637,148.441689,131.816026,119.72015,89.3761399999999,0,0.0924240000001646,0.276830000000018,0.276912000000038,0.276912000000038,0.276912000000038
520,"NRU","Nauru",NA,NA,NA,NA,NA,NA,NA,NA,NA,NA,NA,NA,NA,NA,NA,NA,NA,NA,NA,NA,NA,NA,NA,NA
524,"NPL","Nepal",0,0,0,0,0,0,0,0,0,0,0,0,0,0,0,0,0,0,0,0.251988060000002,0.251988060000002,0.251988060000002,0.251988060000002,0.336710440000001
528,"NLD","Netherlands",2.50407629999995,2.44205539999996,9.10646229999998,9.82442649999996,9.82442649999996,11.8029522,13.4971068,8.54002389999994,7.82205969999995,7.82205969999995,5.12577319999991,5.83943099999999,4.08726130000002,4.11843709999994,5.13083329999995,5.13083329999995,2.06161299999985,7.53013429999987,7.49895849999996,12.545433,13.2544934,15.3165402000001,14.5523093,14.6129062
540,"NCL","New Caledonia",NA,NA,NA,NA,NA,NA,NA,NA,NA,NA,NA,NA,NA,NA,NA,NA,NA,NA,NA,NA,NA,NA,NA,NA
554,"NZL","New Zealand",0.071371999999883,0.071371999999883,0,0,0,0,0,0,0,0.0587799999998424,0.0587799999998424,0.0587799999998424,0.0587799999998424,0.0587799999998424,0,0,0,0,0,0,0,0,0,0
558,"NIC","Nicaragua",0.568451900000014,0.284002100000009,0.0944957000000386,0.0944957000000386,0,0,0.375019899999984,0.944458999999995,0.944458999999995,0.944458999999995,0.944458999999995,0.569439100000011,0.0936982000000057,0.0936982000000057,0.0936982000000057,0.188341600000058,0.188341600000058,0.0946434000000522,0.0946434000000522,0.0946434000000522,0,0,0,0
562,"NER","Niger",0,0,0,0,0,0,0,0,0,0,0.65903400000002,0.65903400000002,0.65903400000002,0.65903400000002,0.65903400000002,0,0,0,0,0.282378999999992,0.658878999999843,4.61184299999991,13.1657729999999,13.9187179999999
566,"NGA","Nigeria",35.7021649999997,39.6270509999999,55.6180010000003,42.7372990000003,37.21731,20.1085420000004,16.0873330000004,0,0,0,1.12630600000011,3.95862400000033,3.95862400000033,3.95862400000033,3.95862400000033,2.83231800000021,0.200367000000369,0.884569000000283,1.07687900000019,6.85345000000007,9.33935400000018,21.0957589999998,37.384744,38.4464549999998
570,"NIU","Niue",NA,NA,NA,NA,NA,NA,NA,NA,NA,NA,NA,NA,NA,NA,NA,NA,NA,NA,NA,NA,NA,NA,NA,NA
408,"PRK","North Korea",0.228212800000001,0.303666229999997,0.303666229999997,0.227182419999998,0.075453429999996,0.151277199999996,0.372779299999998,0.372779299999998,0.372779299999998,0.372779299999998,0.296955529999998,0,0.525093529999999,0.525093529999999,0.525093529999999,0.525093529999999,3.76107739,3.23598386,3.23598386,8.60732788999999,8.60865103,5.37266717,5.37266717,5.37266717
807,"MKD","North Macedonia",0,0,0,0,0,0,0,0,0.216852509999999,0.216852509999999,0.216852509999999,0.216852509999999,0.289177379999998,0.0723248699999992,0.0723248699999992,0.0723248699999992,0.0723248699999992,0.58434106,0.58434106,0.87620506,0.87620506,0.87620506,0.291864,0.291864
578,"NOR","Norway",801.742210000004,866.763349999997,3775.95022,3794.02548,3855.24676,3681.64731,3655.86161,860.903249999999,511.425879999999,363.393489999999,439.139290000003,858.489720000001,1331.76766,1325.08001,1248.80135,1054.04381,623.47651,383.768889999999,383.768889999999,383.768889999999,398.9136,367.225889999998,15.1447100000005,15.1447100000005
512,"OMN","Oman",0,0,0,0,0.088784700000005,0.088784700000005,0.088784700000005,0.354709880000001,0.354709880000001,0.265925179999996,0.4435492,0.4435492,0.266459580000003,0.266459580000003,0.266459580000003,0.0888355599999997,0.0888355599999997,0.434992129999998,0.69599487,0.69599487,0.69599487,0.69599487,0.34925303,0.0882504499999968
586,"PAK","Pakistan",0.176293999999871,0,0,0,0,0,0.230457999999999,1.24422299999969,1.24422299999969,1.24422299999969,1.24422299999969,1.01376499999969,0,0,17.5762919999997,17.5762919999997,17.5762919999997,20.2697330000001,20.6133719999998,4.62426099999993,5.56010100000003,11.7545770000006,9.06113600000026,8.71749700000055
585,"PLW","Palau",NA,NA,NA,NA,NA,NA,NA,NA,NA,NA,NA,NA,NA,NA,NA,NA,NA,NA,NA,NA,NA,NA,NA,NA
591,"PAN","Panama",3.5423651,3.54136337999999,3.34986777,1.33924078,0.956224669999997,0.381978469999993,0,0,0,2.87226301,6.70175579999999,6.70175579999999,8.71180216999998,10.05301491,8.71293180999999,5.07483355000001,6.32212169,4.59993088,3.54634215,2.01416224,2.0142567,0.766968560000009,0.479113000000012,0.191488990000011
598,"PNG","Papua New Guinea",NA,NA,NA,NA,NA,NA,NA,NA,NA,NA,NA,NA,NA,NA,NA,NA,NA,NA,NA,NA,NA,NA,NA,NA
600,"PRY","Paraguay",80.3827100000017,80.3827100000017,80.3827100000017,80.3827100000017,58.2311399999999,0,0,582.633129999998,611.188630000001,611.188630000001,611.188630000001,611.188630000001,28.5555000000022,0,0,0,0,20.3246699999982,20.4111599999997,223.007249999999,250.463820000001,262.92037,242.595700000002,243.881116
604,"PER","Peru",0,0,0,0,8.43507,8.43507,11.8641339999999,11.8641339999999,11.8641339999999,14.1531959999998,31.1462299999998,27.7171659999999,28.9054529999999,28.9054529999999,18.6790930000002,1.68605900000011,5.64679000000024,4.45850300000029,4.45850300000029,3.96073100000012,3.96073100000012,0,0,0.279160000000047
608,"PHL","Philippines",NA,NA,NA,NA,NA,NA,NA,NA,NA,NA,NA,NA,NA,NA,NA,NA,NA,NA,NA,NA,NA,NA,NA,NA
616,"POL","Poland",4.26620660000003,4.42484330000002,6.91015010000001,9.10601199999996,6.22801129999993,4.83980539999993,4.68116869999994,2.19586189999995,0,0,0,0,0,0,0,0,0.353343600000017,2.94293110000001,2.94293110000001,24.0954671,24.0954671,23.7421234999999,21.1525359999999,21.1525359999999
620,"PRT","Portugal",0.367345599999993,0.218091499999986,0.144531799999982,0,0.14986540000001,0.14986540000001,0.453886200000028,0.537825500000025,0.61316800000003,0.46330260000002,0.838101500000022,0.534080700000004,0.523685900000004,0.448343399999999,0.677748399999984,0.302949499999983,0.302949499999983,0.229404999999986,0.306479800000005,0.149665100000021,0.447510200000011,0.972918600000014,1.12367970000003,1.1237276
634,"QAT","Qatar",0,0,0,0,0,0,0,0,0,0,0,0,0,0,0.087621499,0.087621499,0.087621499,0.087621499,0.087621499,0,0,0,9.99999999473644e-10,0.087615468
178,"COG","Republic of Congo",64.5275829999999,66.4638878,67.9089755,30.9778231,87.4889096000001,90.8884579,90.2154411,89.1587185999999,74.3414246,11.5384822999999,1.65165319999994,3.1991385,14.2426249,14.2426249,25.1927185000001,25.1927185000001,22.76912,11.3372684000001,11.3372684000001,0.387174800000025,0.387174800000025,0.872193799999991,0.872193799999991,0.872193799999991
642,"ROU","Romania",29.7618830000001,33.9355129999999,61.94218,68.865914,45.9408079999998,39.4459269999998,36.9216670000001,12.2135410000001,5.28980700000011,5.28980700000011,5.28980700000011,3.50433500000008,0,0,0,0,0.00554700000020603,0.507557000000361,0.710767000000033,0.710767000000033,4.6073449999999,4.60179799999969,4.11732399999983,3.91411400000015
643,"RUS","Russia",11477.5771999999,11515.017,20472.5251000001,18049.1063999999,24256.3608,28578.0537,32655.0686,35025.0658,28977.6098000001,22005.5922,22217.4567,20602.6531999999,12055.4386,11560.9663,10406.5663000001,5306.9253,3320.0843000001,3783.64760000003,3783.64760000003,6006.1283000001,6006.1283000001,5479.71240000008,2222.48070000007,2222.48070000007
646,"RWA","Rwanda",0,0,0,0.969138799999996,2.7119831,8.23273210000002,11.62224,12.3003788000001,11.3312400000001,9.58839570000009,6.8761492000001,3.48664130000009,3.48650410000005,3.48650410000005,3.48650410000005,1.74394990000008,1.74394990000008,1.45343560000003,1.45343560000003,11.1399621,11.1395128,12.5926171999999,12.9800506,12.9800506
652,"BLM","Saint Barthelemy",0,0,0,0,0,0,0,0,0,0,0,0,0,0,0,0,0.092242042,0.18448553,0.18448553,0.18448553,0.18448553,0.092243488,0,0
659,"KNA","Saint Kitts and Nevis",0,0,0,0.0925574349999998,0.0925574349999998,0.0925574349999998,0.0925574349999998,0.0925574349999998,0.46250559,0.555058835,0.74016253,0.832715775,0.925271814,0.647872714,0.647872714,0.462769019,0.462770416,0.555306882,0.370200392,0.277647147,0.277647147,0.185092505,0.0925378619999999,0.0925378619999999
662,"LCA","Saint Lucia",0,0,0,0,0,0,0,0,0,0,0,0,0,0,0,0,0,0,0,0,0,0,0,4.41999999989395e-07
670,"VCT","Saint Vincent and the Grenadines",0,0,0,0,0,0,0,0,0,0,0,0,0,0,0,0,0,0,0.094360801,0.094360801,0.094360801,0.094360801,0.094360801,0
882,"WSM","Samoa",NA,NA,NA,NA,NA,NA,NA,NA,NA,NA,NA,NA,NA,NA,NA,NA,NA,NA,NA,NA,NA,NA,NA,NA
674,"SMR","San Marino",NA,NA,NA,NA,NA,NA,NA,NA,NA,NA,NA,NA,NA,NA,NA,NA,NA,NA,NA,NA,NA,NA,NA,NA
678,"STP","Sao Tome and Principe",0,0,0,0,0,0,0,0,0,0,0,0,0,0,0,0,0,0,0,0,0,0,0,0
682,"SAU","Saudi Arabia",0,0,0,0.0880272800000057,0.174632840000001,0.174632840000001,0.174632840000001,0.174632840000001,0.0866055599999953,0,0,0,0,0,0,0,0,0,0,0,0,0,0,2.10000010270051e-07
686,"SEN","Senegal",0.843925000000127,0.280665000000226,0,0,0.281379999999899,0.281379999999899,0.281379999999899,0.37055700000019,0.37055700000019,0.0891770000002907,0.0891770000002907,2.23896600000035,2.14978900000006,7.75984000000017,7.75984000000017,8.79052400000046,7.0149620000002,12.8803800000001,7.45742100000007,7.45742100000007,7.63925199999949,10.9997719999997,51.2967909999998,51.8597729999997
688,"SRB","Serbia",2.1899437,2.3264698,5.19226690000001,4.0299715,4.50835819999999,3.61751409999999,3.5492577,0.683460599999989,0.683460599999989,0.0682697000000019,0.0682697000000019,0,0.272872100000001,0.272872100000001,0.272872100000001,0.272872100000001,0.272872100000001,0.135482800000005,0.135482800000005,0.135482800000005,0.135482800000005,0.135482800000005,0,0
690,"SYC","Seychelles",NA,NA,NA,NA,NA,NA,NA,NA,NA,NA,NA,NA,NA,NA,NA,NA,NA,NA,NA,NA,NA,NA,NA,NA
694,"SLE","Sierra Leone",44.6807362,53.6137297,71.1649135,106.9982166,101.7150371,85.4767916,80.1868719,83.1021885,37.08107,28.3361657,28.2256573,28.4114055,7.9449051,7.9449051,7.082888,3.828822,0,0,0,0,0,0,0,0
702,"SGP","Singapore",NA,NA,NA,NA,NA,NA,NA,NA,NA,NA,NA,NA,NA,NA,NA,NA,NA,NA,NA,NA,NA,NA,NA,NA
534,"SXM","Sint Maarten",0,0,0.184344887,0.460856396000001,1.106000899,1.106000899,1.106000899,0.921656012000001,0.645144503,0,0,0.0921738979999995,0.0921738979999995,0.0921738979999995,0.0921738979999995,0.0921738979999995,0.737324211,1.382503649,1.382503649,1.382503649,1.382503649,0.645179438,0,4.96000000183017e-07
703,"SVK","Slovakia",0.52002193,0.52002193,0.52002193,0.389971129999999,0.2598924,0.0649382200000002,0.129747230000001,0.129747230000001,0.129747230000001,0.0648090100000012,0.0648090100000012,0,0,0,0,0,0,0,0,0,0.0633776399999988,0.0633776399999988,0.12794817,0.12794817
705,"SVN","Slovenia",0,0,0.200631229999999,0.334006139999998,0.467714929999998,0.467990609999999,0.467990609999999,0.26735938,0.133984470000001,0.000275680000001444,0,0.0668884200000015,0.0668884200000015,0.0668884200000015,0.0668884200000015,0.0668884200000015,0,0,0,0,0,0,0,0
90,"SLB","Solomon Islands",NA,NA,NA,NA,NA,NA,NA,NA,NA,NA,NA,NA,NA,NA,NA,NA,NA,NA,NA,NA,NA,NA,NA,NA
706,"SOM","Somalia",1.43815860000007,1.72578169999997,2.87531720000004,3.83186039999998,3.54422750000003,2.58545279999998,2.29782970000008,1.72372629999995,0.671307599999977,0.671307599999977,0.865168899999958,0.865168899999958,0.19386129999998,0.19386129999998,0.19386129999998,0,0,0,0,7.55823780000003,7.94178520000003,8.1340398000001,11.3032931,11.3032931
710,"ZAF","South Africa",3.29959099999996,2.24458999999979,1.35988700000007,0.291114000000107,0,0,0,0,4.56404799999973,4.56404799999973,7.27242299999943,7.66386699999975,7.90716799999973,3.34312,3.34312,0.634745000000294,1.57898800000021,11.0194889999998,11.8304870000002,11.8304870000002,12.2935040000002,10.957817,1.38632700000016,16.434346
410,"KOR","South Korea",0.0785900500000025,0,0,0.0806927500000043,0.0806927500000043,0.0806927500000043,0.0806927500000043,0.0806927500000043,0,0,0,0,0,0,0,0,0,0,0.0792747500000033,0.238091560000001,0.470368260000001,0.470368260000001,0.470368260000001,0.63633806
728,"SSD","South Sudan",0,0,0,0,0,0,0,10.1102600000013,10.1102600000013,85.4184700000042,174.327530000002,219.689290000002,212.084970000004,212.084970000004,140.09203,67.8645400000023,76.0137600000016,189.135249999999,189.135249999999,495.243560000003,834.639510000001,781.128530000002,808.268980000001,808.268980000001
724,"ESP","Spain",1.47020749999996,0.926558299999954,0.389652399999989,0.389652399999989,0.389652399999989,0.774407899999972,0.384755499999983,0.384755499999983,0.384755499999983,0.794265099999961,1.43851889999996,2.43218349999995,3.19938569999999,4.95605769999997,5.1265942,4.09758490000002,4.64677370000004,10.5019993,8.89953950000006,14.3093597000001,16.6056748,23.7253133,18.3026151,18.1484029
144,"LKA","Sri Lanka",0,0,0,0,0,0,0,0,0,0,0,0,0,0,0,0,0,0,0,0,0,0,0,4.26999999997291e-07
275,"PSE","State of Palestine",NA,NA,NA,NA,NA,NA,NA,NA,NA,NA,NA,NA,NA,NA,NA,NA,NA,NA,NA,NA,NA,NA,NA,NA
729,"SDN","Sudan",0.0953009999998358,0.0953009999998358,0,0,0,0,9.64977900000031,19.383859,23.3009220000004,32.4646360000002,53.3016170000001,44.6087739999998,48.6456050000002,46.3545959999997,49.886297,29.0493160000001,40.5346890000001,75.8133200000002,74.1872660000004,71.1292940000003,93.659099,130.050693,133.692281,134.070981
740,"SUR","Suriname",0,0,0,14.8448450000001,34.9966056000001,34.9966056000001,34.9966056000001,34.9966056000001,24.2977275999999,4.14596699999993,4.14596699999993,4.14596699999993,4.14596699999993,0,0,0.289633999999978,0.289633999999978,0.289633999999978,0.289633999999978,1.448081,1.15844700000002,1.15844700000002,1.15844700000002,1.15844700000002
752,"SWE","Sweden",49.7596900000026,49.5244899999998,49.1248100000012,0,243.483410000001,243.483410000001,243.483410000001,521.130740000001,601.06379,576.96387,964.411160000003,1605.72649,1581.40918,1501.47613,1282.09264,894.645349999999,253.330020000001,71.4142600000014,71.4142600000014,71.4142600000014,71.4142600000014,71.4142600000014,0,0
756,"CHE","Switzerland",1.12306352,1.12306352,1.12306352,0.396755769999999,0.198532529999998,0,0,0,0.0655014600000001,0.0655014600000001,0.0655014600000001,0.0655014600000001,0.0655014600000001,0,0,0,0.131687360000001,0.131687360000001,0.131687360000001,0.131687360000001,0.197844270000001,0.0661569100000001,0.133894659999999,0.133894659999999
760,"SYR","Syria",0,0,0,0,0,0,0,0,0,0,0,0,0,0,0,0,0,0,0,0,0,0,0,0
158,"TWN","Taiwan",4.64253989999997,4.64262859999997,3.92787479999998,3.83470030000001,7.85917699999999,9.82661900000005,11.7030642,15.9870889,18.4002408,14.6502511,12.4242171,12.1535653,7.8813677,8.32387499999999,7.8799133,10.3712498,12.6012267,12.5076333,11.8817102,10.8045585,14.5424322,22.5102109,23.6663818,26.4055485
762,"TJK","Tajikistan",0,0,0,0,0,0,0,0,0,0,0,0,0,0,0,0,0,0,0,0,0,0,0,0
834,"TZA","Tanzania",0,0,0,0,0,0,0,0,0,0,0,0,0,0,0,0,0,0,1.54190000000381,180.363069999999,209.802009999999,276.297780000001,364.563000000002,469.617182999995
764,"THA","Thailand",0.369069199999998,0.369069199999998,0.369069199999998,0.369069199999998,0.369069199999998,0,0,0,0,0,0,0,0,0,0.647973799999988,0.647973799999988,1.20447329999999,4.18463370000001,4.18463370000001,4.56046990000002,7.57675660000001,7.02025710000001,4.04009669999999,4.04009669999999
626,"TLS","Timor-Leste",NA,NA,NA,NA,NA,NA,NA,NA,NA,NA,NA,NA,NA,NA,NA,NA,NA,NA,NA,NA,NA,NA,NA,NA
768,"TGO","Togo",0,0,12.397427821,12.493494958,12.493494958,12.493494958,12.493494958,0.0960671369999995,0,0,0,0,0,0,0,0,0,0,0,0,0,0,0,3.19999999831566e-07
776,"TON","Tonga",NA,NA,NA,NA,NA,NA,NA,NA,NA,NA,NA,NA,NA,NA,NA,NA,NA,NA,NA,NA,NA,NA,NA,NA
780,"TTO","Trinidad and Tobago",0.0953781300000003,0.0953781300000003,0.0953781300000003,0,0.0952566899999994,0.28589676,0.952704899999999,1.52424679,1.90551804,2.38217242,2.57280615,2.28702564,1.90582567,1.81045015,1.33379665,1.14315854,0.95257309,0.76223117,0.47633544,0.38107787,0.19044218,0,0,0
788,"TUN","Tunisia",0,0,0,0,0,0,0,0,0,0,0,0,0,0,0,0,0,0,0,0,0,0,0,0
792,"TUR","Turkey",0.756268999999975,0.300568000000112,0.148251999999957,0.148251999999957,0.148251999999957,0,0,0,0,0,0,0,2.72367500000018,2.9986530000001,6.65346600000021,7.55783200000042,9.75549900000033,12.8755110000002,13.665129,13.0929230000002,13.3903049999999,13.4399370000001,9.63783100000001,8.5732350000003
795,"TKM","Turkmenistan",0,0,0,0,0,0,0,0,0,0,0,0,0,0,0,0,0,0,0,0.791908190000001,0.791908190000001,0.791908190000001,0.791908190000001,1.02306407
796,"TCA","Turks and Caicos Islands",0.0900067599999943,0.0899613300000013,0.0899613300000013,0.269995790000003,0.269995790000003,1.07986806,1.88996912,1.88996912,1.70993466,1.70993466,0.900062390000002,0,0,0,0,0,1.53028243,2.07030555,2.07030555,2.07030555,2.07030555,0.540023120000001,0.540113840000004,0.540114289999998
798,"TUV","Tuvalu",NA,NA,NA,NA,NA,NA,NA,NA,NA,NA,NA,NA,NA,NA,NA,NA,NA,NA,NA,NA,NA,NA,NA,NA
800,"UGA","Uganda",0.678416000000198,0.872002000000066,0.872002000000066,0.872002000000066,7.66021200000023,7.07863099999986,6.88504499999999,18.6104649999997,24.2320540000001,17.3470090000001,17.3470090000001,20.1558919999998,15.890926,10.5601179999999,11.818608,13.2708829999997,10.462,3.67762399999992,3.48377399999981,7.55581699999948,8.13838600000008,15.7042219999998,17.9359180000001,18.323453
804,"UKR","Ukraine",6.00292080000003,6.43388870000001,10.1260103,6.13030069999996,5.18804689999996,5.03384639999996,4.47921589999999,1.15409970000002,0.496888900000044,0.496888900000044,2.13240740000003,2.13240740000003,1.63551849999999,1.63551849999999,1.63551849999999,0,0,0,0,0,0.563136500000041,0.563136500000041,0.563136500000041,0.563136500000041
784,"ARE","United Arab Emirates",0.702328869999999,0.702328869999999,0.702328869999999,0.439017819999998,0.263430619999999,0,0,0,0,0,0,0,0,0,0,0,0,0,0,0,0,0,0,0
826,"GBR","United Kingdom",554.68441,596.641170000001,1058.04433,1204.61639,1260.92007,967.110930000001,937.140450000001,502.044339999999,221.821470000001,90.9168000000009,68.4593000000004,54.1834599999984,27.976200000001,31.5044500000004,31.6333500000001,27.1147899999996,25.84051,29.2968499999988,23.2486099999987,19.9364099999984,17.6668199999986,15.431849999999,7.55194999999912,12.6582408069989
840,"USA","United States of America",5146.76872322999,8958.65183754,16062.83744574,24070.94481891,30410.12268197,32521.05410372,32439.157103034,29654.543873616,20180.656485362,14170.806482422,10959.919597372,7506.20160308201,4106.445045667,3443.971455491,1780.50175069099,1291.049348291,1012.84227268799,57.3299742029922,57.3299742029922,101.010887903001,292.520767501002,254.946752479998,250.004964298001,250.004964298001
858,"URY","Uruguay",3.36479800000006,7.23818899999969,17.5900189999998,21.2340390000004,22.6510670000002,21.7515020000001,21.5881940000004,11.2363640000003,6.52608099999998,3.71008299999994,34.8423959999996,31.7533659999999,47.2551949999997,81.6028710000001,81.6028710000001,61.3886980000007,70.6120220000003,77.2191520000006,43.0325790000002,57.5219490000004,49.3636529999999,39.519276,21.4069179999997,21.2458149999998
860,"UZB","Uzbekistan",0.142675600000075,0.00334589999999935,0.00334589999999935,0,0,0,0,0,0,0,0,0,0,0,0,0.0737919000000602,1.40174110000009,2.72955310000009,2.72955310000009,3.17316110000002,3.17319150000003,1.992887,0.665075000000002,0.665075000000002
548,"VUT","Vanuatu",NA,NA,NA,NA,NA,NA,NA,NA,NA,NA,NA,NA,NA,NA,NA,NA,NA,NA,NA,NA,NA,NA,NA,NA
862,"VEN","Venezuela",1.04884999999922,1.04884999999922,0,0,0,0,0,0,0,0,0,0,0,0,0,0,0,0,1.0499000000018,1.0499000000018,1.0499000000018,1.0499000000018,1.0499000000018,0
704,"VNM","Viet Nam",0.0897709999999279,0.0897709999999279,1.52229780000005,1.52229780000005,1.52229780000005,1.52229780000005,1.52229780000005,0,0,0.44434380000007,0.44434380000007,0.44434380000007,0.44434380000007,0.44434380000007,0,0,0,0,0.179529700000103,10.5251608000001,10.5251608000001,10.5251608000001,10.5251608000001,10.3456311
876,"WLF","Wallis and Futuna Islands",NA,NA,NA,NA,NA,NA,NA,NA,NA,NA,NA,NA,NA,NA,NA,NA,NA,NA,NA,NA,NA,NA,NA,NA
732,"ESH","Western Sahara",NA,NA,NA,NA,NA,NA,NA,NA,NA,NA,NA,NA,NA,NA,NA,NA,NA,NA,NA,NA,NA,NA,NA,NA
887,"YEM","Yemen",0,0,0,0,0,0,0,0,0,0,0,0,0,0,0,0,0,0,0,0.0945071979999987,0.0945071979999987,0.0945071979999987,0.283523683999999,0.378032964999999
894,"ZMB","Zambia",0,0,0,0,0,0,0,0,0,0,0,0,34.182499999999,35.4182700000019,35.4182700000019,35.981670000001,39.2800700000007,11.1635400000014,10.023119999998,28.4429099999979,41.705109999999,45.7878600000004,39.7218900000007,39.6265400000011
716,"ZWE","Zimbabwe",0,0,0,0,0,0,0.00171949999997878,0.00171949999997878,0.00171949999997878,0.00171949999997878,0.00171949999997878,4.01369469999997,11.8524914,11.8524914,12.4058714,12.4058714,8.66651519999999,1.40559309999998,1.40559309999998,2.4236626,4.86626849999999,5.1497377,4.57186310000003,4.57186310000003
