"code","iso","country","WTA.raw.1992","WTA.raw.1993","WTA.raw.1994","WTA.raw.1995","WTA.raw.1996","WTA.raw.1997","WTA.raw.1998","WTA.raw.1999","WTA.raw.2000","WTA.raw.2001","WTA.raw.2002","WTA.raw.2003","WTA.raw.2004","WTA.raw.2005","WTA.raw.2006","WTA.raw.2007","WTA.raw.2008","WTA.raw.2009","WTA.raw.2010","WTA.raw.2011","WTA.raw.2012","WTA.raw.2013","WTA.raw.2014","WTA.raw.2015","WTA.raw.2016","WTA.raw.2017","WTA.raw.2018","WTA.raw.2019","WTA.raw.2020"
4,"AFG","Afghanistan",58.6222107,58.6222107,58.6222107,58.87458026,59.54764669,60.47315738,61.23043879,61.31459543,61.3987474,65.35464266,70.57329809,70.74167426,71.49930071,71.49930071,71.49930071,71.49930071,71.49930071,71.49930071,71.49930071,71.49930071,71.49930071,71.49930071,71.49930071,71.49930071,71.49930071,71.49930071,71.49930071,71.49930071,71.499301
8,"ALB","Albania",56.74209949,56.74209949,56.74209949,56.74209949,56.74209949,57.62219469,58.06033015,57.91937567,57.55582515,57.55582515,57.55582515,57.04779011,56.75541139,56.75541139,56.39242287,56.39242287,56.24643549,56.17348821,56.17417995,56.17417995,56.17417995,56.03031515,56.10187517,56.10187517,56.74879338,56.3064123,56.08675284,56.0106905,56.01069
12,"DZA","Algeria",20.56385595,20.56385595,20.56385595,20.40874257,20.33099459,20.25322416,20.25322416,20.17545654,20.17545654,20.17545654,20.17545654,20.17545654,20.17545654,20.17545654,20.88247518,21.74802585,21.74802585,21.74802585,21.74802585,21.74802585,21.74802585,21.74802585,21.74802585,21.74802585,21.74802585,21.74802585,21.74802585,21.74802585,21.748026
20,"AND","Andorra",NA,NA,NA,NA,NA,NA,NA,NA,NA,NA,NA,NA,NA,NA,NA,NA,NA,NA,NA,NA,NA,NA,NA,NA,NA,NA,NA,NA,NA
24,"AGO","Angola",6911.856346,6911.856346,6911.856346,6900.97583,6887.228787,6879.241584,6859.68646,6827.397337,6825.928262,6830.023343,6832.032658,6831.540527,6847.825654,6854.817327,6860.680223,6874.753218,6881.399898,6894.391674,6931.607746,6924.980284,6926.331184,6931.81022,6940.456308,6940.456308,6947.404357,6949.907088,7027.337815,7138.277918,7178.013668
660,"AIA","Anguilla",4.419667577,4.419667577,4.419667577,4.419667577,4.419667577,4.419667577,4.419667577,4.419667577,4.419667577,4.419667577,4.419667577,4.327609296,4.327609296,4.327609296,4.327609296,4.327609296,4.327609296,4.327609296,4.327609296,4.327609296,4.327609296,4.327609296,4.327609296,4.327609296,4.327609296,4.327609296,4.327609296,4.327609296,4.327609
28,"ATG","Antigua and Barbuda",26.9143371,26.8217018,26.8217018,26.8217018,26.8217018,26.8217018,26.72906096,26.72906096,25.06581745,25.06581745,24.8804447,24.8804447,23.76857914,23.76857914,23.76857914,23.76857914,23.39914856,21.45866912,21.45866912,21.45866912,21.45866912,21.45866912,21.8294063,21.8294063,21.8294063,21.8294063,22.47611573,22.47611573,22.476116
32,"ARG","Argentina",86120.81411,86119.85838,86119.29053,86022.61061,85963.72424,86062.23563,86542.24902,87372.16746,89341.87198,90914.86063,91510.06464,92278.99651,92503.59959,92697.41814,93102.82942,93457.02079,94160.26336,94402.12439,93773.18844,93875.08022,93904.49669,93765.16894,93407.91318,93407.03285,93437.36798,93318.35526,93387.22394,93215.31402,93218.022053
51,"ARM","Armenia",13.63644639,13.63644639,13.63644639,14.59907558,14.59907558,14.59907558,14.59907558,14.08158354,14.08158354,14.22976602,12.81511826,12.37236383,12.37236383,12.1502675,12.1502675,12.07644818,12.07644818,11.92844161,12.07747821,12.07747821,12.30103912,12.30103912,12.37557245,12.37557245,12.37557245,12.37557245,12.37557245,12.37557245,12.375572
533,"ABW","Aruba",1.041169022,1.041169022,1.041169022,1.041169022,1.041169022,1.041169022,1.041169022,1.041169022,1.041169022,1.041169022,1.041169022,1.041169022,1.041169022,1.041169022,1.041169022,1.041169022,1.041169022,1.041169022,1.041169022,0.946503449,0.946503449,0.946503449,0.946503449,0.851838887,0.851838887,0.851838887,0.851838887,0.851838887,0.851839
36,"AUS","Australia",101936.301,101935.5671,101934.9027,101704.6085,101605.2468,101464.3328,101386.1599,101186.0335,101076.0934,101264.4684,101289.5636,101363.0438,101397.3196,101419.1709,101440.2202,101452.2776,101502.7298,101557.7227,101587.3424,101651.4868,101650.0003,101648.7205,101718.0775,101717.8976,101734.6652,101746.3014,101773,101723.233,101704.247872
40,"AUT","Austria",136.9868902,136.9868902,136.9225544,135.4875017,134.6441381,134.3848606,136.9189233,137.7065356,137.9043251,137.9042398,138.169984,138.1036895,138.3658878,138.3658878,138.2357604,136.5455567,133.8800495,133.4233458,133.5541923,133.5541923,133.4890207,133.4892352,133.8101062,133.8754863,133.9424128,133.5533558,133.9439932,134.4088869,135.602407
31,"AZE","Azerbaijan",31.44232376,31.44232376,31.44232376,31.44232376,31.44232376,31.44232376,31.51727903,31.59214183,31.51788267,30.99808971,30.99808971,30.99808971,30.99808971,30.99808971,31.74295408,31.89147542,32.70453078,34.32572939,35.22344707,35.90173448,36.34487459,37.9627667,40.17363961,40.17363961,40.10021466,40.10021466,40.83204989,41.05340094,41.648922
44,"BHS","Bahamas",2535.820504,2535.820504,2535.470394,2520.175088,2513.709889,2501.432076,2495.440157,2463.963271,2393.223257,2349.412768,2353.513247,2345.542112,2339.213758,2339.302717,2330.212227,2332.997793,2319.043047,2290.277775,2289.936381,2291.257938,2290.99558,2290.908858,2292.343751,2292.168152,2295.28658,2295.893898,2295.535794,2295.535794,2295.535794
48,"BHR","Bahrain",0.174250952,0.174250952,0.174250952,0.174250952,0.43597896,0.43597896,0.43597896,0.43597896,0.43597896,0.43597896,0.43597896,0.43597896,0.43597896,0.43597896,0.43597896,0.43597896,0.43597896,0.43597896,0.43597896,0.43597896,0.43597896,0.43597896,0.43597896,0.43597896,0.43597896,0.43597896,0.43597896,0.43597896,0.435979
50,"BGD","Bangladesh",360.9325207,360.9325207,360.9325207,361.6466252,360.6644084,360.4853616,359.6815081,357.5425574,354.4173081,354.7745632,354.9522532,354.9544903,356.1113917,357.3618421,359.5931237,365.1058077,367.0701609,367.4264183,368.6726058,367.5109849,367.4215527,367.064339,365.0998296,365.0998296,364.4759119,365.9936964,365.9047286,362.7761137,363.046088
52,"BRB","Barbados",0.566281621,0.566281621,0.566281621,0.566281621,0.566281621,0.566281621,0.566281621,0.566281621,0.566281621,0.566281621,0.377462547,0.377462547,0.377462547,0.377462547,0.377462547,0.377462547,0.377462547,0.377462547,0.377462547,0.377462547,0.377462547,0.377462547,0.377462547,0.377462547,0.377462547,0.377462547,0.377462547,0.377462547,0.377463
112,"BLR","Belarus",403.8609438,403.6835991,403.5648963,413.7441756,413.6365445,414.8635365,414.9823411,424.9214489,427.6214281,427.2001943,426.3291953,427.124116,427.0151227,425.6339116,423.3010024,422.1932671,418.2725867,416.9196511,416.7864412,418.7931901,419.9190274,419.5780641,418.8652626,418.8059889,416.9813948,414.8720143,417.6523659,425.0730103,424.181087
56,"BEL","Belgium",96.01423653,95.58932417,95.22484307,94.73727646,94.67660347,94.12987194,94.32020547,94.14025851,94.08583452,94.55266232,92.7910592,92.00206639,93.92288163,93.92498767,93.68605088,98.30354925,99.90759024,100.9566936,108.4597392,108.3979224,111.1115922,111.3588622,110.3737226,110.3737226,109.0852113,107.1442092,106.5397856,105.7494005,105.688782
84,"BLZ","Belize",136.4084568,136.4084568,136.3155382,109.0653001,108.9723255,108.9723255,108.603856,108.4187377,107.8660357,105.2818893,105.2818893,103.8085451,104.3605642,104.7312273,104.7312273,105.1932498,104.5490895,104.8255598,104.5482161,103.4406169,103.4406169,103.5326869,103.5326869,103.5326869,103.6242736,103.9929827,104.1771012,105.467678,106.204399
204,"BEN","Benin",26.87504999,26.87504999,26.87504999,26.48975211,26.48975211,26.48975211,26.48975211,26.00813368,25.91181105,25.81548789,27.26072332,29.66937898,31.49980283,31.88514295,32.17416588,32.55952978,34.38990193,34.58260563,34.77529795,34.77529795,34.77529795,34.77529795,34.87163319,34.87163319,34.87163319,35.25692108,35.25692108,35.25692108,35.16061
60,"BMU","Bermuda",7.292413151,7.292413151,7.292413151,7.292413151,7.292413151,7.292413151,7.292413151,7.292413151,7.292413151,7.292413151,7.292413151,7.292413151,7.292413151,7.292413151,7.292413151,7.292413151,7.292413151,7.292413151,7.292413151,7.292413151,7.292413151,7.292413151,7.292413151,7.292413151,7.292413151,7.292413151,7.292413151,7.292413151,7.292413
64,"BTN","Bhutan",0.602429845,0.602429845,0.602429845,0.602429845,0.602429845,0.602429845,0.602429845,0.602429845,0.602429845,0.602429845,0.602429845,0.602429845,0.602429845,0.602429845,0.602429845,0.602429845,0.602429845,0.861167408,0.861167408,0.861167408,0.861167408,0.861167408,0.861167408,0.861167408,0.861167408,0.861167408,0.774481264,0.774481264,0.774481
68,"BOL","Bolivia",26891.15205,27714.43309,27714.34076,28508.88534,28805.47715,29001.23486,29212.89631,29401.07221,29582.03365,29625.76741,29630.1767,29593.38788,30201.90294,30155.04698,30063.28266,29938.21551,29858.79397,29822.80672,29680.25736,29598.48632,29597.91543,29538.22558,29514.80507,29514.7112,28904.59553,28824.17315,28732.38503,28309.08632,28228.428927
70,"BIH","Bosnia and Herzegovina",68.43317628,68.43317628,68.43317628,68.77150526,67.35471129,67.28545775,67.07296721,66.64751972,67.27651486,67.41549748,67.41549748,67.48509867,68.81007401,69.22787734,69.22787734,69.15955758,68.60137993,68.60137993,68.53149803,68.80780697,68.87645269,68.94486574,68.52319842,68.52319842,68.7357435,69.29149211,69.9222215,71.36432475,72.188212
72,"BWA","Botswana",7671.822692,7671.822692,7671.822692,7670.358022,7671.37105,7672.838759,7687.038127,7721.003059,7733.74907,7743.005267,7752.433595,7774.472375,7822.816755,7825.642932,7825.644229,7843.817843,7843.534848,7831.575494,7804.982019,7691.766874,7659.197986,7657.554707,7643.35853,7643.35853,7636.772401,7636.410012,7636.783005,7640.541267,7640.358719
76,"BRA","Brazil",128654.1507,131388.1071,131385.3206,132722.2447,133251.8956,133804.1172,133527.8641,134330.1493,134603.5722,134498.6357,134503.2374,134819.3923,140437.6751,140605.7682,140780.3839,141039.0928,141287.0359,141413.571,141293.2151,141274.5021,141292.0515,141289.1276,141125.5365,141122.8555,140484.3768,140590.7906,140906,140981.43,141105.636694
92,"VGB","British Virgin Islands",14.23670734,14.23670734,14.23670734,12.48927073,12.48927073,12.48927073,12.48927073,12.48927073,12.48927073,11.47754166,11.47754166,11.47754166,11.47754166,11.47754166,11.47754166,11.47754166,11.47754166,11.47754166,11.47754166,11.47754166,11.47754166,11.47754166,11.47754166,11.47754166,11.47754166,11.47754166,11.47754166,11.47754166,11.477542
96,"BRN","Brunei Darussalam",NA,NA,NA,NA,NA,NA,NA,NA,NA,NA,NA,NA,NA,NA,NA,NA,NA,NA,NA,NA,NA,NA,NA,NA,NA,NA,NA,NA,NA
100,"BGR","Bulgaria",162.864008,162.864008,162.864008,163.2926661,163.2231926,163.2231926,163.2231926,160.1549578,159.7360617,159.9546957,159.1880531,159.1880531,158.700178,158.4174072,158.5619003,159.8245246,159.8245246,160.2527998,160.4683858,160.4003454,160.3983195,158.9891262,158.9093967,158.9093967,159.8192278,160.2999824,161.4103504,162.2687656,162.771469
854,"BFA","Burkina Faso",244.5197346,244.4256193,244.4256193,244.4256193,244.6156926,244.5210554,244.9011151,245.662224,247.9450625,248.2279638,248.6082364,248.1360658,248.1360658,248.9918601,249.562455,249.562455,249.562455,249.7526156,250.3237297,250.8943155,250.7049188,250.9908142,248.6190013,248.6190013,247.3923588,246.5385417,240.8744017,240.8744017,240.68585
108,"BDI","Burundi",237.3314755,237.3314755,237.3314755,239.362624,239.4593431,241.2013301,241.7809864,247.4946078,247.2040532,246.2356244,245.9460604,245.5587214,245.4619336,245.3654162,245.2685646,246.623669,246.9143262,247.0112588,246.8177235,244.493409,243.8155985,243.4283861,243.621997,243.621997,242.3637602,241.5893888,240.9118488,240.8150815,240.524788
132,"CPV","Cabo Verde",0.370578565,0.370578565,0.370578565,0.370578565,0.370578565,0.370578565,0.370578565,0.370578565,0.370578565,0.370578565,0.370578565,0.370578565,0.370578565,0.370578565,0.370578565,0.370578565,0.370578565,0.370578565,0.370578565,0.370578565,0.370578565,0.370578565,0.370578565,0.370578565,0.370578565,0.370578565,0.370578565,0.370578565,0.370579
116,"KHM","Cambodia",4813.546871,4813.546871,4813.546871,4819.046768,4819.141552,4833.592724,4889.210512,5053.201637,5490.756126,5584.725907,5704.708036,5775.572719,6155.031734,6275.223762,6374.59986,6488.618787,6551.449185,6559.949271,6685.633748,6755.134003,6755.893391,6758.633183,6757.589302,6757.589302,6692.529868,6689.787136,6699.3493,6691.882557,6689.892699
120,"CMR","Cameroon",1811.99021,1811.99021,1811.99021,1814.328258,1810.108484,1836.654896,1847.334161,1847.710101,1851.6061,1849.888938,1852.834264,1848.007312,1843.560847,1838.825759,1858.248308,1862.058079,1873.264256,1883.23114,1887.643923,1897.979352,1904.243795,1905.168419,1879.080091,1879.080091,1877.586856,1874.841876,1843.16586,1827.466913,1830.654003
124,"CAN","Canada",120886.247,120883.771,120881.9918,117963.4562,116773.7562,115694.9461,113771.5056,111870.2722,105571.6943,96217.11758,92163.39524,88686.03946,84582.89717,82819.18555,81387.09255,80263.57246,79206.23582,78467.00456,78518.48029,78482.56407,78527.0977,78437.58446,78505.46053,78537.73304,78749.37185,78917.18002,80409.95115,81875.86981,82061.216557
136,"CYM","Cayman Islands",5.671859785,5.580367163,5.580367163,5.580367163,5.488882307,5.488882307,5.397397451,5.397397451,5.305898619,5.305898619,5.214410656,5.214410656,5.214410656,5.031426964,4.939940555,4.756963075,4.299515509,4.116527162,3.933552792,3.933552792,3.659076487,3.201630541,3.018646849,2.927197787,2.927197787,2.927197787,2.83570206,2.83570206,2.835702
140,"CAF","Central African Republic",138.9625709,138.9625709,138.9625709,139.1558995,139.1558995,139.1558995,137.9968553,136.3544608,136.3553154,133.5512044,134.0339317,135.1879366,136.9203107,135.8585899,133.5388366,133.4433521,133.2459677,133.6345877,133.0536458,133.8238794,134.0170884,134.1136898,133.2438135,133.2438135,133.5317467,133.8206772,169.601102,196.9011738,197.670603
148,"TCD","Chad",6966.616377,6966.616377,6966.616377,7007.485743,7021.634234,7033.726691,7044.484218,7063.357588,7070.057564,7103.139314,7125.109968,7172.316897,7172.894924,7188.65269,7199.598526,7202.24026,7200.340235,7199.489548,7202.981656,7209.116176,7207.792006,7200.894893,7186.906304,7186.906304,7160.395554,7156.33544,7050.044573,7022.396447,7018.816237
152,"CHL","Chile",1133.554141,1133.554141,1133.554141,1130.056604,1129.601632,1131.026636,1128.200901,1133.403129,1144.389528,1006.459369,918.0736254,757.5691367,445.160145,377.1918387,347.0134064,337.9317974,280.3764331,261.2305866,256.4801945,255.5029662,252.3680302,251.6808976,251.6228402,251.6228402,253.5452068,254.567307,255.7228202,254.0645775,253.833585
156,"CHN","China",31124.4983,31119.68832,31115.08596,31152.22627,31190.45074,31205.83895,31253.95779,31428.08766,31508.08158,31848.22576,31893.03952,32059.90945,32355.99814,32396.84227,32493.97147,32741.4037,32810.03762,32878.45692,33040.48485,33193.56154,33241.89133,33238.05605,33161.38135,33153.3861,33106.68853,32987.06669,32834.6662,32774.29799,32741.520918
170,"COL","Colombia",23935.16858,24015.43248,24014.66655,23929.86821,23926.60026,23940.73923,23962.13703,24094.04967,24082.90135,24087.33102,24113.92868,24138.11614,24530.97705,24505.06097,24451.11167,24463.48696,24498.18464,24508.38127,24527.68764,24541.46508,24564.12608,24646.92492,24806.00738,24804.85968,24815.52128,24833.3646,24869.73368,24934.41154,24981.904235
174,"COM","Comoros",NA,NA,NA,NA,NA,NA,NA,NA,NA,NA,NA,NA,NA,NA,NA,NA,NA,NA,NA,NA,NA,NA,NA,NA,NA,NA,NA,NA,NA
184,"COK","Cook Islands",NA,NA,NA,NA,NA,NA,NA,NA,NA,NA,NA,NA,NA,NA,NA,NA,NA,NA,NA,NA,NA,NA,NA,NA,NA,NA,NA,NA,NA
188,"CRI","Costa Rica",32.54033314,32.44484617,32.44484617,32.34935517,32.25384643,32.15833768,32.06270939,32.06270939,31.77629803,30.91662289,31.48872739,31.29759343,30.25010054,28.91162143,30.4368516,31.19935345,31.19920925,31.19954678,30.34288492,30.4386976,31.29667994,31.01026216,30.91480947,30.81933956,30.81933956,30.7237548,30.8194828,31.29659119,31.582928
384,"CIV","Cote d'Ivoire",129.2527172,129.1561915,129.1561915,100.831329,74.90782439,56.50980617,48.41965995,24.94343845,20.7027092,19.06125729,19.06125729,16.45474282,15.97205072,15.97205072,15.97205072,16.06690621,16.64302284,17.41360314,17.50986742,17.60584264,18.18400652,18.56997127,21.27212246,21.27212246,21.36869231,21.65800773,23.38822174,23.86945026,24.255416
191,"HRV","Croatia",266.3061511,266.3061511,266.3061511,264.8553368,264.6460809,263.4331281,261.3469266,258.5649787,258.7699922,259.1156628,259.4515598,259.7229359,259.5700785,259.8411652,260.3220208,262.630685,262.2241499,262.763248,262.89712,264.7898775,265.5355358,265.266628,265.7483901,265.6804715,269.2603842,273.0475903,278.7381742,286.0342277,291.477529
192,"CUB","Cuba",1742.685243,1742.504514,1742.232911,1730.832871,1726.625889,1723.565624,1719.683744,1695.156277,1681.000096,1659.97936,1655.048984,1631.835577,1629.901297,1627.374153,1619.682501,1599.555869,1577.082167,1493.125919,1496.945581,1500.816815,1510.002533,1516.376014,1523.843283,1522.388972,1525.268069,1523.513619,1524.945045,1524.934795,1523.857839
531,"CUW","Curacao",6.538821543,6.538821543,6.538821543,6.538821543,6.538821543,6.538821543,6.538821543,6.538821543,6.44407876,6.44407876,6.44407876,6.44407876,6.44407876,6.44407876,6.44407876,6.254510083,6.254510083,6.254510083,6.15973067,6.064952242,5.970173815,5.875407237,5.780628809,5.780628809,5.780628809,5.780628809,4.453686508,4.264110936,4.264111
196,"CYP","Cyprus",4.621214894,4.621214894,4.621214894,4.621214894,4.621214894,4.621214894,4.621214894,4.621214894,4.621214894,4.621214894,4.621214894,4.621214894,4.621214894,4.621214894,4.621214894,4.621214894,4.621214894,4.621214894,4.621214894,4.621214894,4.621214894,4.621214894,4.621214894,4.621214894,4.621214894,4.541716293,4.541716293,4.541716293,4.541716
203,"CZE","Czech Republic",74.72390181,74.72390181,74.72390181,74.40570151,74.40570151,74.40289578,74.5303466,75.93830074,77.33911948,77.52903276,78.79659878,79.30657517,80.83320742,80.89580632,80.89580632,80.89580632,81.27186335,81.20802469,81.39858396,80.44220194,80.57109781,80.76290752,81.21232127,81.21232127,81.40460003,81.72288653,82.10437395,84.20246346,84.837516
180,"COD","Dem. Rep. Congo",48886.07437,48885.40356,48884.73362,48873.17362,48864.13431,48910.29248,48953.68817,49189.72054,49200.66901,49367.84244,49359.18603,49419.11045,49537.20828,49594.39308,49599.0086,49715.66414,49798.06081,49902.08798,49995.44901,50040.36071,50056.60303,50034.195,49932.68385,49931.52896,49408.16823,49355.04928,49586.18403,49657.56111,49659.106349
208,"DNK","Denmark",434.262354,434.0480723,433.9936579,433.4631427,433.359092,432.5537316,431.6346172,429.4435175,430.582596,430.3617378,431.1650208,431.3810601,431.6958431,432.1685193,433.3320768,434.8265192,436.4180293,437.8158075,439.6833731,440.7472084,441.117607,441.0036142,440.7775617,440.7235524,435.6849186,435.1298646,434.2782268,431.676003,431.624082
262,"DJI","Djibouti",946.3173129,946.3173129,946.3173129,946.3173129,946.3173129,946.3173129,946.3173129,946.3173129,946.3173129,946.3173129,946.3173129,946.3173129,946.3173129,946.3173129,946.3173129,946.3173129,946.3173129,946.3173129,946.3173129,946.3173129,946.3173129,946.3173129,946.3173129,946.3173129,946.3173129,946.3173129,946.3173129,946.3173129,946.317313
212,"DMA","Dominica",NA,NA,NA,NA,NA,NA,NA,NA,NA,NA,NA,NA,NA,NA,NA,NA,NA,NA,NA,NA,NA,NA,NA,NA,NA,NA,NA,NA,NA
214,"DOM","Dominican Republic",2112.590677,2111.488205,2110.38683,2106.906078,2105.528688,2103.967565,2100.297954,2093.046655,2085.05961,2071.385646,2067.161282,2061.833409,2057.339618,2060.913033,2055.021092,2047.478852,2028.536542,2017.318437,2020.529874,2019.948123,2014.704369,2014.422026,2013.121614,2012.020815,1992.755821,1987.158037,1975.586722,1975.677018,1978.792115
218,"ECU","Ecuador",1049.263715,1051.782233,1051.685373,1049.65175,1049.361272,1048.489237,1048.876543,1048.294268,1051.104081,1045.592293,1043.172838,1038.240451,1097.338452,1088.047535,1087.083502,1088.733073,1084.079972,1078.950243,1075.850804,1075.657396,1072.94536,1070.425888,1058.215128,1056.665763,1056.763454,1055.69863,1056.570826,1053.857431,1053.663131
818,"EGY","Egypt",10901.61691,10901.45134,10901.03705,10825.86493,10809.26589,10800.33496,10777.83566,10765.66688,10762.95735,10776.53971,10776.46611,10777.06189,10777.81581,10777.15389,10777.41137,10773.26435,10767.38012,10763.40193,10762.66399,10758.2766,10746.22154,10741.75685,10717.8897,10715.32058,10709.59213,10708.49086,10711.54855,10724.90233,10712.55947
222,"SLV","El Salvador",17.98442636,17.79608932,17.60777909,17.51360778,17.51360778,17.51360778,17.41927828,16.85480358,16.66630375,16.19545392,16.00712245,15.91346961,15.7251348,16.10257585,15.72560479,15.63146141,15.63146141,15.63146141,15.53756875,15.44342425,15.44342314,15.44342314,16.19800088,16.19800088,16.4808047,17.3279873,17.3279873,17.61068405,17.799346
226,"GNQ","Equatorial Guinea",7.167128861,7.167128861,7.167128861,7.167128861,7.167128861,7.167128861,7.167128861,7.167128861,7.264013821,7.264013821,7.070396452,6.973512415,6.876628378,6.586438981,6.489708977,6.392821147,6.295936187,6.199048357,6.102164474,5.811500687,5.811500687,5.617724731,5.520836752,5.520836752,5.520836752,5.520836752,5.423833934,5.520723388,5.42384
232,"ERI","Eritrea",160.015725,160.015725,160.015725,160.1090824,160.2956344,160.2956344,160.94828,166.7316418,166.8253903,166.8253903,166.8253903,166.8253903,166.8253903,166.8253903,166.8253903,166.9199142,167.483144,167.483144,167.7632565,167.7632565,167.7632565,167.7632565,167.8565961,167.8565961,167.8565961,167.8565961,167.8565961,167.5791173,167.579117
233,"EST","Estonia",1808.194552,1808.094398,1808.094398,1807.710043,1807.966086,1810.110656,1813.81474,1850.075053,1861.008799,1863.742857,1870.550329,1870.817582,1883.846803,1884.497579,1888.93657,1896.316093,1898.36938,1902.553124,1915.398593,1945.094476,1958.142997,1980.337434,2003.915728,2004.114646,2004.428911,2006.344827,2022.770166,2037.936688,2037.328638
748,"SWZ","Eswatini",50.45762147,50.45762147,50.45762147,50.45762147,50.45762147,50.63102217,50.63102217,50.89068665,51.06476509,51.23781123,51.23781123,51.23842193,51.41201621,51.41201621,51.41201621,51.84459102,51.75801716,44.05481298,43.96784525,43.44848226,42.75598863,42.5828409,42.7560478,42.7560478,42.9301297,43.10319913,44.49211983,44.57924267,44.492202
231,"ETH","Ethiopia",1718.247922,1718.247922,1718.151217,1712.856833,1712.195479,1711.908883,1717.866964,1716.021492,1709.68407,1712.183414,1709.41875,1705.87212,1699.395846,1702.082975,1701.019315,1702.433169,1702.339224,1703.777699,1703.783378,1703.687793,1703.977151,1702.825849,1701.576281,1701.576281,1698.215556,1694.936581,1688.082672,1674.369473,1672.552068
234,"FRO","Faeroe Islands",4.1655908,4.1655908,4.1655908,4.1655908,4.1655908,4.1655908,4.1655908,4.1655908,4.1655908,4.1655908,4.1655908,4.1655908,4.1655908,4.1655908,4.1655908,4.1655908,4.1655908,4.1655908,4.1655908,4.1655908,4.1655908,4.1655908,4.1655908,4.1655908,4.1655908,4.1655908,4.1655908,4.1655908,4.165591
238,"FLK","Falkland Islands",NA,NA,NA,NA,NA,NA,NA,NA,0.120935016,0.181023432,0.241056516,0.241056516,0.241056516,0.241056516,1.081075232,1.081075232,1.081075232,1.081075232,1.081075232,1.081075232,1.081075232,1.081075232,1.081075232,1.081075232,1.081075232,1.081075232,1.081075232,1.081075232,1.081075
242,"FJI","Fiji",NA,NA,NA,NA,NA,NA,NA,NA,NA,NA,NA,NA,NA,NA,NA,NA,NA,NA,NA,NA,NA,NA,NA,NA,NA,NA,NA,NA,NA
246,"FIN","Finland",31422.979872816,31422.657372816,31422.535622816,30761.890822816,30554.137440816,30562.345380816,30602.800840816,29473.703150816,29002.619430816,27926.98272102,27492.24622022,27135.47102022,26070.25288022,25995.75078022,25862.52097022,25339.129839276,24891.988099276,24505.629262315,24549.042682315,24583.510474748,24561.238474698,24488.449864698,24115.071346763,24116.703456763,23774.331115585,23765.327209565,24608.412080371,25666.010199979,25770.359449
250,"FRA","France",1819.991450042,1826.358359042,1825.311991042,1836.770968742,1848.882718742,1860.694762742,1865.040404742,1871.850469742,1869.775218742,1871.214124742,1867.278045742,1863.915740742,1964.913120742,1965.766556742,1965.575791742,1967.547841742,1968.671275742,1969.953125742,1977.617679742,1978.646234742,1976.297564742,1969.743545987,1964.255999406,1963.553955406,1958.271438916,1955.049514916,1937.585729916,1923.499355226,1927.503224
258,"PYF","French Polynesia",NA,NA,NA,NA,NA,NA,NA,NA,NA,NA,NA,NA,NA,NA,NA,NA,NA,NA,NA,NA,NA,NA,NA,NA,NA,NA,NA,NA,NA
266,"GAB","Gabon",244.0311725,243.934243,243.934243,241.707728,219.5266963,182.9315511,169.9578058,167.5373258,167.6344568,167.5376166,165.5036737,165.5036737,163.4708136,163.6646486,163.8582596,163.9551468,163.8585098,163.4711622,163.3742446,162.0179449,162.1148348,161.8241861,161.6303874,161.6303874,163.9566744,166.4738549,168.605042,169.1864958,172.966746
270,"GMB","Gambia",43.26276895,43.26276895,43.26276895,43.4513071,43.4513071,43.4513071,43.6400447,43.6400447,43.82874153,43.82874153,43.82874153,43.82874153,42.03608783,41.84763211,41.84763211,41.84763211,41.75337125,41.18799085,40.71679426,40.71679426,40.71679426,40.71679426,40.71679426,40.71679426,40.71679426,41.09441001,42.41565511,42.22710523,42.321457
268,"GEO","Georgia",89.019481,89.019481,89.019481,89.23340562,89.23340562,89.37518571,90.08488269,91.14815724,93.1279973,94.12035016,95.46797687,95.68049884,95.75149137,96.03614459,96.17969073,96.10872381,95.96635534,96.10881508,96.0371574,96.46221548,96.46221548,96.46221548,97.3099168,97.3099168,97.1681433,97.1681433,96.95264577,96.95264577,96.882765
276,"DEU","Germany",1053.173984,1053.058516,1052.768251,1054.986113,1058.133032,1057.921096,1057.866581,1056.701815,1056.70826,1058.280575,1058.958288,1059.13446,1060.459842,1060.521888,1062.049427,1064.790096,1065.126588,1068.283949,1069.037771,1068.756185,1066.845736,1065.122269,1056.685409,1056.627686,1033.516334,1033.033084,1033.901415,1033.07756,1034.503578
288,"GHA","Ghana",748.5088825,748.5088825,748.5088825,743.1279202,693.1924842,684.742774,657.9530077,171.7082516,130.4282502,127.9285346,127.0627939,122.9119209,115.3204856,114.8398588,114.9364088,110.8061859,107.1546656,106.1946231,106.2911831,105.3320611,86.72789651,46.25955597,45.1122984,45.1122984,44.91957854,45.40247003,45.49850007,44.92315899,44.826625
300,"GRC","Greece",193.33992,193.33992,193.192562,194.0228896,193.9464029,193.8728584,193.9467275,194.8944289,195.5442532,196.7273029,196.8741219,196.5096163,196.0689895,195.2631383,195.0636975,195.2923323,197.7289482,197.8754712,197.3588553,196.9163389,196.7703965,196.6229741,195.9684802,195.8950736,195.5299176,195.4546356,194.7013774,194.625387,194.700713
304,"GRL","Greenland",1031.046075,1031.046075,1031.046075,1031.046075,1031.046075,1031.046075,1031.046075,1031.046075,1031.046075,1031.046075,1031.046075,1031.046075,1031.046075,1031.046075,1031.046075,1031.046075,1031.046075,1031.046075,1031.046075,1031.046075,1031.046075,1031.046075,1031.046075,1031.046075,1031.046075,1031.046075,1031.046075,1031.046075,1031.046075
308,"GRD","Grenada",NA,NA,NA,NA,NA,NA,NA,NA,NA,NA,NA,NA,NA,NA,NA,NA,NA,NA,NA,NA,NA,NA,NA,NA,NA,NA,NA,NA,NA
320,"GTM","Guatemala",222.8066427,221.9619807,221.117671,218.5041084,218.1302005,215.8777707,214.6562625,213.0600146,210.2425159,206.3054644,204.4265651,200.3987149,200.0195079,197.8573696,194.7600657,193.7247925,190.7204613,188.1813694,186.3965376,186.1093794,184.1374482,182.6360575,180.8604868,180.2044689,186.9405939,190.2142994,191.0532494,199.0927989,198.251798
831,"GGY","Guernsey",NA,NA,NA,NA,NA,NA,NA,NA,NA,NA,NA,NA,NA,NA,NA,NA,NA,NA,NA,NA,NA,NA,NA,NA,NA,NA,NA,NA,NA
324,"GIN","Guinea",19.17095681,19.17095681,19.17095681,18.69428249,18.69428249,18.69428249,18.69428249,18.21952721,20.22209919,20.41218618,19.6506192,18.31122374,18.40686508,15.64057261,10.29649849,8.768456079,6.476506049,6.476506049,6.857307975,7.047389413,6.951836021,6.856281837,6.856281837,6.856281837,6.856281837,6.856281837,6.856281837,6.856281837,6.856282
624,"GNB","Guinea-Bissau",18.29101475,18.29101475,18.29101475,18.29101475,18.29101475,18.29101475,18.38570955,18.38570955,22.93239982,23.69140272,23.78607234,23.78607234,23.21594765,23.78420777,23.78420777,24.25797803,24.16329592,24.16311969,24.16306445,24.92091897,24.92091897,24.92091897,25.01569247,25.01569247,25.39462179,26.24703239,29.46757412,35.15069726,35.718962
328,"GUY","Guyana",1068.862869,1129.219353,1128.930655,1204.473573,1237.927548,1275.118144,1293.721667,1336.072361,1334.823886,1333.66724,1325.466923,1329.515542,1460.594359,1455.677399,1453.944216,1453.558753,1455.582178,1455.87102,1456.930709,1455.677157,1452.013874,1451.33915,1451.242878,1451.242878,1449.994775,1460.914316,1471.749605,1464.147156,1461.92765
332,"HTI","Haiti",2799.820178,2798.079036,2796.796634,2804.506322,2803.775124,2811.051735,2829.997709,2829.971856,2834.809421,2828.562864,2821.957176,2826.614416,2827.242248,2822.003851,2818.518944,2814.106845,2811.435468,2806.751665,2810.990481,2811.917251,2810.276954,2805.446166,2807.096632,2805.540197,2800.39051,2796.182674,2796.912975,2790.684496,2791.96346
336,"VAT","Holy See",NA,NA,NA,NA,NA,NA,NA,NA,NA,NA,NA,NA,NA,NA,NA,NA,NA,NA,NA,NA,NA,NA,NA,NA,NA,NA,NA,NA,NA
340,"HND","Honduras",178.0133365,178.0133365,178.0133365,157.9664672,159.0870704,157.5855522,157.4031845,155.6049703,159.6299483,155.2282272,154.578139,148.953384,149.3277636,149.2345082,149.2317885,149.5115431,149.1349969,149.7029993,151.2125676,151.3058678,151.1185217,151.2128164,153.8479499,153.8479499,154.6991404,154.8874583,155.5410415,156.8475632,158.34131
344,"HKG","Hong Kong",3.135624637,3.135624637,3.135624637,3.225206525,3.314847554,3.314847554,3.314847554,3.404527882,3.404527882,3.404527882,3.404527882,3.404527882,3.404527882,3.494206426,3.494206426,3.852988366,4.30103415,4.30103415,4.30103415,4.56988023,5.644961611,5.644961611,5.555265235,5.465625995,4.749168215,4.749168215,4.749168215,4.749168215,4.390594
348,"HUN","Hungary",543.5067794,543.3074311,543.1083704,539.95598,538.8544804,538.2547435,537.7080312,536.3336833,535.4111532,534.3791091,532.7996955,532.1365579,530.1385163,529.5388491,529.0918332,529.7717665,528.0320434,530.5025679,532.1550835,537.4113821,537.7463583,537.6798885,534.4732964,534.4069166,535.1495503,537.8449842,540.8301113,543.3090415,545.495525
352,"ISL","Iceland",7112.282696,7112.282696,7112.282696,7112.282696,7112.282696,7112.240754,7112.240754,7112.240754,7112.19952,7112.19952,7112.19952,7112.19952,7112.19952,7112.19952,7112.19952,7112.19952,7112.19952,7112.19952,7112.19952,7112.19952,7112.19952,7112.19952,7112.19952,7112.19952,7112.19952,7112.19952,7112.365149,7112.19952,7112.19952
356,"IND","India",18864.2115,18864.2115,18864.0333,18908.10339,18961.87945,18982.00728,19103.67747,19138.20756,19165.65453,19180.61993,19185.02934,19186.20542,19192.96243,19198.04061,19215.78847,19238.14575,19357.19385,19375.85709,19376.95631,19354.52164,19378.94396,19383.58271,19345.11865,19343.96248,19341.71473,19336.31661,19338.69813,19346.34585,19342.917712
360,"IDN","Indonesia",NA,NA,NA,NA,NA,NA,NA,NA,NA,NA,NA,NA,NA,NA,NA,NA,NA,NA,NA,NA,NA,NA,NA,NA,NA,NA,NA,NA,NA
364,"IRN","Iran",687.4445717,687.4445717,687.4445717,695.4526346,704.492815,704.492815,711.7691032,759.5893261,759.839242,759.839242,759.6815244,759.7675742,758.9296736,758.7742226,760.1622241,761.9306523,795.9337281,805.397611,805.7913557,804.0465215,806.4894588,812.586398,813.9032652,813.9032652,813.9032652,813.9032652,813.9032652,813.9032652,815.743868
368,"IRQ","Iraq",183.033434,183.033434,183.033434,184.1861147,186.4484997,186.9386833,189.2629426,214.7294456,223.9694453,226.2577943,235.1016803,244.3943212,256.0911115,255.6739262,280.574078,287.9236078,300.3804182,314.8993674,323.3824746,325.3388554,336.4312962,337.3293497,337.2454179,337.2454179,337.3287774,337.3287774,337.4108306,337.257304,336.936375
372,"IRL","Ireland",8344.02747,8343.969521,8343.969521,8355.410941,8365.825059,8364.448269,8369.36158,8363.230639,8354.127685,8354.71112,8354.245695,8365.628853,8364.912217,8369.998057,8371.246018,8374.206655,8374.798251,8376.320459,8377.509055,8382.799481,8387.074355,8386.098841,8382.621137,8382.621137,8374.234785,8363.383862,8336.439353,8315.131207,8310.778964
833,"IMN","Isle of Man",NA,NA,NA,NA,NA,NA,NA,NA,NA,NA,NA,NA,NA,NA,NA,NA,NA,NA,NA,NA,NA,NA,NA,NA,NA,NA,NA,NA,NA
376,"ISR","Israel",0.658570132,0.658570132,0.658570132,0.658570132,0.741613675,0.741613675,0.741613675,0.907693486,0.907693486,0.907693486,0.907693486,0.907693486,0.907693486,0.907693486,0.907693486,0.907693486,0.907693486,0.990761262,0.990761262,0.990761262,0.990761262,0.990761262,0.990761262,0.990761262,0.990761262,0.990761262,0.990761262,0.990761262,0.990761
380,"ITA","Italy",316.3173103,316.2481785,316.2481785,317.956743,318.0322396,317.625143,317.1510434,315.0029303,314.3256673,315.1644701,315.7803842,315.4861078,315.1722159,314.9395279,315.7591823,316.6180004,319.8608573,319.1793508,319.3204663,318.9690313,318.6344394,318.3835941,318.2206888,317.5331627,317.676156,317.5953175,317.521479,317.8990629,318.101928
388,"JAM","Jamaica",58.97032488,58.50930287,58.14043307,57.21871192,56.8501035,57.12742196,57.6806602,58.41772827,66.43566402,68.64730727,68.73934546,68.27836175,68.37055164,68.4625665,68.73877375,68.18626156,68.18652043,68.73931298,69.2926821,69.75360652,70.67573495,70.67650556,71.50634714,71.32193833,71.50627755,71.50619495,71.59849604,71.50600465,72.702321
392,"JPN","Japan",719.0219736,719.0219736,719.0219736,724.4973736,724.9482184,726.5771527,740.7254561,760.8616876,768.5010003,768.4908347,768.2422025,771.6101712,778.9036684,778.518395,780.8805554,782.8254636,786.1966061,792.4475591,796.0089102,800.3167456,805.8530408,810.5320219,817.351528,817.1970398,815.5269028,814.8094899,817.298096,815.6631542,814.657605
832,"JEY","Jersey",NA,NA,NA,NA,NA,NA,NA,NA,NA,NA,NA,NA,NA,NA,NA,NA,NA,NA,NA,NA,NA,NA,NA,NA,NA,NA,NA,NA,NA
400,"JOR","Jordan",0.498096325,0.498096325,0.498096325,0.498096325,0.498096325,0.498096325,0.498096325,0.581006236,0.581006236,0.581006236,0.663916148,0.663916148,0.663916148,0.663916148,0.663916148,0.663916148,0.663916148,0.663916148,0.663916148,0.663916148,0.663916148,0.663916148,0.663916148,0.663916148,0.663916148,0.663916148,0.663916148,0.663916148,0.663916
398,"KAZ","Kazakhstan",10627.44658,10627.44658,10627.44658,10631.6123,10636.4856,10638.9597,10638.30267,10651.15254,10653.92744,10650.13386,10644.35848,10648.97296,10655.4218,10666.89157,10691.85916,10720.31456,10782.10846,10816.6063,10834.64473,10877.60086,10895.52393,10906.1123,10895.44744,10895.44744,10845.41104,10834.18146,10816.77805,10798.8003,10799.134431
404,"KEN","Kenya",9295.295408,9295.295408,9295.295408,9301.395721,9366.817536,9383.196839,9415.85338,9599.509776,9743.344238,9776.878954,9780.470365,9788.32139,9792.294769,9794.233253,9791.035182,9792.00483,9789.582473,9792.683459,9792.39258,9792.003903,9793.647964,9792.970266,9782.891975,9782.698223,9756.937059,9755.096217,9730.584144,9673.99091,9656.752105
296,"KIR","Kiribati",NA,NA,NA,NA,NA,NA,NA,NA,NA,NA,NA,NA,NA,NA,NA,NA,NA,NA,NA,NA,NA,NA,NA,NA,NA,NA,NA,NA,NA
689,"XKX","Kosovo",2.155503589,2.155503589,2.155503589,2.155503589,2.155503589,2.155503589,2.155503589,2.155503589,2.155503589,2.155503589,2.155503589,2.155503589,2.155503589,2.155503589,2.155503589,2.155503589,2.155503589,2.155503589,2.155503589,2.155503589,2.155503589,2.155503589,2.155503589,2.155503589,2.155503589,2.155503589,2.155503589,2.155503589,2.155504
414,"KWT","Kuwait",73.92766801,73.84315915,73.67414834,73.67505952,73.59057829,73.59057829,73.50610399,81.65806858,81.65806858,79.37667479,75.91246096,74.98276135,74.89828474,72.95492872,71.68734761,70.67290534,70.3349436,69.9122416,69.15192676,68.7294884,68.56051675,68.39153587,68.13807838,67.54639318,67.37740079,67.37740079,67.37740079,67.29289192,66.277989
417,"KGZ","Kyrgyzstan",0.142125782,0.142125782,0.142125782,0.142125782,0.142125782,0.142125782,0.142125782,0.142125782,0.142125782,0.142125782,0.142125782,0.142125782,0.142125782,0.142125782,0.142125782,0.142125782,0.142125782,0.142125782,0.142125782,0.142125782,0.142125782,0.142125782,0.142125782,0.142125782,0.142125782,0.142125782,0.142125782,0.142125782,0.142126
418,"LAO","Laos",875.1107201,875.1107201,875.1107201,876.0349111,864.9314187,861.5298033,861.4402445,862.646328,865.0228003,868.7868528,869.8057285,869.8073671,877.2402767,877.7951597,877.8001861,887.2940585,891.164207,867.0221887,862.2765641,860.3491717,862.182863,862.3671695,869.0986957,869.0986957,875.348763,879.7550442,926.6373798,932.230691,935.739729
428,"LVA","Latvia",1187.2681,1187.057113,1187.002761,1186.185992,1186.237405,1186.610304,1193.3456,1223.286068,1232.937799,1233.561256,1237.446315,1241.14578,1258.975638,1262.424871,1273.339272,1291.17701,1311.86344,1318.450548,1322.5149,1363.618393,1375.865914,1381.27829,1396.618797,1396.566008,1396.200444,1398.623945,1412.820014,1419.253369,1426.07273
422,"LBN","Lebanon",NA,NA,NA,NA,NA,NA,NA,NA,NA,NA,NA,NA,NA,NA,NA,NA,NA,NA,NA,NA,NA,NA,NA,NA,NA,NA,NA,NA,NA
426,"LSO","Lesotho",9.584642125,9.584642125,9.584642125,9.584642125,9.584642125,9.584642125,9.584642125,9.584642125,9.584642125,9.584642125,9.584642125,9.584642125,9.584642125,9.584642125,9.669222259,9.669222259,9.669222259,9.669222259,9.919494678,9.919494678,9.919494678,9.919494678,9.919494678,9.919494678,9.669112338,9.584624204,9.584624204,9.584624204,9.584624
430,"LBR","Liberia",36.60595373,36.41326711,36.2206685,31.21499326,30.34877424,30.34877424,30.73510273,30.73510273,27.75110112,26.01674704,25.92039364,24.9551575,23.22160501,23.1252552,22.73984634,22.45080065,22.25735705,22.44974883,23.12372416,23.22007549,23.7013079,24.47166066,27.07367561,27.07367561,30.05766581,30.34611045,30.24947261,31.211945,29.47754
434,"LBY","Libya",230.486581,230.486581,230.486581,230.486581,230.486581,230.486581,230.486581,230.486581,230.486581,230.486581,230.486581,230.486581,230.486581,230.486581,230.486581,230.486581,230.486581,230.486581,230.486581,230.486581,230.486581,230.486581,230.486581,230.486581,230.486581,230.486581,230.486581,230.486581,230.486581
438,"LIE","Liechtenstein",NA,NA,NA,NA,NA,NA,NA,NA,NA,NA,NA,NA,NA,NA,NA,NA,NA,NA,NA,NA,NA,NA,NA,NA,NA,NA,NA,NA,NA
440,"LTU","Lithuania",309.6950278,309.6950278,309.6389912,308.0608334,307.502277,307.5001472,312.1213429,314.4028967,314.5105307,314.0622652,314.0068589,314.0048268,315.4701962,315.305244,315.5251894,316.8321118,319.2843109,317.5348527,319.1633639,328.3959426,331.3435827,332.8447201,341.0914799,341.0914799,340.2164424,343.2063047,344.9938531,350.0793737,351.030272
442,"LUX","Luxembourg",NA,NA,NA,NA,NA,NA,NA,NA,NA,NA,NA,NA,NA,NA,NA,NA,0.062426493,0.062426493,0.12473786,0.12473786,0.12473786,0.12473786,0.12473786,0.12473786,0.12473786,0.12473786,0.12473786,0.12473786,0.124738
446,"MAC","Macao",NA,NA,NA,NA,NA,NA,NA,NA,NA,NA,NA,NA,NA,NA,NA,NA,NA,NA,NA,NA,NA,NA,NA,NA,NA,NA,NA,NA,NA
450,"MDG","Madagascar",3087.770783,3087.770783,3087.583278,3084.59742,3080.625194,3074.719814,3074.437736,3070.686893,3060.373577,3060.686725,3061.646319,3097.352172,3138.173471,3141.84692,3150.784249,3160.245317,3179.191649,3191.46126,3222.342226,3261.342507,3270.0827,3270.362077,3282.115252,3282.115252,3287.435391,3293.37402,3299.063988,3311.195079,3319.958574
454,"MWI","Malawi",2075.329334,2075.235235,2075.141303,2092.144058,2109.267908,2132.190761,2157.619131,2229.627607,2253.334229,2242.760464,2206.934257,2205.667383,2235.410647,2251.41976,2257.990292,2261.827723,2264.533469,2269.504476,2284.190686,2299.928676,2318.755297,2340.279135,2345.647612,2345.647612,2335.577317,2345.517456,2388.509773,2389.511214,2389.888459
458,"MYS","Malaysia",NA,NA,NA,NA,NA,NA,NA,NA,NA,NA,NA,NA,NA,NA,NA,NA,NA,NA,NA,NA,NA,NA,NA,NA,NA,NA,NA,NA,NA
462,"MDV","Maldives",NA,NA,NA,NA,NA,NA,NA,NA,NA,NA,NA,NA,NA,NA,NA,NA,NA,NA,NA,NA,NA,NA,NA,NA,NA,NA,NA,NA,NA
466,"MLI","Mali",3069.39749,3069.39749,3069.39749,3068.881716,3067.299292,3064.865082,3044.985286,3052.128375,3053.529463,3056.998568,3061.333051,3065.230265,3062.872986,3063.348309,3073.297709,3086.747931,3103.724838,3104.01257,3108.574428,3111.743589,3114.468183,3115.67351,3110.068566,3110.068566,3109.13314,3110.432302,3113.251938,3112.127922,3112.034147
470,"MLT","Malta",NA,NA,NA,NA,NA,NA,NA,NA,NA,NA,NA,NA,NA,NA,NA,NA,NA,NA,NA,NA,NA,NA,NA,NA,NA,NA,NA,NA,NA
584,"MHL","Marshall Islands",NA,NA,NA,NA,NA,NA,NA,NA,NA,NA,NA,NA,NA,NA,NA,NA,NA,NA,NA,NA,NA,NA,NA,NA,NA,NA,NA,NA,NA
478,"MRT","Mauritania",1895.050292,1894.212412,1893.002127,1899.885453,1899.792021,1899.143242,1898.867355,1901.562119,1903.334228,1903.334228,1903.334228,1903.241379,1902.776149,1902.776149,1906.867598,1906.867598,1908.447715,1907.239352,1906.9602,1906.867295,1906.867295,1906.867295,1906.308703,1906.215754,1904.914974,1901.596156,1894.972347,1864.300641,1863.373554
480,"MUS","Mauritius",0.818502957,0.818502957,0.818502957,0.818502957,0.818502957,0.818502957,0.818502957,0.818502957,0.818502957,0.727497145,0.636592098,0.636592098,0.636592098,0.545695213,0.454689402,0.454689402,0.363784354,0.272786639,0.272786639,0.272786639,0.272786639,0.272786639,0.272786639,0.272786639,0.272786639,0.272786639,0.272786639,0.272786639,0.272787
484,"MEX","Mexico",1500.287552,1499.094704,1497.816398,1307.579936,1285.928673,1261.759631,1233.494942,1208.881095,1178.431078,1072.630836,977.5410423,858.3297478,786.330448,732.093374,718.0937925,714.7995351,701.1641456,694.1025521,693.9950652,698.9168489,698.9039451,697.0752606,697.8673836,696.9495473,717.6026247,720.5058186,730.6197158,739.0321851,751.266216
583,"FSM","Micronesia",NA,NA,NA,NA,NA,NA,NA,NA,NA,NA,NA,NA,NA,NA,NA,NA,NA,NA,NA,NA,NA,NA,NA,NA,NA,NA,NA,NA,NA
498,"MDA","Moldova",48.42003871,48.42003871,48.42003871,49.23042776,49.90585423,49.90585423,49.83819774,49.90522202,49.90522202,49.83723981,49.83723981,49.83723981,49.83723981,49.83723981,49.83723981,50.51295612,50.51295612,51.99801318,51.99801318,51.99801318,54.36240355,55.03821421,55.03821421,55.03821421,55.30852028,56.79441321,57.19959088,57.67417933,57.742446
492,"MCO","Monaco",NA,NA,NA,NA,NA,NA,NA,NA,NA,NA,NA,NA,NA,NA,NA,NA,NA,NA,NA,NA,NA,NA,NA,NA,NA,NA,NA,NA,NA
496,"MNG","Mongolia",3798.972283,3798.972283,3798.71049,3797.809253,3797.418224,3797.084841,3798.457948,3805.201134,3804.757973,3806.064713,3807.207141,3806.873643,3807.772057,3808.086278,3808.148683,3810.7511,3811.22744,3812.171003,3812.61162,3812.423904,3813.49324,3811.678455,3809.686282,3809.686282,3804.50856,3802.303569,3805.952004,3805.797945,3805.607123
499,"MNE","Montenegro",105.5403242,105.5403242,105.5403242,99.16144814,99.08996137,99.08996137,99.08996137,98.87518783,97.94374052,97.94374052,97.94374052,97.65720159,97.08334623,97.72860077,97.72860077,98.37388369,98.66082756,98.73296437,98.73296437,99.01978466,99.3078102,99.3078102,99.3078102,99.3078102,99.37943939,104.9013164,105.8334819,106.9090653,107.554396
504,"MAR","Morocco",1.156596036,1.156596036,1.156596036,1.156596036,1.156596036,1.156596036,1.156596036,1.156596036,1.156596036,1.156596036,1.156596036,1.156596036,1.156596036,1.156596036,1.156596036,1.156596036,1.156596036,1.156596036,1.156596036,1.156596036,1.156596036,1.156596036,1.156596036,1.156596036,1.074475275,1.074475275,1.074475275,1.074475275,1.074475
508,"MOZ","Mozambique",14347.02362,14347.02362,14347.02362,14914.67479,15082.66054,15485.72831,15900.35849,16401.2948,17569.84484,17757.50539,17935.78981,17951.0272,18056.08759,18063.25061,18060.6386,18060.18149,18073.76492,18077.91885,18070.77289,18046.51808,18029.36721,17982.95968,17925.02946,17924.20326,17656.37755,17670.5626,17652.76515,17659.14592,17677.915866
104,"MMR","Myanmar",592.0142542,592.0142542,592.0142542,592.2791837,587.1587336,588.9840928,590.2161493,576.3417844,575.849728,579.7015996,586.3459768,586.3272849,588.32962,589.5731135,592.4320719,597.6710815,604.0850429,617.5502559,621.8634277,621.4889182,623.3447421,622.9137143,627.1999509,627.1999509,632.4008,634.4278796,649.1429121,658.5413387,663.674051
516,"NAM","Namibia",1483.388209,1483.388209,1483.388209,1483.388209,1483.480091,1483.480091,1483.383574,1486.889145,1489.102572,1489.194686,1488.82631,1487.804221,1487.06465,1479.119206,1462.401258,1445.775595,1433.679719,1403.335709,1313.959569,1313.959569,1313.959569,1313.959569,1313.959569,1313.959569,1313.867145,1313.682739,1313.682657,1315.525849,1315.617952
520,"NRU","Nauru",NA,NA,NA,NA,NA,NA,NA,NA,NA,NA,NA,NA,NA,NA,NA,NA,NA,NA,NA,NA,NA,NA,NA,NA,NA,NA,NA,NA,NA
524,"NPL","Nepal",22.01975887,22.01975887,22.01975887,22.01975887,22.01975887,22.18809313,22.18809313,22.18809313,22.18809313,22.18809313,22.18809313,22.18809313,22.18809313,22.18809313,22.18809313,22.18809313,22.18809313,22.18809313,22.18809313,22.18809313,22.18809313,22.27224044,22.27224044,22.27224044,22.02025238,22.02025238,22.02025238,22.02025238,21.93553
528,"NLD","Netherlands",665.4069959,664.330391,663.6206804,663.9206296,664.3254978,663.607737,662.593153,655.2190355,654.5010713,655.3571968,652.6609103,649.9521717,647.5351371,647.8741461,648.2957769,648.6756746,645.2532782,644.5884133,644.5572375,643.5448413,643.8494635,643.4962874,637.3629012,637.3629012,631.3040305,630.5949701,628.1797472,622.8105919,622.749995
540,"NCL","New Caledonia",NA,NA,NA,NA,NA,NA,NA,NA,NA,NA,NA,NA,NA,NA,NA,NA,NA,NA,NA,NA,NA,NA,NA,NA,NA,NA,NA,NA,NA
554,"NZL","New Zealand",1061.650768,1061.650768,1061.579396,1062.809601,1062.952562,1064.563606,1065.431203,1080.19337,1093.480431,1112.048872,1114.137269,1116.445641,1121.190049,1121.772061,1121.713281,1124.694861,1125.54539,1128.059806,1130.219252,1131.635604,1138.184349,1145.758999,1151.852504,1151.852504,1175.66512,1183.555508,1203.459093,1208.955544,1212.730987
558,"NIC","Nicaragua",308.8867558,308.602306,308.4127996,308.7879932,308.6934975,316.296366,328.5982676,357.693247,368.5753913,372.1373509,374.2041924,373.8291725,373.2597334,373.8218698,374.1058105,375.0461694,375.981775,375.8880768,376.0745733,378.2463875,378.1517441,378.2465667,379.2869721,379.2869721,381.4500528,384.6381518,385.9537276,386.1410407,386.329741
562,"NER","Niger",1735.554735,1735.554735,1735.554735,1736.305009,1736.305009,1736.305009,1737.244252,1737.244252,1737.244252,1752.774329,1768.962187,1907.772215,1907.772215,1907.772215,1907.772215,1907.113181,1907.113181,1907.113181,1907.113181,1907.113181,1907.113181,1907.113181,1907.113181,1907.113181,1906.830802,1906.454302,1902.501338,1893.947408,1893.194463
566,"NGA","Nigeria",3562.049388,3561.953065,3561.856682,3548.97598,3543.455991,3526.347223,3522.326014,3506.238681,3507.542537,3583.283172,3602.322369,3603.078146,3609.880479,3618.102952,3620.087629,3618.961323,3616.129005,3617.074774,3623.480501,3640.376333,3641.500875,3641.300508,3640.616306,3640.423996,3634.647425,3632.161521,3620.204749,3603.231562,3601.977541
570,"NIU","Niue",NA,NA,NA,NA,NA,NA,NA,NA,NA,NA,NA,NA,NA,NA,NA,NA,NA,NA,NA,NA,NA,NA,NA,NA,NA,NA,NA,NA,NA
408,"PRK","North Korea",47.5314086,47.5314086,47.5314086,47.45492479,47.3031958,47.3031958,47.22774237,47.94827869,48.89709454,49.33895568,49.26313191,48.96617638,49.77352979,49.84594475,50.44705348,52.22416282,56.37377918,55.84868565,56.72545338,57.68382229,58.54993546,55.3139516,55.46289404,61.12878274,55.75743871,55.75611557,58.11103207,65.85266364,82.018919
807,"MKD","North Macedonia",10.63002858,10.63002858,10.63002858,10.63002858,10.63002858,11.1404193,11.57500397,15.94883183,16.96317411,18.56473314,19.28963965,19.28963965,19.50840882,19.29155631,19.29155631,19.29155631,19.36486146,19.29253659,19.36540955,19.36540955,19.36540955,19.36540955,18.78106849,18.78106849,18.48920449,18.48920449,18.92514453,18.92514453,18.925145
578,"NOR","Norway",32816.52453,32812.85539,32808.57304,32470.48328,32307.39351,32014.78232,31946.09204,29032.62282,28676.4578,28452.14675,28333.13501,28290.23043,28171.71957,28165.03192,28088.75326,27893.99572,27431.74071,26839.95191,26849.29905,26973.80652,27014.85684,26983.16913,26631.08795,26634.17967,26640.68868,26625.54397,26829.77777,27131.84351,27135.464808
512,"OMN","Oman",31.12015686,31.12015686,31.12015686,31.7544035,32.02640004,32.02640004,32.02640004,32.66154261,33.84114978,33.75236508,33.75236508,33.75236508,33.4864399,33.4864399,33.4864399,33.30881588,33.30881588,33.21998032,33.21998032,33.21998032,33.21998032,33.21998032,32.78498819,32.52398545,32.52398545,32.52398545,32.52398545,32.43573516,32.435735
586,"PAK","Pakistan",5643.743998,5643.567704,5643.567704,5677.919492,5759.816052,5781.311965,5833.318973,5882.947109,5974.546084,6009.927224,6030.268767,6030.038309,6029.024544,6029.208153,6051.494196,6062.557279,6126.030041,6134.560343,6136.705121,6119.128829,6139.228612,6139.583531,6136.89009,6136.546451,6134.95927,6134.02343,6127.828954,6135.845263,6136.908462
585,"PLW","Palau",NA,NA,NA,NA,NA,NA,NA,NA,NA,NA,NA,NA,NA,NA,NA,NA,NA,NA,NA,NA,NA,NA,NA,NA,NA,NA,NA,NA,NA
591,"PAN","Panama",86.94167316,86.55869297,86.36719736,84.35657037,83.97355426,83.39930806,83.01732959,83.78560575,83.97780304,84.64978896,84.74573151,84.84187934,85.60967453,85.89714249,83.02487948,79.19538669,79.77106254,77.76101617,76.41980343,74.88762352,74.69622899,73.44894085,73.16108529,72.87346128,73.63967714,73.44818815,73.44818815,73.44862273,76.421667
598,"PNG","Papua New Guinea",NA,NA,NA,NA,NA,NA,NA,NA,NA,NA,NA,NA,NA,NA,NA,NA,NA,NA,NA,NA,NA,NA,NA,NA,NA,NA,NA,NA,NA
600,"PRY","Paraguay",29601.27522,29601.27522,29601.27522,29604.51407,29582.3625,29524.13136,29569.35858,29624.25608,30310.83371,30871.53917,31023.13245,31207.58915,30624.95602,30596.40052,30617.33753,30722.15451,30929.00662,31079.15812,31192.34912,31269.82651,31323.52498,31329.05919,31308.73452,31308.64803,31106.05194,31078.59537,31066.13882,31079.78882,31078.416914
604,"PER","Peru",2230.868089,2386.587178,2386.587178,2450.326755,2489.849337,2521.798043,2564.021258,2750.801102,2771.123909,2762.688839,2771.36355,2767.934486,3912.25616,3930.861137,3920.137005,3903.143971,3915.653602,3914.465315,3922.844443,3922.346671,3924.454683,3920.493952,3934.170651,3934.170651,3960.258597,3967.514364,4033.99653,4037.329084,4037.049924
608,"PHL","Philippines",NA,NA,NA,NA,NA,NA,NA,NA,NA,NA,NA,NA,NA,NA,NA,NA,NA,NA,NA,NA,NA,NA,NA,NA,NA,NA,NA,NA,NA
616,"POL","Poland",929.6910073,929.6910073,929.6910073,930.0506951,927.1726944,925.7844885,925.6258518,923.140545,920.9446831,921.2399345,922.7277024,923.6130073,925.4842209,926.8713031,929.2983579,933.9219481,937.4122112,938.8058558,940.0169229,941.3445117,941.4743728,941.1210292,938.5314417,938.5314417,917.3789057,917.9426068,921.8819107,922.6798702,925.258764
620,"PRT","Portugal",129.2837987,129.1345446,129.0609849,128.9164531,129.2270753,129.3725852,129.4450736,133.9236244,134.0045316,133.8546662,134.0889581,133.7849373,133.700998,133.6256555,133.7777791,133.4029802,134.4463227,134.3727782,134.5951235,134.3657185,134.3657185,135.1709607,135.2953304,135.2182556,135.1456653,134.8478202,134.3224118,134.1716507,134.094528
634,"QAT","Qatar",0.175236966,0.175236966,0.175236966,0.175236966,0.175236966,0.175236966,0.175236966,0.175236966,0.175236966,0.175236966,0.175236966,0.175236966,0.175236966,0.175236966,0.175236966,0.175236966,0.175236966,0.175236966,0.175236966,0.087615467,0.087615467,0.087615467,0.087615467,0.087615467,0.087615467,0.087615467,0.087615468,0.087615467,0
178,"COG","Republic of Congo",1001.435854,1001.435854,1001.435854,949.6874076,943.3955518,936.908271,934.9719662,933.5268785,918.7095845,855.9066422,846.0198131,844.7565251,844.3681599,845.435492,847.1784378,849.9906832,847.1799099,835.7480583,836.6232098,825.6731162,830.3241807,829.9370059,832.5563836,832.5563836,848.1615588,850.2923465,849.4201527,850.1943623,851.161148
642,"ROU","Romania",2852.01435,2851.878248,2851.672454,2851.886731,2828.961625,2822.466744,2818.157012,2789.944551,2783.020817,2794.14274,2799.79419,2798.008718,2794.504383,2803.999852,2811.256796,2822.413131,2837.819361,2844.874148,2855.68069,2856.229442,2856.976121,2856.970574,2856.468564,2856.265354,2857.851745,2853.955167,2855.321616,2855.30408,2858.793808
643,"RUS","Russia",885857.2562,885843.6505,885830.2728,876864.9258,874945.7626,874379.679,874328.6335,865357.7477,858815.8194,850689.4018,845801.6253,841673.5649,830332.6819,829838.2096,828683.8096,823584.1686,821070.9117,818277.2433,821284.9677,821789.5389,822810.5174,822284.1015,819026.8698,819716.599,817494.1183,819480.7646,834055,851011.0001,852377.75191
646,"RWA","Rwanda",821.1697357,821.1697357,821.1697357,821.9448139,823.3977935,823.4946456,823.4947192,833.8599258,832.890787,831.1479427,825.6271937,822.2376858,821.559547,822.6250286,827.5660235,824.757521,824.9512941,824.2732925,824.6606192,824.7574249,823.6914766,823.6914766,823.3039893,823.3039893,813.6174628,812.5519638,811.0988594,810.3239387,810.323939
652,"BLM","Saint Barthelemy",0.36897106,0.36897106,0.36897106,0.36897106,0.36897106,0.36897106,0.36897106,0.36897106,0.36897106,0.36897106,0.36897106,0.36897106,0.36897106,0.36897106,0.36897106,0.36897106,0.36897106,0.36897106,0.36897106,0.36897106,0.36897106,0.276729018,0.18448553,0.18448553,0.18448553,0.18448553,0.18448553,0.18448553,0.184486
659,"KNA","Saint Kitts and Nevis",2.777005805,2.777005805,2.777005805,2.777005805,2.777005805,2.777005805,2.777005805,2.777005805,2.68444837,2.68444837,2.68444837,2.68444837,2.68444837,2.22194278,2.129389535,1.94428584,1.851732595,1.759176556,1.574070066,1.481516821,1.481516821,1.388962179,1.203869674,1.203869674,1.203869674,1.203869674,1.203869674,1.111331812,1.111332
662,"LCA","Saint Lucia",0.282194442,0.282194442,0.282194442,0.282194442,0.282194442,0.282194442,0.282194442,0.282194442,0.282194442,0.282194442,0.282194442,0.282194442,0.282194442,0.282194442,0.282194442,0.282194442,0.282194442,0.282194442,0.282194442,0.282194442,0.282194442,0.282194442,0.282194442,0.282194442,0.282194442,0.282194442,0.282194442,0.282194442,0.282194
670,"VCT","Saint Vincent and the Grenadines",0.188722679,0.188722679,0.188722679,0.188722679,0.188722679,0.188722679,0.188722679,0.188722679,0.188722679,0.188722679,0.188722679,0.188722679,0.188722679,0.188722679,0.188722679,0.188722679,0.188722679,0.188722679,0.188722679,0.188722679,0.188722679,0.188722679,0.188722679,0.094361878,0.094361878,0.094361878,0.094361878,0.094361878,0.094362
882,"WSM","Samoa",NA,NA,NA,NA,NA,NA,NA,NA,NA,NA,NA,NA,NA,NA,NA,NA,NA,NA,NA,NA,NA,NA,NA,NA,NA,NA,NA,NA,NA
674,"SMR","San Marino",NA,NA,NA,NA,NA,NA,NA,NA,NA,NA,NA,NA,NA,NA,NA,NA,NA,NA,NA,NA,NA,NA,NA,NA,NA,NA,NA,NA,NA
678,"STP","Sao Tome and Principe",0.290807782,0.290807782,0.290807782,0.290807782,0.290807782,0.290807782,0.290807782,0.290807782,0.290807782,0.290807782,0.290807782,0.290807782,0.290807782,0.290807782,0.290807782,0.290807782,0.290807782,0.290807782,0.290807782,0.290807782,0.290807782,0.290807782,0.290807782,0.290807782,0.290807782,0.290807782,0.290807782,0.290807782,0.290808
682,"SAU","Saudi Arabia",89.04887772,89.04887772,89.04887772,89.04887772,89.22677066,89.22677066,89.22677066,89.22677066,89.13874338,89.05213782,89.05213782,89.05213782,89.41581999,89.41581999,89.41581999,89.41581999,89.41581999,89.41581999,89.59766921,89.59766921,89.59766921,89.59766921,89.59766921,89.59766921,89.59766921,89.59766921,89.59766921,89.59766921,89.597669
686,"SEN","Senegal",3743.930155,3743.366895,3743.08623,3749.250504,3751.667775,3759.019304,3763.05068,3766.213466,3768.295931,3768.014551,3768.667211,3768.763335,3768.674158,3768.677397,3769.055859,3770.85237,3768.702581,3769.377233,3763.767182,3764.526385,3763.495701,3763.121474,3757.256056,3757.068964,3758.987178,3757.774663,3754.039916,3707.877479,3707.127405
688,"SRB","Serbia",113.7079722,113.7079722,113.7079722,112.5456768,112.4088726,111.5180285,111.3815024,108.5157053,108.5157053,107.9005144,107.9005144,107.8322447,107.9028108,108.2461223,108.3148344,108.5214109,109.1405946,108.8677225,109.0740277,109.2793687,109.2793687,109.348094,109.2126112,109.2126112,111.1386022,112.0270208,114.6759768,116.6559559,119.318428
690,"SYC","Seychelles",NA,NA,NA,NA,NA,NA,NA,NA,NA,NA,NA,NA,NA,NA,NA,NA,NA,NA,NA,NA,NA,NA,NA,NA,NA,NA,NA,NA,NA
694,"SLE","Sierra Leone",329.9181793,329.9181793,329.9181793,319.7303639,304.840263,285.2374431,276.3044496,258.7532658,212.7321473,203.1252259,199.7606515,196.1175777,175.6510773,176.132044,175.2700269,172.0159609,168.1871389,168.1925552,168.5770879,168.9612395,169.4412546,170.7857742,176.8394922,176.8394922,179.8181809,180.2981017,180.3941594,181.9320122,181.933317
702,"SGP","Singapore",NA,NA,NA,NA,NA,NA,NA,NA,NA,NA,NA,NA,NA,NA,NA,NA,NA,NA,NA,NA,NA,NA,NA,NA,NA,NA,NA,NA,NA
534,"SXM","Sint Maarten",5.437898942,5.437898942,5.437898942,5.437898942,5.437898942,5.437898942,5.437898942,5.253554055,4.977042546,4.331898043,4.331898043,4.331898043,4.331898043,4.331898043,4.331898043,4.331898043,4.239724145,4.239724145,4.239724145,4.239724145,4.239724145,3.502399934,2.857220496,2.857220496,2.857220496,2.857220496,2.857220496,2.857220496,2.85722
703,"SVK","Slovakia",13.91238603,13.91238603,13.91238603,13.78233523,13.58731828,13.3923641,13.45608952,13.45608952,13.45608952,13.3911513,13.3911513,13.32634229,13.32634229,14.15081622,14.97524098,15.22896838,16.87791701,17.32190176,17.44966128,18.08342696,18.08342696,18.08342696,18.90821421,18.90821421,20.04969784,19.9863202,20.30430419,20.23973366,21.257598
705,"SVN","Slovenia",16.1733469,16.1733469,16.1733469,16.1733469,16.1733469,16.1733469,16.1733469,15.97271567,15.83934076,15.70563197,15.70535629,15.7727464,15.97416977,15.97416977,16.98848195,16.98848195,16.92159353,17.66234314,17.66234314,17.86241574,17.99670253,18.12972913,18.80329647,18.80329647,19.40725245,19.87531828,21.20954955,21.74345744,22.345721
90,"SLB","Solomon Islands",NA,NA,NA,NA,NA,NA,NA,NA,NA,NA,NA,NA,NA,NA,NA,NA,NA,NA,NA,NA,NA,NA,NA,NA,NA,NA,NA,NA,NA
706,"SOM","Somalia",629.9837863,629.9837863,629.8879108,629.7920353,629.5044024,628.5456277,628.2580046,627.0125936,625.9601749,625.9601749,625.9601749,625.9601749,625.2888673,625.2888673,625.2888673,625.095006,625.095006,625.191937,625.191937,625.191937,625.191937,625.191937,625.191937,625.191937,617.6336992,617.2501518,617.0578972,613.8886439,613.888644
710,"ZAF","South Africa",2597.63652,2596.581519,2595.696816,2594.628043,2594.336929,2595.5735,2597.330331,2610.757438,2619.464984,2620.525507,2639.942574,2657.091188,2678.527126,2673.963078,2675.246792,2672.538417,2672.146973,2671.903672,2672.660273,2672.896108,2674.210775,2672.875088,2663.191286,2662.380288,2663.721827,2663.25881,2665.3244,2665.212088,2649.353071
410,"KOR","South Korea",44.24691412,44.16832407,44.16832407,44.24508681,44.40370122,44.40441567,44.48285964,44.95435091,44.87365816,45.73266842,45.88943468,46.42155459,49.38075278,49.69429637,51.10815343,51.96630663,56.50892255,58.21687019,58.52559196,60.00710528,61.19107011,61.73246302,63.83237915,63.7531044,63.59428759,63.36201089,63.44572721,63.99366655,63.748422
728,"SSD","South Sudan",36023.99118,36023.99118,36023.99118,37111.1142,37129.17392,37173.68326,37338.89351,37624.41769,37654.56641,37799.07296,37957.35325,38061.81273,38051.70247,38056.56992,37981.26171,37892.35265,37846.99089,37844.48495,37849.77162,37846.45635,37829.77478,37776.2638,37660.63637,37660.63637,37351.21279,36995.13527,37039.13223,36896.36435,36898.485905
724,"ESP","Spain",502.095652,501.1623504,500.6254445,500.6771078,502.970081,503.5974117,503.2077593,522.5805501,524.3755165,524.9836193,524.5988638,525.7754283,533.2843283,534.7538079,534.3442983,533.315289,532.3216244,531.5544222,529.7977502,529.2177041,529.4527666,527.9099132,521.2874854,521.1332732,515.1434069,512.8470918,504.1845999,502.9848703,503.658531
144,"LKA","Sri Lanka",0.192313427,0.192313427,0.192313427,0.192313427,0.192313427,0.192313427,0.192313427,0.192313427,0.192313427,0.192313427,0.192313427,0.192313427,0.192313427,0.192313427,0.192313427,0.192313427,0.192313427,0.192313427,0.192313427,0.192313427,0.192313427,0.192313427,0.192313427,0.192313427,0.192313427,0.192313427,0.192313427,0.192313427,0.192313
275,"PSE","State of Palestine",NA,NA,NA,NA,NA,NA,NA,NA,NA,NA,NA,NA,NA,NA,NA,NA,NA,NA,NA,NA,NA,NA,NA,NA,NA,NA,NA,NA,NA
729,"SDN","Sudan",3895.737067,3895.737067,3895.641766,3899.423819,3901.110752,3901.392699,3902.889854,3912.753243,3914.722536,3917.675819,3920.347016,3910.697237,3900.963157,3897.046094,3887.88238,3867.045399,3866.088463,3852.317552,3850.691498,3837.996083,3838.676526,3826.234217,3777.184675,3777.184675,3767.547232,3745.017427,3696.183524,3643.492394,3643.113694
740,"SUR","Suriname",724.6957437,767.6402933,767.6402933,809.6274365,840.6039958,857.7065224,878.7528966,879.3625117,864.5176667,844.3659061,849.2873279,849.4800425,1052.664871,1048.518904,1048.904955,1049.001425,1050.448514,1050.930675,1052.764124,1055.656936,1055.367302,1060.196676,1060.196676,1060.196676,1059.038229,1059.424052,1059.809678,1061.932254,1062.222044
752,"SWE","Sweden",32737.5685,32737.3333,32736.93362,32687.80881,32746.36658,32872.18628,33062.80861,33422.15296,33932.4128,33688.92939,33798.42131,33863.45532,33585.80799,33505.87494,33286.49145,32899.04416,32257.72883,32004.39881,32061.65535,32255.15716,32266.40655,32287.59342,32216.17916,32228.12435,32482.99103,32815.89076,34294.84331,36350.63896,36476.924792
756,"CHE","Switzerland",19.0639112,19.0639112,19.0639112,18.33760345,18.13938021,17.94084768,17.94084768,18.01280053,18.01280053,18.01280053,18.01280053,18.14507312,18.21105808,18.14555662,18.14555662,18.27720032,18.27720032,18.60772587,18.60772587,18.60772587,18.60772587,18.47603851,18.5409852,18.5409852,19.20190692,19.13575001,19.13575001,19.06801226,19.134313
760,"SYR","Syria",3.087886629,3.087886629,3.087886629,3.087886629,3.087886629,3.087886629,3.087886629,3.087886629,3.087886629,3.401546508,3.872011345,3.872011345,3.872011345,3.872011345,3.872011345,3.872011345,3.872011345,3.872011345,3.872011345,3.872011345,3.872011345,3.872011345,3.872011345,3.872011345,3.872011345,3.950369636,6.537060716,10.38511777,10.385118
158,"TWN","Taiwan",434.2195347,433.6833084,432.6131537,431.9869058,430.2916991,429.5769948,429.0406798,428.6852789,428.1522055,422.4325221,419.7503758,417.3376156,412.69819,409.7519647,407.782271,407.3261587,405.1840503,404.8168223,401.4280897,399.9023577,396.9549089,392.5828236,392.309189,389.5463795,389.0977992,382.4124767,370.0726127,368.6428072,363.140831
762,"TJK","Tajikistan",59.52975672,59.52975672,59.52975672,59.52975672,59.52975672,59.52975672,59.52975672,59.52975672,59.52975672,59.52975672,59.52975672,59.52975672,59.52975672,59.52975672,59.52975672,59.52975672,59.52975672,59.52975672,59.52975672,59.52975672,59.52975672,59.52975672,59.52975672,59.52975672,59.52975672,59.52975672,59.52975672,59.52975672,59.529757
834,"TZA","Tanzania",43747.68269,43747.68269,43747.68269,43815.89694,43829.92876,43850.7104,43982.23109,44185.4868,44456.00807,44537.33943,44559.53564,44615.03768,45102.33676,45167.52511,45264.28315,45371.19066,45394.28419,45455.79727,45637.30774,45821.19147,45859.1532,45979.58079,46035.14254,46033.60064,45854.77947,45825.34053,45758.84476,45670.57954,45563.983457
764,"THA","Thailand",119.5983459,119.5983459,119.5983459,120.3445554,120.8070869,120.4380177,121.0871298,121.2723401,121.4623289,123.0427182,127.3258679,127.7883595,131.5180395,131.9871591,132.4527818,133.5658379,133.7507171,134.1207084,135.8588642,135.2108904,135.2108904,134.6543909,131.6742305,131.6742305,130.6504205,127.6341338,147.1489588,149.10708,150.967405
626,"TLS","Timor-Leste",NA,NA,NA,NA,NA,NA,NA,NA,NA,NA,NA,NA,NA,NA,NA,NA,NA,NA,NA,NA,NA,NA,NA,NA,NA,NA,NA,NA,NA
768,"TGO","Togo",17.96969835,17.96969835,17.96969835,17.96969835,17.96969835,17.96969835,17.96969835,5.572270529,5.476203392,5.476203392,5.476203392,5.956773228,6.437309398,6.437309398,9.70706667,10.86337356,11.63209524,12.88432037,12.88432037,12.98042232,12.98042232,12.98042232,12.98042232,12.98042232,12.98042232,12.98042232,12.98042232,12.98042232,12.980422
776,"TON","Tonga",NA,NA,NA,NA,NA,NA,NA,NA,NA,NA,NA,NA,NA,NA,NA,NA,NA,NA,NA,NA,NA,NA,NA,NA,NA,NA,NA,NA,NA
780,"TTO","Trinidad and Tobago",14.29172833,14.29172833,14.29172833,14.1963502,14.1963502,14.1963502,14.1963502,14.1963502,14.1963502,14.10109351,13.91045344,13.2436453,12.67210341,12.29083216,11.71892109,11.33764729,10.95661966,10.76627774,10.48038201,10.38512444,10.19448875,10.00404657,10.09932757,10.09932757,10.1947216,10.29007276,10.29007276,10.86175887,10.95705
788,"TUN","Tunisia",2.963293193,2.963293193,2.963293193,2.963293193,2.963293193,2.963293193,2.963293193,3.205320617,3.286199936,3.286199936,3.286199936,3.286199936,3.286199936,3.286199936,3.286199936,3.286199936,3.286199936,3.286199936,3.286199936,3.286199936,3.286199936,3.286199936,3.286199936,3.286199936,3.286199936,3.286199936,3.286199936,3.286199936,3.2862
792,"TUR","Turkey",2069.526986,2069.071285,2068.918969,2075.109633,2078.754543,2078.606291,2079.332097,2081.699204,2085.85355,2088.501771,2098.315409,2099.274177,2102.433766,2104.559054,2108.048103,2108.786316,2112.348526,2109.624851,2109.349873,2105.69506,2104.790694,2102.593027,2096.74934,2095.684744,2092.602137,2091.400389,2089.15309,2087.111509,2087.234677
795,"TKM","Turkmenistan",13.22134707,13.22134707,13.22134707,13.22134707,13.22134707,13.22134707,13.22134707,13.22134707,13.22134707,13.22134707,13.22134707,13.22134707,13.22134707,13.29332041,13.29332041,13.29332041,13.29332041,13.29332041,13.44741011,14.44916562,14.68036432,14.68036432,15.68092107,15.68092107,14.88901288,14.88901288,14.88901288,14.88901288,14.657857
796,"TCA","Turks and Caicos Islands",63.17963662,63.08962986,63.08962986,63.62971231,63.62971231,63.62971231,63.53975098,63.53975098,63.35971652,63.35971652,62.54984425,61.64978186,61.64978186,61.64978186,61.64978186,61.64978186,61.64978186,61.64978186,61.64978186,61.64978186,61.64978186,60.11949943,59.57947631,59.57947631,59.57947631,59.57947631,59.66949529,59.12938145,59.129381
798,"TUV","Tuvalu",NA,NA,NA,NA,NA,NA,NA,NA,NA,NA,NA,NA,NA,NA,NA,NA,NA,NA,NA,NA,NA,NA,NA,NA,NA,NA,NA,NA,NA
800,"UGA","Uganda",3766.353433,3766.353433,3766.353433,3768.486116,3768.389281,3767.8077,3767.614114,3773.712881,3778.93976,3772.054715,3777.084654,3779.306717,3767.581297,3761.959708,3762.056893,3762.444028,3759.635145,3752.174691,3751.88391,3750.62542,3749.173145,3749.367128,3748.69105,3748.594119,3743.263586,3741.228742,3733.662906,3730.755132,3730.270666
804,"UKR","Ukraine",505.9222937,505.7986311,505.6687476,501.0158272,500.0735734,499.9193729,499.3647424,495.5427373,494.8855265,495.7474794,497.7979626,498.2986943,497.8018054,501.1667741,502.1808724,500.5453539,504.1032142,505.9174563,506.8246904,508.6567121,510.6732686,512.1301666,515.1996209,515.1996209,518.0289838,517.4658473,521.5488429,522.435545,524.487718
784,"ARE","United Arab Emirates",13.44304004,13.44304004,13.44304004,13.17972899,13.00414179,12.74071117,12.74071117,12.74071117,12.74071117,12.74071117,12.74071117,12.74071117,13.26983896,13.26983896,13.26983896,13.26983896,13.26983896,13.26983896,13.26983896,13.26983896,13.26983896,13.26983896,13.26983896,13.26983896,13.26983896,13.26983896,13.26983896,13.26983896,13.269839
826,"GBR","United Kingdom",14078.015213807,14071.450193807,14067.126423807,13930.955623807,13846.385593807,13523.330803807,13474.809023807,13009.082093807,12726.339233807,12585.465523807,12556.219873807,12537.668573807,12507.037753807,12504.517763807,12494.548723807,12487.760573807,12483.485113807,12479.061553807,12473.013313807,12462.915373807,12460.645783807,12457.644603807,12449.764703807,12449.968163807,12443.182423807,12444.684283807,12443.918073807,12445.778523807,12440.672233
840,"USA","United States of America",125327.23222587,125287.71925458,125247.08098928,123118.82738402,121769.87136834,120180.46350264,116329.06741704,109184.24354354,99047.88256511,91359.74868637,87659.40939892,83889.910314006,79529.699669924,78867.226079748,77188.942203948,76699.489801548,76383.708710924,75423.254624257,75531.810117269,75516.995946269,75570.902576926,75533.328561905,75528.386773723,75530.131933723,75471.636849023,75280.126969425,75620.72875265,76463.44565995,76537.724058
858,"URY","Uruguay",2880.156959,2880.156959,2880.156959,2879.090696,2877.691726,2876.792161,2872.91877,2862.56694,2857.856657,2855.040659,2859.437685,2855.727602,2859.523783,2859.953475,2862.606379,2831.474066,2830.853013,2815.351184,2781.003508,2782.457056,2771.538916,2761.694539,2739.58558,2739.424477,2724.935107,2722.175263,2742.949197,2738.952596,2739.745042
860,"UZB","Uzbekistan",676.4067307,676.267401,681.6311996,681.6278537,682.6015242,682.6015242,682.6015242,683.645108,683.645108,683.645108,683.645108,683.645108,683.645108,683.645108,683.645108,683.645108,683.645108,683.645108,683.645108,683.645108,683.5713161,682.2433669,680.9155549,680.9155549,680.4719469,680.3981246,680.2504799,680.2504799,680.25048
548,"VUT","Vanuatu",NA,NA,NA,NA,NA,NA,NA,NA,NA,NA,NA,NA,NA,NA,NA,NA,NA,NA,NA,NA,NA,NA,NA,NA,NA,NA,NA,NA,NA
862,"VEN","Venezuela",19300.7983,19432.46187,19431.41302,19521.95654,19578.65856,19641.3,19669.61256,19968.08665,19993.31808,20023.49549,20026.76285,20037.01596,20358.97641,20370.26143,20377.9928,20383.6068,20403.10906,20437.03617,20450.18442,20459.05989,20472.62109,20500.95309,20537.02572,20535.97582,20572.63409,20639.43956,20656.61608,20818.87067,20830.199577
704,"VNM","Viet Nam",589.8726065,589.8726065,589.7828355,591.4861938,591.5758314,591.8699176,593.6652662,592.1429684,592.9921528,594.9106055,595.5558508,596.0096843,600.8497905,601.0337441,600.5894003,601.6786376,604.5785173,618.4110477,628.099661,634.9805648,653.1209408,659.9234683,680.0506092,679.8710795,669.5254484,672.8699934,678.6788609,680.2074518,680.283627
876,"WLF","Wallis and Futuna Islands",NA,NA,NA,NA,NA,NA,NA,NA,NA,NA,NA,NA,NA,NA,NA,NA,NA,NA,NA,NA,NA,NA,NA,NA,NA,NA,NA,NA,NA
732,"ESH","Western Sahara",NA,NA,NA,NA,NA,NA,NA,NA,NA,NA,NA,NA,NA,NA,NA,NA,NA,NA,NA,NA,NA,NA,NA,NA,NA,NA,NA,NA,NA
887,"YEM","Yemen",8.274213965,8.274213965,8.274213965,8.274213965,8.274213965,8.274213965,8.274213965,8.274213965,8.274213965,8.274213965,8.274213965,8.274213965,8.274213965,8.274213965,8.274213965,8.274213965,8.274213965,8.274213965,8.274213965,8.274213965,8.274213965,8.274213965,8.274213965,8.274213965,8.179706767,8.179706767,8.179706767,7.990690281,7.896181
894,"ZMB","Zambia",28345.96419,28345.96419,28345.96419,28358.827,28365.21298,28382.89342,28455.06042,28559.89352,28787.20522,28957.84028,28987.53307,29021.02621,29496.26082,29509.38042,29532.4867,29582.91365,29591.55947,29557.37697,29556.1412,29563.37694,29562.81354,29559.51514,29553.44917,29553.35382,29534.93403,29521.10843,29513.72728,29560.66298,29565.327487
716,"ZWE","Zimbabwe",259.9981409,259.9981409,259.9981409,260.0862727,260.2675355,260.3505559,263.0763767,265.982335,265.9853079,266.8929592,269.8063504,269.8046309,271.0810792,273.8976615,273.9819142,274.7024219,270.6887272,262.8499305,264.0996814,263.5463014,265.3528922,265.0785537,264.5006791,264.5006791,262.9292296,260.4866237,259.928816,260.1185439,261.220179
