"code","iso","country","CDA.raw.1999","CDA.raw.2000","CDA.raw.2001","CDA.raw.2002","CDA.raw.2003","CDA.raw.2004","CDA.raw.2005","CDA.raw.2006","CDA.raw.2007","CDA.raw.2008","CDA.raw.2009","CDA.raw.2010","CDA.raw.2011","CDA.raw.2012","CDA.raw.2013","CDA.raw.2014","CDA.raw.2015","CDA.raw.2016","CDA.raw.2017","CDA.raw.2018","CDA.raw.2019"
4,"AFG","Afghanistan",-9999,-9999,-9999,-9999,-9999,-9999,-9999,-9999,-9999,-9999,-9999,-9999,0.324986252539547,0.343221727391913,0.323829815627733,0.249457433994553,0.176927423201928,0.0920262070860893,0.0146558190430917,-0.0443362273700154,-0.0514529717579472
8,"ALB","Albania",-0.0888443677442406,-0.0314404754663873,0.0284847036278371,0.0622242656974739,0.0947645206166079,0.107623446890316,0.115327322273111,0.105330024588869,0.0684040085235773,0.0367657291545713,0.0291084432402176,0.0204436224726026,0.018362540210962,0.0171929010630949,0.0243536978349759,0.0354170975545143,0.0325827319799277,0.0226342429936597,0.019513645296263,0.0147841759907963,0.0117359850326491
12,"DZA","Algeria",0.0242643191830108,0.0159269414198979,0.00563434108009297,-0.000287925283886148,-0.00399711184081559,-0.00940530147254208,0.00462988777106443,0.0138766114877387,0.0157749682953392,0.0279920188759479,0.0333039875596965,0.0346527844838582,0.0315881321862912,0.0337709817433671,0.0359269881213438,0.0358583300371196,0.0456424879589958,0.0482045026216265,0.0484615075944479,0.0478062411732272,0.0473093836935325
20,"AND","Andorra",-8888,-8888,-8888,-8888,-8888,-8888,-8888,-8888,-8888,-8888,-8888,-8888,-8888,-8888,-8888,-8888,-8888,-8888,-8888,-8888,-8888
24,"AGO","Angola",0.0726605241638865,0.0637615604435726,0.0515804562271585,0.0373554616349694,0.0265317651230248,-0.0145479252359772,-0.0167076276881551,-0.00164768881801871,-4.3653736439754e-05,0.00638742195427722,0.0201908602089393,0.0327886611031249,0.0436362886707686,0.0539866084658001,0.0649216346853747,0.0855678710651724,0.0761807927455962,0.0685983401604922,0.0546684280276333,0.0351667842511367,0.0167302402756055
660,"AIA","Anguilla",-8888,-8888,-8888,-8888,-8888,-8888,-8888,-8888,-8888,-8888,-8888,-8888,-8888,-8888,-8888,-8888,-8888,-8888,-8888,-8888,-8888
28,"ATG","Antigua and Barbuda",0.0324273019394969,0.0410418345186396,0.0446067200595113,0.0489361195127116,0.0534750194246558,0.0540782674868074,0.0514631825977103,0.0484878828033306,0.047654086229018,0.0464335316719351,0.0459323227385124,0.0437551270552643,0.0356393494559795,0.0315049544981651,0.0282028935857797,0.0242012191472436,0.0209280696653591,0.0178102602245123,0.0164629397309066,0.0160211488128386,0.0190859794100056
32,"ARG","Argentina",0.0323191487254071,0.0309473585322526,0.0260269777708662,0.0182283802031633,0.012065260220721,0.0133920866420596,0.0167738891277467,0.0238122354545904,0.030024779460087,0.0380357487430214,0.0430076811541618,0.0459350691427025,0.042740894539679,0.0312676590607082,0.0210612979936238,0.0163307285026799,0.0114890506609453,0.00892627518658839,0.0044876106459586,0.00348473008989103,-0.00268696054171778
51,"ARM","Armenia",-0.0239080996241604,-0.0158641045088925,-0.00614846546626556,0.0226347761776067,0.0170374171011567,0.0149463543917516,0.0334943307859608,0.0314349889781431,0.0463586403341387,0.0635569895969323,0.0534478470118216,0.0466469343476612,0.0467841828783253,0.0416497035471985,0.0329299506673635,0.0235803819982872,0.0156789430876851,0.00756624480345569,0.0113462570508787,0.0322114252954389,0.0315798462152947
533,"ABW","Aruba",0.0598184827580206,0.113990765557055,0.156252015844337,0.180238158866581,0.201009484985421,0.204602147309668,0.196478865291713,0.170903274805413,0.133612269518433,0.0808640567730365,0.0155286966792598,0.00785214200451212,0.000206313564553806,-0.00482715431012974,-0.0208854098258403,-0.0472335238309491,-0.0805374706729607,-0.125664064409916,-0.173072174712329,-9999,-9999
36,"AUS","Australia",0.0243905563274145,0.0260037795330414,0.0240469689998386,0.0237461647711761,0.0221404063442743,0.0189667033297702,0.0152848447211527,0.0158586189159275,0.0161999090351648,0.0184669807479299,0.0210915765910435,0.0220546035736968,0.0199259047274005,0.0180433423355204,0.0119109375205497,0.00444006683161979,-0.00234793517662828,-0.00882855054518049,-0.0151562603157916,-0.0176594976568314,-0.0142687088620728
40,"AUT","Austria",0.0107221387005987,0.0105767982806513,0.0163133293303395,0.0164658153399047,0.0186625130743381,0.0180314645187341,0.0190029002875463,0.0203545089363595,0.0178984062886391,0.0147902214279181,0.00331860076789448,-0.00334051711090025,-0.0135692499497532,-0.029915885971912,-0.0334117393060293,-0.0394659420495308,-0.0345447855772714,-0.0268124133147745,-0.015123139121742,-0.00808648533397864,-0.00655066950501956
31,"AZE","Azerbaijan",-0.0262925109635264,-0.0400452406884064,-0.062090305425716,-0.0711753966796143,-0.0427714578902682,-0.0068840325573637,0.00722761291242402,0.0156573400444839,0.0121658763112833,0.0181913831797429,0.00986409398017818,0.000652717263424307,-0.0072807544611282,-0.0109210772632657,-0.00772720588228826,-0.000588203025277512,0.00914097392598845,0.0192869070057835,0.0184625443503268,0.0254489139708141,0.0258985021945555
44,"BHS","Bahamas",-0.00125531762252099,0.00546877023914516,0.00940896255026469,0.0149710074193667,0.0178081352879809,0.0191621658374459,0.0142678858295882,0.00688417319617773,-0.012759814676921,0.00452699732517625,-0.00673022480793356,0.00940140152576063,0.00319608770321733,0.00243258526548296,0.0259799758820596,0.0343759702155759,0.0267649408220463,0.00913089834294611,-0.00264759049626708,0.00473097040103365,-0.0126859708751244
48,"BHR","Bahrain",0.054559009043607,0.0566316938770479,0.0359855622446719,0.0142571324386498,0.0100633129911962,0.00831266441059442,0.0110282952268987,0.0125025766272253,0.0334143035010734,0.0584822289175835,0.0739315682546737,0.088316728427998,0.0783438353868229,0.0648359556584248,0.0549712653000238,0.0420340696661816,0.03306113156863,0.0165716787484509,0.0159036475014021,0.00762631983087103,-0.00130206848644946
50,"BGD","Bangladesh",0.0702139860446216,0.0686827968444372,0.0695117806765551,0.0678316905023604,0.063084698269857,0.0593217872374832,0.0627631798375505,0.0655871872764147,0.0653897572878135,0.0611974276859086,0.0583786338715473,0.0557551152269058,0.0575348770558939,0.0584002704894888,0.0560774923313798,0.0552564650216256,0.0566436316206347,0.0588603637011871,0.0584063659790803,0.0585255636306463,0.0616747896491663
52,"BRB","Barbados",-0.00422244533232648,0.00869845882583875,0.0323604725002045,0.0432728863404483,0.0624874852657082,0.0533340698435369,0.0457099393593694,0.0342040484795916,0.0239441266701401,0.0312331433485877,0.0371098794935749,0.0336398908346927,0.030760155768162,0.0236651134722787,0.0162051444329168,0.000879062193578584,-0.00663874780476439,-0.0108590511001682,-0.0232484418264186,-0.0358021648128666,-0.0396876989655658
112,"BLR","Belarus",-0.0279797911339576,-0.0444925644363633,-0.0602890683715185,-0.0543760312264194,-0.0352940055448337,-0.0174259137843355,-0.00560916724915615,0.0047815603474779,0.0115130285637906,0.018327535124903,0.0192141035101108,0.0185428406167012,0.0162691339859589,0.0119229922333779,0.00669481054857468,0.00406437481266742,-0.00127507645137735,-0.003770879496435,-0.00693791316613379,-0.00155406526164991,-0.000927380756733814
56,"BEL","Belgium",0.0121872895510338,0.00977336153180453,0.00814445555107302,0.00366642308715681,-0.00026680024966081,-0.00428809881536294,-0.0126438299774488,-0.0151750022495761,-0.0215711059777626,-0.0202954782760679,-0.0232189834810963,-0.0124462210979713,-0.0131309213438939,-0.0242515394126631,-0.022479697150567,-0.0238983845522284,-0.0217033856406454,-0.0209485989778974,-0.022077805198284,-0.0126896661704706,-0.00830956772096767
84,"BLZ","Belize",0.000957554301131314,-0.00448135478839447,0.0130453362391707,0.0180446433255677,0.0247404148660746,0.0237185478626782,0.0267893719635375,0.0176736890569209,0.0238154238161143,0.0189395876301839,0.0174911893395169,0.021602579291043,0.0329302823123729,0.0269853565080367,0.0236788566765531,0.0113973824707483,0.019492190816214,0.0231323634696863,0.0282639259782995,0.02455172869713,0.0344180466913557
204,"BEN","Benin",0.0818433185699534,0.0723530909218648,0.0704354901332138,0.0755356009023833,0.089151297904297,0.105091750182172,0.10935105067962,0.122578928826403,0.134319827214106,0.124894171955878,0.122933139800509,0.113579028392762,0.0975071864003598,0.0815776497100633,0.0682258704668728,0.0567234144195201,0.0422932388301109,0.0443881902571484,0.0554379377835397,0.0596339137664623,0.0625662643197678
60,"BMU","Bermuda",-8888,-8888,-8888,-8888,-8888,-8888,-8888,-8888,-8888,-8888,-8888,-8888,-8888,-8888,-8888,-8888,-8888,-8888,-8888,-8888,-8888
64,"BTN","Bhutan",0.14520771302002,0.133471962679775,0.116954226026112,0.105654955365395,0.0659053654950716,0.0273019131143195,0.0120069319512803,0.000154025529370161,0.0018958528235713,0.0102479870700731,0.0333478869903048,0.0600808104760886,0.0913234406045758,0.12282361267944,0.142063427321636,0.140613817313166,0.142858710480804,0.1379371507267,0.122433330142452,0.0996820577564543,0.0854210164422262
68,"BOL","Bolivia",0.071454612121701,0.0595289816686684,0.0296795219211654,0.0136788801185583,0.0102557047668559,0.0102973865382694,0.00969611064170017,0.0218730375503469,0.0279117372133051,0.0346859129067227,0.0388844047706558,0.0481755549977747,0.0417569844444912,0.0470305228910328,0.0510207998331074,0.0520093073475834,0.0517208142666892,0.0633455262945426,0.0593637291258733,0.0521963595571324,0.041435673883248
70,"BIH","Bosnia and Herzegovina",-9999,-9999,-9999,-9999,0.20221570922573,0.168935469155913,0.12193567961331,0.0765934737540028,0.0618945875734309,0.0611790506286407,0.0532661188611598,0.0583272337583927,0.0619872380792126,0.0580322958986872,0.0483171082616407,0.0321706368171983,0.0134454837051621,0.00705336575743565,-0.00125018990738431,-0.00393462749210126,-0.000620633403741858
72,"BWA","Botswana",0.0175818092640527,0.0257978681589928,0.0292318931630617,0.0335737462642371,0.0408027376607238,0.0431468618810107,0.0455920377069945,0.0380471818277699,0.0279110234242277,0.0281504889597761,0.0110936488593578,0.0129714294637766,0.00746838136669292,0.0167236347298187,0.0267450321821587,0.0440927988843429,0.0449987838489219,0.0521794218368083,0.0620987942709312,0.0718076845693572,0.0596108691963766
76,"BRA","Brazil",0.0503786666463326,0.0508490034589015,0.0495260891822749,0.0426807033134782,0.0338818739105584,0.026238416088231,0.0197626854881086,0.0155718994480918,0.014715273060286,0.0166850236927403,0.013951052091294,0.0201512473132477,0.0265091052517268,0.0326194782603157,0.0384757284204782,0.0453185921824459,0.0454451430571707,0.039429296902924,0.033070778486274,0.025264466596481,0.010804036968294
92,"VGB","British Virgin Islands",-8888,-8888,-8888,-8888,-8888,-8888,-8888,-8888,-8888,-8888,-8888,-8888,-8888,-8888,-8888,-8888,-8888,-8888,-8888,-8888,-8888
96,"BRN","Brunei Darussalam",-0.0431823154538467,-0.0114818533533295,-0.00745984457976207,-0.0114690341355388,-0.00498873601766113,0.000963587970129964,0.00308431833559331,0.00707044047805616,0.0457757486584653,0.0905101871945915,0.0957055426856057,0.10573106381337,0.118273564078966,0.112578671686681,0.0855118184382153,0.06606178809125,0.0261305778692926,-0.00616456085119152,-0.00420405342651598,0.00520380262632236,0.0243482189726452
100,"BGR","Bulgaria",-0.00780802187395249,-0.00919850184591804,-0.00894128521117275,-0.022459432393312,-0.01741026407176,-0.022154810811067,-0.0162568825086256,-0.00781794855049249,0.00440321571856006,0.0125692515953775,0.00418797464847764,-0.002739804939895,-0.000638202364708054,-0.00636477370298906,-0.0184946436603118,-0.0262820661959708,-0.022764064610148,-0.0230286051265561,-0.00836950440230579,-0.00404524703477043,-0.0152069085770527
854,"BFA","Burkina Faso",0.0476235543559691,0.0571868111917766,0.0625676955158905,0.0632212549123681,0.0621266385300825,0.0579837839117481,0.046197290528726,0.0457823741664225,0.0550002080238925,0.0651319830751662,0.0738250804617753,0.0879640043912036,0.0935355037668772,0.101924842572098,0.108545360246751,0.105149469463865,0.0978535107981242,0.0915554453464245,0.0933710784645485,0.085336529445037,0.072507344869964
108,"BDI","Burundi",0.0195383492683376,0.0189497029277745,0.00954921333986491,-0.00530309396007769,-0.0399281374578878,-0.052522680524852,-0.0827418426305057,-0.0864621479587083,-0.0656736564655609,-0.0359054012505957,-0.0257401307872575,0.0204147493527651,0.0547752151591072,0.0894462232759332,0.102256374833841,0.113539073965404,0.103577922006645,0.100109128760369,0.102629843178467,0.0987556720660743,0.0696163595820392
132,"CPV","Cabo Verde",0.0723053787894263,0.085265041438203,0.0951513941973836,0.108645744856521,0.118440132218955,0.121179936602063,0.131479619478407,0.14129350347084,0.140867549405753,0.124238711804144,0.110630330137421,0.0994650526279566,0.0880715440060247,0.0635879424097652,0.0390737845393831,0.0130145430628248,0.00231185498000253,0.000203364608186929,0.00488804827072897,0.0166444126595786,0.0308206728908185
116,"KHM","Cambodia",-9999,-9999,-9999,0.0600918174761107,0.0632416918792484,0.0630711646297846,0.0669628596368159,0.0682500449441481,0.0670237138545751,0.0784277074077031,0.0905367908596424,0.100953095106986,0.109624349781521,0.108353806676548,0.102156886705574,0.0959094856899039,0.102289758471969,0.111838272835155,0.127480350206994,0.140171316127728,0.163977164043891
120,"CMR","Cameroon",0.103268561818546,0.0747348331083049,0.0234406340573574,0.0116265548952148,0.00678029186652296,0.00211063695782787,-0.00114492948026341,0.0030530138740501,0.018161698672533,0.0283881781952737,0.0420297227529058,0.0541008801937644,0.0582171355202186,0.0517055752608702,0.0394408204110968,0.0381216732577054,0.0351247103375174,0.0286413976899706,0.0303617052066578,0.0295721445667323,0.030963601531883
124,"CAN","Canada",-9999,-9999,-9999,-9999,-9999,-9999,-9999,0.0142153254304371,0.0131038050040502,0.0102196819643368,0.00469722274173079,0.000560939887665812,-0.0044380660989266,-0.0149651176810393,-0.0190810263997531,-0.0162299842201062,-0.00946626310726741,-0.00252061368262935,0.00484421538097379,0.0112282549974776,0.0139947315230882
136,"CYM","Cayman Islands",-8888,-8888,-8888,-8888,-8888,-8888,-8888,-8888,-8888,-8888,-8888,-8888,-8888,-8888,-8888,-8888,-8888,-8888,-8888,-8888,-8888
140,"CAF","Central African Republic",0.0289659656915489,0.0272625997346494,0.0199302960516694,0.0139097766395073,0.005995953320866,0.000922385436522566,-0.00421654452151494,-0.00705115721652798,-0.00578856815603066,-0.00387560787848731,0.00109641859119169,0.00956669945784117,0.0153962030908521,0.0226990420103228,0.0235315470463351,0.0229615153514697,0.0204272645649606,0.0198734025027536,0.0144840241099951,0.00991315507202528,-0.000581751258732982
148,"TCD","Chad",0.0237722306975134,0.0244178757745501,0.0256453205331399,0.0295811903784513,0.0572897500642915,0.0790150856610592,0.0950263513333205,0.105516621683454,0.113264895490229,0.110571735097039,0.0992718380774438,0.0814761145306881,0.0625813711541789,0.0145153291068785,0.00195577610139996,0.00996395080900792,0.00965226904009087,0.0227263873779593,0.0368855082996762,0.0452805717850615,0.0481782182094108
152,"CHL","Chile",0.086174432975749,0.0893741007969888,0.074664537359012,0.0578289916368036,0.0395328818001643,0.0251109595359267,0.0135545851130394,0.00943073026137409,0.0169153148983365,0.023100060955606,0.0276488379164865,0.0326819984401612,0.0334631184184246,0.0336084260650042,0.0319112218864195,0.0269831875758275,0.0236812732907534,0.0216674752666817,0.0227372173966716,0.0222229371888736,0.0153782090076868
156,"CHN","China",0.0390806111124655,0.0319163145151085,0.0250754955394503,0.0226059626261441,0.0291144328845057,0.0421242547745735,0.0606591296222543,0.0810055661771325,0.0984757840605412,0.107520151889489,0.108696916536696,0.106039864286714,0.0985814343885516,0.0865662694738314,0.0754960550776005,0.0647305765649877,0.0532829661711951,0.0419195270164825,0.0316137040348845,0.0225597136176496,0.014868246432661
170,"COL","Colombia",0.00313514298649387,-0.00414671453653897,-0.01472910864595,-0.0211817212550669,-0.0197144294982625,-0.0164136018478988,-0.0104699279133666,-0.00537215213290901,0.00158931024392062,0.0168557731487302,0.0248210710864472,0.0340200924888083,0.0394986159419888,0.04326585111631,0.0511482877577178,0.0507748412391844,0.0470938738025437,0.0499613532679659,0.03933571168494,0.0317243513375822,0.0291917919685571
174,"COM","Comoros",0.0419872889290409,0.049043584890377,0.0537417801355677,0.0528075294404255,0.0640454278487419,0.0718946661624875,0.0729435397112823,0.0775753543644129,0.0500755351998727,0.028236778194406,0.0186061339607613,0.0236918754941866,0.013668407038631,0.00350336791943384,0.0169386591278835,0.0250006130920655,0.0355070500800088,0.0640306185493147,0.0681797421631378,0.0670738043767145,0.0621700869346145
184,"COK","Cook Islands",-8888,-8888,-8888,-8888,-8888,-8888,-8888,-8888,-8888,-8888,-8888,-8888,-8888,-8888,-8888,-8888,-8888,-8888,-8888,-8888,-8888
188,"CRI","Costa Rica",0.0677611597887282,0.052769838810391,0.0411099186133714,0.0369646449701559,0.0317609426279455,0.0420394507412587,0.0425388899556354,0.0406486107346535,0.0435269835279639,0.0453824632446904,0.0427207214980099,0.0333946503315965,0.0219639605912925,0.0135570253808799,0.00919175477730527,0.00660033425963347,-0.00112669624252585,-0.00356192100142303,0.00416739631159735,0.0151156281399409,0.0286389640648819
384,"CIV","Cote d'Ivoire",0.0646380908358639,0.0667058264761713,0.0653524411806852,0.0476851288083591,0.0225723872390036,0.00127245676819698,0.00132235032892658,0.00698765285095804,0.00944293652219597,0.00888214617121097,-0.00836281471431195,-0.0172492185741961,-0.00822222158563365,0.0150844173401237,0.0187224062797964,0.0385739573877273,0.0542312479356495,0.0740966460286097,0.0856737998606942,0.0915060577737792,0.0790838645227951
191,"HRV","Croatia",-9999,-9999,-9999,-9999,-9999,0.0303558988993702,0.0288993232519121,0.0243242899795233,0.0259256178781793,0.0245013210139597,0.0159445993977405,0.00301035088959978,-0.00438960710898139,-0.0116902503872428,-0.0108327114894858,-0.00487247639816408,-0.00184803825732691,-0.0100250766961431,-0.00956018859914229,-0.0130157353813363,-0.0092828947468181
192,"CUB","Cuba",-0.00525870332698046,0.00636426157259162,0.0224389907885245,0.0205206485890859,0.0109485665086448,-0.000414588894837052,2.78967254867535e-05,0.00474474114890389,0.00387749674430249,0.00525370724169649,0.00760423447957259,0.0207586355773899,0.021272016082913,0.0228342637341221,0.0181013045051774,0.00991260908318758,0.00614366422746815,0.000156379223093639,-0.0213050179266524,-0.0355034874263553,-0.0437508950307637
531,"CUW","Curacao",-8888,-8888,-8888,-8888,-8888,-8888,-8888,-8888,-8888,-8888,-8888,-8888,-8888,-8888,-8888,-8888,-8888,-8888,-8888,-8888,-8888
196,"CYP","Cyprus",0.032884024305271,0.0297937194719744,0.0234981016649414,0.0198510183694851,0.0222710750229831,0.0266741343604897,0.0211778159013407,0.0221827672338082,0.0214493930917952,0.0235715964254244,0.0198577373215365,0.0154860990264187,0.00763590483543775,-0.00267368533960402,-0.00820470879480697,-0.012394334221947,-0.0110294172344776,-0.00856629114752991,-0.00518122309375468,-0.00340100757587608,-0.00145577513626139
203,"CZE","Czech Republic",-0.047851977833311,-0.0359271119165344,-0.0218940169716967,-0.0163875637291553,-0.00906142984562076,-0.00945265480869205,-0.00777883977896562,-0.00330264599694849,0.00165670517551275,0.000933031354391156,-0.0144161962495999,-0.0152423704446194,-0.0176231377086606,-0.0264627829040419,-0.0300642082724628,-0.0400761157756431,-0.0416548660924071,-0.0343343642551478,-0.0244071514839321,-0.0191433157791053,-0.0207035579828402
180,"COD","Dem. Rep. Congo",-0.0158973483838121,-0.018915198519719,-0.0193263306461049,-0.0160763615932054,-0.004853176509653,-0.0059194313205239,-0.00561854917672466,-0.00346557891902602,0.0139372153709512,0.0418055373770461,0.0521698470377834,0.0499313723819079,0.048421277989362,0.0365247341955448,0.0501122210013372,0.0679260332789322,0.0573570204464156,0.0303806612520587,0.0181591995668595,0.0194981079526884,0.00733017762862542
208,"DNK","Denmark",0.011615530514308,-0.0055222677157831,-0.0111317499578751,-0.0294740192572128,-0.0348057729569129,-0.041598108039112,-0.0589727175807822,-0.0263465391750696,-0.0191294625560653,-0.0165205778814004,-0.02120356043,-0.0268053780345754,-0.0346374468642241,-0.0443795677152127,-0.0353298493163791,-0.0470206209523633,-0.0702901828472978,-0.0802650452937229,-0.0908405808799604,-0.0912886078915543,-0.091551316596273
262,"DJI","Djibouti",-9999,0.00600406858875258,0.00962592525772021,0.0168702450975196,0.0249684494206159,0.0270563926509919,0.0275053368848877,0.0254326064333559,0.0304566166705154,0.0346359146944195,0.0296252624765398,0.0323928779987557,0.0259133469015074,0.0229674057410636,0.0295968297551583,0.00847881077651347,-0.000489391596949851,-0.0244881313673067,-0.0434404845643117,-0.0441188926828026,-0.0487079552374561
212,"DMA","Dominica",0.0716732977713472,0.0745947988354467,0.0689255516521492,0.0483762895303412,0.0465936969677585,0.0543350605496269,0.0647127617527603,0.0690373261698969,0.0830791218819624,0.0606702358730595,0.0476477935076289,0.0433666630046401,0.0309224790984872,0.012858639096277,0.000429409547378912,-0.000841284273989928,-0.00325061278533822,-0.0061057813114382,-0.00127773478766457,-0.000757669809694351,-0.000730765031921499
214,"DOM","Dominican Republic",0.0911289879525994,0.0831836007259594,0.0714954197155258,0.0626176676066335,0.0503371130460128,0.0240275707940258,0.00997746945119315,0.00406151702225954,0.00203995164002291,0.000953734567226361,-0.00202516813574401,-3.87034035365017e-05,0.00347807294234426,0.0126199455010647,0.0208086307766819,0.0182096365286015,0.0178827073909145,0.0210475593501611,0.023494598164145,0.0260753425479539,0.0264372549841227
218,"ECU","Ecuador",0.0243715841892329,0.013722297777965,0.00507607140886646,0.0147143784753279,0.0345500520115058,0.0214139448529715,0.0345212567101709,0.0479472001651648,0.0501871088036565,0.0501211414742038,0.0490742609204136,0.0432824395184204,0.0420336737403753,0.0362774615496499,0.0347449351913931,0.0393371331143733,0.0389037424563334,0.0311441373313592,0.029205370112148,0.0206502270945212,0.0133174890862402
818,"EGY","Egypt",0.0576613124170602,0.0639470857876254,0.0586874873654402,0.0502774175939655,0.0542864295247876,0.0481856858463969,0.0487822260631412,0.0455256746421386,0.0459363731618931,0.0509113760504682,0.0535808372473907,0.0584556912294143,0.054997448516239,0.0446367577770213,0.0371340623477585,0.030260526988942,0.024291317092451,0.0218834613905246,0.0236285294365195,0.024982297497397,0.0252409249420715
222,"SLV","El Salvador",0.0857364341530709,0.0659145658944604,0.0549620907977835,0.0417217084006818,0.0352153497639738,0.030922236332362,0.0293131705843417,0.020976678472872,0.02278048344286,0.021438391046839,0.0166358255940233,0.010792300541542,0.00779754762976248,0.00582769676485539,0.00397332592648647,0.000632054459925868,0.000999304174436055,0.00460336299200326,0.00435801098103794,0.0107099966682913,0.0203716117924055
226,"GNQ","Equatorial Guinea",0.667228180182752,0.605303493374275,0.53552100432078,0.396080777918532,0.217379778089629,0.22774087209665,0.22405310988063,0.19898394062109,0.17246849463705,0.146802595676258,0.106837435292302,0.0583389797134553,0.047606511885782,0.0269252997007299,0.00866819742836888,-0.00219295228013536,-0.0105770082575778,-0.0136097454407236,-0.0222315696180579,-0.0138543778983562,-0.0134531695993233
232,"ERI","Eritrea",-9999,-9999,-0.0212442134606944,-0.0404431249046739,-0.0360790375612331,-0.0238365645394159,-0.00107729094339259,0.00195914772819217,0.00407587343847671,-0.0224964585839378,-0.023694905333682,-0.0339694588950597,-0.033175467129247,-0.0267369266249873,-0.0119107899519755,0.00644858154985672,0.0348012025451572,0.042916797993235,0.053319508514033,0.0434875364166234,0.0403096666566605
233,"EST","Estonia",-9999,-9999,-9999,-9999,-9999,-0.0162476067330028,-0.00594531976576354,0.00264893766553542,0.0170623839710815,0.0210765283855809,0.0109355896507262,0.0120394145259204,0.0150117692142571,0.00962410226504051,0.0160696062521943,0.0197484135312127,0.0160677855762785,0.0121882335084489,0.0146146974705617,0.0164119075788012,-0.00764607813183137
748,"SWZ","Eswatini",0.0376792023973369,0.0496485272921632,0.0461916848634392,0.036229154302631,0.00805166462984186,0.00423017798116243,0.000650063000607437,-0.0394250323210103,-0.0377615326312936,-0.0315870458099429,-0.0133047192363166,-0.00330650764108216,-8.91029807161373e-05,0.0112783146256743,0.0307164431960691,0.0152879110334736,0.00620355223329971,0.00796406606954503,-0.000226979081002647,-0.00886466252635935,-0.0195796302442145
231,"ETH","Ethiopia",0.00697521364525278,0.020462438091877,0.0433490720335388,0.0635448934772884,0.0845594922988009,0.0824267480690699,0.0765441891294931,0.0744646092861352,0.0732234937258964,0.073077802001376,0.0631451196483357,0.0506534500538838,0.0541959938709013,0.0584631699125395,0.070538681563364,0.091573981400302,0.102028754649439,0.112874007575144,0.123036726754554,0.129376518548119,0.123399628855059
234,"FRO","Faeroe Islands",-8888,-8888,-8888,-8888,-8888,-8888,-8888,-8888,-8888,-8888,-8888,-8888,-8888,-8888,-8888,-8888,-8888,-8888,-8888,-8888,-8888
238,"FLK","Falkland Islands",-8888,-8888,-8888,-8888,-8888,-8888,-8888,-8888,-8888,-8888,-8888,-8888,-8888,-8888,-8888,-8888,-8888,-8888,-8888,-8888,-8888
242,"FJI","Fiji",0.00775477554757975,0.016727760367047,0.025384877418315,0.0260955946549313,0.033973249710616,0.0522465270784485,0.052560396153472,0.0595265152626154,0.0561801974400358,0.0312692720855923,-0.000408440493519365,-0.0029495120632337,-0.002648989337535,-0.0161797019424171,-0.00666335731882249,0.0290056960222873,0.06383349942507,0.0953563703681111,0.113673075075915,0.108159985480799,0.102548688788811
246,"FIN","Finland",0.0165401672955685,0.0104074787131501,0.0109397157003073,0.00713041090992417,0.0102603112116317,0.0171811308654453,0.00642530256829787,0.0142078144716935,0.0178893067679184,0.0118801055624638,0.000655046964263217,-0.00596605013385775,-0.0176106762718538,-0.0334070163140298,-0.0302085932910338,-0.0202599726380196,-0.0347735711007383,-0.0254243167426096,-0.041577093087512,-0.0494752929423899,-0.058725186271371
250,"FRA","France",-0.00171919391503827,-0.000298206532521439,0.00607231160380595,0.00864948842593782,0.0103372475651251,0.00764178482187372,0.00618394112645704,0.00624008363362649,0.00167432234454723,0.000543067028338395,-0.00465592309574529,-0.013188257358278,-0.0210700179572329,-0.0275394890234173,-0.0302681754099274,-0.0372200761178046,-0.0362840225439339,-0.0345031013188875,-0.0288602145742872,-0.0246892774207948,-0.0244264856992897
258,"PYF","French Polynesia",-8888,-8888,-8888,-8888,-8888,-8888,-8888,-8888,-8888,-8888,-8888,-8888,-8888,-8888,-8888,-8888,-8888,-8888,-8888,-8888,-8888
266,"GAB","Gabon",0.0219643766705386,0.036661655555724,0.0374402937162011,0.0342010704894449,0.0357953270030764,0.0222195760474895,0.0108462388769948,-0.000375372524586881,-0.0228865965650859,-0.0372394347361911,-0.0508105215090608,-0.0486090872747007,-0.0377969231383539,-0.0269321741067123,-0.00475975201403139,0.0103741159181736,0.0241955539964676,0.0303866500495122,0.0224497600004445,0.0149649242971028,-0.000398155343743484
270,"GMB","Gambia",0.0318401794318917,0.0382109850849155,0.0454850081314491,0.0475245300189393,0.0482857969692814,0.0486027721920554,0.0463731086225248,0.044442357016796,0.0378422910268013,0.0332391393424685,0.0338459934697743,0.0374689774059167,0.0440748426832478,0.0460951881167952,0.0402709216851951,0.0446312277798375,0.045346272943924,0.0462040226540901,0.0427809402599539,0.047731312449163,0.0486873309801146
268,"GEO","Georgia",-0.0590755918593786,-0.0593194254293408,-0.0735347134159188,-0.0519056835021228,0.00110524750455654,0.0276122016551514,0.0109299315774563,0.0246708019348154,0.0416112615357707,0.0521871527148079,0.0610964491933563,0.070804694188709,0.0748494247375182,0.0689873672215013,0.0590906984752662,0.054220484767564,0.0545508045761949,0.0597084137915957,0.063950472072571,0.0466708401296727,0.035398869028054
276,"DEU","Germany",-0.0326091085625937,-0.0216615591723935,-0.0124658785504077,-0.0110319787819451,-0.0106828245620729,-0.0117664926482646,-0.0141975224951905,-0.00969782656545428,-0.0113563953831979,-0.0127236128815203,-0.0245241391430412,-0.0250113905436309,-0.024593641317491,-0.0229367804784994,-0.0172303749766998,-0.0156579102028703,-0.0133647080163295,-0.00845164220739647,-0.00613632569427054,-0.00600971566226782,-0.021691510835475
288,"GHA","Ghana",0.0606304014842904,0.0550831857021443,0.0561775387715784,0.0464423952288517,0.0394273669178455,0.034199124703518,0.0232225022103678,0.0302895202904203,0.0418709919862463,0.0432069617968756,0.0326113718309466,0.0322668790082199,0.0429899391948738,0.064058010879207,0.0772441509685744,0.0817856087827122,0.078471631079883,0.0877002488802254,0.0824774273215492,0.0803587556267167,0.058236436044385
300,"GRC","Greece",0.0176109916607368,0.0207905991508297,0.0234199998883002,0.0250823932792483,0.0246626279843167,0.0240259642672993,0.0221263390441182,0.0175457407427948,0.0135342955838715,0.0104060608148391,0.00324884375367929,-0.00305983267527332,-0.00568706839843943,-0.00654686690678786,-0.0077348362572453,-0.00638170558844528,-0.00272432054666856,-0.00234742177202256,-0.00428177540975665,-0.00818406085990621,-0.00884882627713542
304,"GRL","Greenland",-8888,-8888,-8888,-8888,-8888,-8888,-8888,-8888,-8888,-8888,-8888,-8888,-8888,-8888,-8888,-8888,-8888,-8888,-8888,-8888,-8888
308,"GRD","Grenada",0.0706191192779766,0.0678553962346584,0.0610650262523278,0.054571218039245,0.0463432604331493,0.039462420688658,0.0343442747705587,0.0302743723201899,0.0291915964836302,0.0300456874471606,0.0330456082463582,0.0332040826624855,0.0290616251741977,0.0292382279253676,0.035967537727573,0.0204753448378576,0.0125921361585786,0.00866070102097916,0.00791236194008071,0.010866387728975,0.014111871624614
320,"GTM","Guatemala",0.0667583900631514,0.0694713692202522,0.065867531767078,0.0689607389136346,0.0577188276694411,0.0570648368535944,0.0575854809676031,0.0483512928104657,0.0395126363714682,0.0285382584143976,0.0189741605273352,0.0109798441663822,0.00503135872196148,0.00338805623040073,0.00301027675631382,0.00896549247800937,0.0245257852262,0.0415692931166942,0.0573634065437656,0.0552865439452328,0.0574224108419883
831,"GGY","Guernsey",-8888,-8888,-8888,-8888,-8888,-8888,-8888,-8888,-8888,-8888,-8888,-8888,-8888,-8888,-8888,-8888,-8888,-8888,-8888,-8888,-8888
324,"GIN","Guinea",0.040824272680881,0.0441517199300492,0.0463760751243765,0.0473372582052902,0.0474514880955625,0.046276620580048,0.0436890705556925,0.0420765112656625,0.040173499218791,0.0378924623014503,0.0372174835039227,0.0437262364025819,0.0494471811715826,0.0476110680423145,0.0364527464152218,0.0263186422228892,0.0228046498860992,0.0242541947416057,0.0266371440493876,0.0343480216468548,0.0401548107123402
624,"GNB","Guinea-Bissau",0.0100656501976137,-0.00259453278938475,-0.00917866203642116,-0.012680464926926,-0.00839473698556671,-0.00214023110597224,0.00815549911569802,0.0192716504823369,0.0386443716927078,0.0453600202528752,0.0584205349277878,0.0508438142640888,0.0406532095847023,0.0280266179759214,0.025470000051218,0.0249712275408844,0.0259194878409088,0.0274085674538966,0.0296198571565016,0.0404110852576562,0.0484903748396954
328,"GUY","Guyana",0.0753079584498935,0.0721162092941765,0.0617377878205785,0.0403157097685767,0.0178779505836573,0.0134456620628816,0.000943866062596888,-0.0149783465228721,-0.0109519452905625,-0.00945302351066636,0.000398420633220598,0.00474328490378673,0.0097791159868108,0.012217041354416,0.0169384858975281,0.0259376315190534,0.0236584794216015,0.0227400137499361,0.027101285643466,0.0311760087389596,0.0377738908901772
332,"HTI","Haiti",0.0545148856103097,0.0903900378776488,0.130589916589447,0.168101180973153,0.17333855364143,0.0813370658230657,0.072462760158805,0.0640083052953586,0.0732835756235779,0.0693778686785755,0.0583645279429934,0.0387570478662402,0.0235555592721972,0.0177542103557446,0.00865119290983962,0.0156657327056389,0.0290849194222824,0.0388627591205029,0.0526199743874456,0.0641279246713147,0.0692097420368112
336,"VAT","Holy See",-8888,-8888,-8888,-8888,-8888,-8888,-8888,-8888,-8888,-8888,-8888,-8888,-8888,-8888,-8888,-8888,-8888,-8888,-8888,-8888,-8888
340,"HND","Honduras",0.086199730870185,0.0854540991818693,0.0835741420725384,0.0799653608703079,0.0769949863832373,0.0759174575483188,0.0793503696232292,0.0694797938409297,0.0677593749996763,0.0681337135921043,0.0562551548607302,0.0418409373026458,0.0353602911712734,0.0288756651393318,0.0265982318635605,0.0264698928825005,0.0310822592518452,0.0220196337183072,0.0258326117497556,0.0297518665443537,0.0332866572752619
344,"HKG","Hong Kong",0.0328496101085618,0.0331758872804653,0.0280193842586129,0.0318104288677474,0.0422412822424998,0.0401105630821592,0.0376894988586878,0.0231890077977555,0.0101541169169934,0.00812540918951776,0.00961516477620061,0.00571004511519657,0.00153958393014131,-0.00200187919517195,0.00167604966948387,0.00381533698302561,0.00445823969328685,0.00381059092174119,0.00437248379542576,0.00436407935171212,-0.000302302467159303
348,"HUN","Hungary",-9999,-0.0175612603607198,-0.0149104373954113,-0.021314994165493,-0.0161710559570622,-0.0179527281093692,-0.0139564910402771,-0.00698895103135877,-0.00264967153122011,-0.00288773938555043,-0.00925278076686177,-0.0156125328931938,-0.0206594999157241,-0.0286237486725198,-0.027796007007303,-0.0370432164319692,-0.038014452073982,-0.0338990311412579,-0.0211623108534619,-0.00502045625318148,0.000679720176788745
352,"ISL","Iceland",-9999,-9999,-9999,-9999,-9999,0.0298460326995931,0.025212728638462,0.0266600681338169,0.0267414594005164,0.030463975468094,0.0306413926189222,0.0292237372977069,0.0249080654889429,0.0224237205882227,0.0180303782529772,0.0118804545121101,0.00452294888450799,-0.00117412255839976,-0.00190277292076545,0.00186742515999794,0.00138559148177841
356,"IND","India",0.0546088924529655,0.0520902270581267,0.047497906733414,0.042294287965071,0.0370491660509373,0.0341841208525806,0.0335080009673872,0.0364267337197863,0.040590999340699,0.0462532942941103,0.0557513106636038,0.0616565494868089,0.0651439270615983,0.0674672851568203,0.0656154302263841,0.0657247508994079,0.0637748325315677,0.0595299215764145,0.0543594393795279,0.0513617742543797,0.0491656485605239
360,"IDN","Indonesia",0.0478397508599795,0.0356647687752782,0.0330145147171306,0.0341324383702672,0.0373242141409269,0.0403566318507531,0.0399234265465691,0.0435334324507695,0.0546186127367017,0.0497432716454163,0.0497567377395434,0.0457745260484046,0.051891416894748,0.0557895753727007,0.0415373847220808,0.0292135346093334,0.0262948641854435,0.02611233807018,0.0226171044654024,0.0264322303602167,0.0343436764077067
364,"IRN","Iran",0.0533645275716239,0.057151393400428,0.0620342509325473,0.0615971918872227,0.0589049043053682,0.0610818082416593,0.0615261403677718,0.060705973391737,0.0516765946193818,0.0457189898962875,0.0482877716236574,0.0470044830606373,0.0453543783515618,0.0413073847359937,0.0354186409263211,0.0328461370289794,0.0294116521802019,0.0279223276462164,0.0279845693131375,0.0303391278991789,0.0330736216959797
368,"IRQ","Iraq",0.0521028158303647,0.0394209665585719,0.0317297975842239,0.0321691098414145,0.0335469141141249,0.0426729836041624,0.0504108960949632,0.0411716481361617,0.00399021730410998,-0.00348867855872312,-0.00549678102668986,-0.00228028858709199,0.0142906211785432,0.035201247585535,0.0566325346330094,0.0807621998297285,0.101527560725665,0.115374096090995,0.0895556585358526,0.0807783993825635,0.0730664518245292
372,"IRL","Ireland",0.0284386990955519,0.0341096335132818,0.0397814375656129,0.0392343608022587,0.0339733568001372,0.0286949959479548,0.0213483106875125,0.0139418233193511,0.00932177436663562,0.00390375947597565,-0.00343807861148776,-0.0112394249159186,-0.0169919471627078,-0.019437791029342,-0.0270513183838237,-0.0345327973598967,-0.028661017062066,-0.0249207229769512,-0.0173931918196742,-0.00869533126731514,-0.00469567300909851
833,"IMN","Isle of Man",-8888,-8888,-8888,-8888,-8888,-8888,-8888,-8888,-8888,-8888,-8888,-8888,-8888,-8888,-8888,-8888,-8888,-8888,-8888,-8888,-8888
376,"ISR","Israel",-9999,-9999,-9999,-9999,-9999,0.0231193508029628,0.0151509933466378,0.0125934854596017,0.0117198406503132,0.0147262522646152,0.0103733847046756,0.0133203700318754,0.0184396096156445,0.0227346851020196,0.02029400709545,0.0124665075265669,0.00449922400857283,-0.000618776011539241,-0.00497095179970411,-0.00488546490571971,-0.00879852338773965
380,"ITA","Italy",0.00575494635380047,0.00764969784563219,0.00953541745166264,0.010301329656474,0.0110407830966257,0.00996487035866722,0.0111553241446978,0.00981128541590914,0.00733389489679204,0.00340620395037949,-0.00379927445222874,-0.00738817331316701,-0.0136189873126229,-0.0150087842146517,-0.0114111622399737,-0.00605906891331112,-0.00354986517536493,-0.00479798525136077,-0.0108092071202652,-0.0180995020177198,-0.0221828318642254
388,"JAM","Jamaica",0.0375999427955769,0.0372014367512397,0.0358553208918702,0.0281262165529237,0.0222086470721687,0.0139379812086375,0.00968015000520861,0.0134214200380374,0.0130586083049127,0.00986674111580998,-0.00351285035813859,-0.00935959584584923,-0.0102381648220238,-0.011034022477518,-0.00540349567542869,-0.00779888617425077,-0.00982764438479627,-0.00776449798037053,-0.00929663824963596,0.000606293765571753,0.00230184960596969
392,"JPN","Japan",0.00984539133142781,0.00959532202345836,0.00776432211405931,0.00693116237182112,0.00482292214247071,0.00606404193014898,0.00615872982945653,0.006746548605014,0.00737391165970469,0.00315052575267027,-0.00219575637717778,-0.00361315895379374,-0.00578561875608783,-0.00513991971095378,-0.00269181062809744,-0.000997631728623553,-0.00204490470556187,-0.00327448817305155,-0.00283326925491189,-0.0041777260712509,-0.0196928520565093
832,"JEY","Jersey",-8888,-8888,-8888,-8888,-8888,-8888,-8888,-8888,-8888,-8888,-8888,-8888,-8888,-8888,-8888,-8888,-8888,-8888,-8888,-8888,-8888
400,"JOR","Jordan",0.0415350833104962,0.0394017467865426,0.0302808247527768,0.0315822275094058,0.0288774766493318,0.0353950131301315,0.042410921743355,0.0472753409706566,0.0507583958438453,0.0480501573932572,0.0423154103119074,0.0343960141824748,0.0262114263290489,0.024171760681299,0.0196456832808065,0.022482925332884,0.0259460873849133,0.0242030222885219,0.0267567582445256,0.0119996118906611,0.000641926069840038
398,"KAZ","Kazakhstan",-0.0198663885296031,-0.0386108851553697,-0.0468710453619122,-0.0383987959417565,-0.0193848931643683,0.0116644403571384,0.0369765341993704,0.0559141797705893,0.0722012214936136,0.0819890298951031,0.0735771537119116,0.06871274611874,0.0650231443730975,0.0522618682090743,0.0390734598169118,0.0266915397178706,0.011225333426691,0.00270207233744313,0.00353290480536472,0.00964246410909841,0.00649405541056813
404,"KEN","Kenya",0.0858489223158274,0.0925474278830771,0.0712866578892337,0.0421510223233657,0.00944477432423763,-0.0175906926415519,-0.0369235437889952,-0.0232349690061888,-0.0223407856202642,-0.00146045145608107,0.0248532518688847,0.050497743957757,0.0717827413415284,0.0730344162700245,0.0608241893601822,0.053052159293244,0.0548670824492259,0.0591239791316605,0.0540987926695298,0.0472271357715823,0.0474758135860016
296,"KIR","Kiribati",0.0322048209448893,0.0279618046753394,0.0124561382969777,0.0211801567733085,0.038373986185001,0.055167553806873,0.0781204488767417,0.0993627337127541,0.10314132079811,0.104712240781946,0.0848193352103122,0.0692943707538258,0.0351736587655374,0.011818166632857,-0.0103825942346637,-0.0285876893366912,-0.016356317521072,0.00320841607244904,0.0108798873353562,0.0265521263418265,0.0487767734198994
689,"XKX","Kosovo",-8888,-8888,-8888,-8888,-8888,-8888,-8888,-8888,-8888,-8888,-8888,-8888,-8888,-8888,-8888,-8888,-8888,-8888,-8888,-8888,-8888
414,"KWT","Kuwait",-9999,-9999,0.0393071070635691,0.0120936299485113,0.0121999293078345,0.0210302049035389,0.0334247434305834,0.0383046499995496,0.0459524095881565,0.0495750722878752,0.0524909737755281,0.0513901815175393,0.0470408457945484,0.0459278303291557,0.0385226942534744,0.026845366355458,0.0224001770847739,0.0199087857473066,0.0166499024156141,0.0156142863918738,0.0153506335373004
417,"KGZ","Kyrgyzstan",-0.0203223093870546,-0.0323231770361109,-0.0667774021308311,-0.0596627512876256,-0.0262410462428619,-0.000235718057461867,-0.00332792902204747,0.00581416819251035,0.0242452336746473,0.0532767407707158,0.0572702472297704,0.0524758936134326,0.0415165648010818,0.0541602690339964,0.0622419977078705,0.0709041868456735,0.0701737925693655,0.056394529931042,0.0455295164748015,0.0531347368214856,0.0448420815483381
418,"LAO","Laos",0.0591126643286934,0.0613235114982156,0.0656741820548106,0.0721747973168154,0.0753728366961113,0.0749485472667544,0.0721220953067447,0.084210088440928,0.0913584269881897,0.0989871369102298,0.110174711291043,0.122180015510047,0.13004330730474,0.13402462577193,0.140964336464513,0.137102416251804,0.165099326195376,0.218381512330263,0.2604916018107,0.2826307030119,0.312703297932664
428,"LVA","Latvia",-9999,-9999,-9999,-9999,-9999,-0.0399631325048193,-0.0206529571120749,-0.00056150896562347,0.0133165427082869,0.0217955186973018,0.0173410955714659,0.0155427485438706,0.0105674921112173,0.00166561699876078,-0.00373032926633184,-0.0118549478783052,-0.0191033040894444,-0.0228811046965614,-0.0283956376589765,-0.0264014614335991,-0.0211838946478784
422,"LBN","Lebanon",0.091611208779262,0.0799186707911894,0.0654896726658705,0.0542047830714341,0.048495585366779,0.0365187047986484,0.0242585667435191,0.00436698493214394,-0.0116752443983013,-0.0045925600652247,0.00981662005351547,0.0149763195381789,0.0217530591742112,0.0306798005479423,0.0443290421359674,0.055521479815055,0.0640068123401611,0.0606042665374154,0.047384338090358,0.0223574157537758,0.00944899616716288
426,"LSO","Lesotho",0.02369288792091,0.0210152693697487,0.0183734828848678,0.0166845581106554,0.0157006168697127,0.0156904368931972,0.0156228850869329,0.0156157126575895,0.0159475520304371,0.0168101115973094,0.0187086075425706,0.0208116818615034,0.0223345624815312,0.0239301922432673,0.0244505437771667,0.0241420003813759,0.0197568825523724,0.0150089111946035,0.0138633126676118,0.0133721319174576,0.0099149204493183
430,"LBR","Liberia",-9999,-9999,-9999,-9999,-9999,-9999,-9999,-9999,-9999,-9999,0.032785115417622,0.0391732138313314,0.0488206013257877,0.055781247371911,0.0524624312613478,0.0690548227247054,0.0895250255836122,0.11130160156957,0.113133410253569,0.100984015309619,0.069527329779121
434,"LBY","Libya",-9999,-9999,-9999,-9999,-9999,-9999,-9999,-9999,-9999,0.00672438559710309,0.00585827314839626,0.0107817235958956,-0.00427120541305015,-0.00569521458705017,-0.00425215326195719,-0.00194794261180078,-0.00317429994383928,-0.00393030956432984,-0.00364624388890936,-0.00184963229478824,-0.00295890244319695
438,"LIE","Liechtenstein",-8888,-8888,-8888,-8888,-8888,-8888,-8888,-8888,-8888,-8888,-8888,-8888,-8888,-8888,-8888,-8888,-8888,-8888,-8888,-8888,-8888
440,"LTU","Lithuania",-9999,-9999,-9999,-9999,-9999,-0.0446858159810389,-0.0313246589733268,-0.013154985000169,0.00645397769215661,0.0269298917422676,0.0229844993777946,0.0113902799082806,0.0108090287807903,0.00896715926938829,-0.000280817204117684,-0.00444375257036137,-0.00528158358691193,-0.00913019273849128,-0.00136611634522217,0.0101128230582479,0.00787188669729022
442,"LUX","Luxembourg",-0.0830106535920522,-0.0828957205786541,-0.0553343291175563,-0.0226276418934797,0.00337901934939655,0.0299104077996744,0.0431339794951593,0.0517815843626876,0.0509477896155968,0.040642258619016,0.0256988743454181,0.0154276612550255,0.00501168924249451,-0.00481736924989536,-0.0243100305732831,-0.0312755270377089,-0.0359730261742536,-0.0407570939961258,-0.0428922089800775,-0.03635871152089,-0.0308365156898198
446,"MAC","Macao",0.0536406374510101,0.0522606246453958,0.051404024864953,0.0392727343815016,0.0297111299335748,0.0280158723930253,0.0237361878453155,0.0172002903932773,0.00408004615099733,-0.0165722958813244,-0.0052363182289786,-0.0193479292671333,-0.0251641896750117,-0.0473511942973672,-0.073275251480671,-0.0521949474170703,-0.0019140141383848,0.016460591445707,0.0285129903697612,0.0315183386069506,0.0795118885704147
450,"MDG","Madagascar",0.08110901301927,0.0824244740248272,0.0763787496891231,0.0426186500016799,0.0255990350870494,0.0199596052896653,0.0106723001184914,-0.00109423965311599,-0.000541529673415959,0.00522491475551834,0.0107916822037522,0.0240448400291049,0.0432647476068975,0.0437133537223071,0.0630651295185884,0.077648878521261,0.0905083688523767,0.0891430059600888,0.0919442953799128,0.0914256355226601,0.0773139055459044
454,"MWI","Malawi",0.0248889380151969,0.0140983701238711,0.00111796501484407,-0.0059233785494227,-0.00325011269156961,-0.000635169475847951,0.00198415737545887,0.00570639762339131,0.012140685773262,0.022760430441455,0.0314931509341578,0.0310139782370549,0.0265158680860673,0.0236521392290274,0.0239133290112166,0.0155344934779154,0.0109155691678928,0.0147670344337769,0.0177501162504552,0.0274503969793309,0.0349662849128123
458,"MYS","Malaysia",0.0825874300238969,0.0681408866408941,0.0599854507054101,0.0502965233368309,0.0520619257944264,0.0534615257219517,0.0625935863377913,0.0652677057040256,0.0687919766227443,0.0671689974743446,0.0535332867008931,0.0470028739524753,0.0394007198367845,0.0310991264460614,0.032583466703344,0.0365849698271363,0.0358075655831112,0.0353405171777552,0.0314807536720692,0.032109147255589,0.0292802665955496
462,"MDV","Maldives",-9999,-9999,-9999,-9999,-9999,0.108364246240192,0.095864765672123,0.0964353904544111,0.0955452645469967,0.0810819603839503,0.0801631519888208,0.0777817337723783,0.070820435519718,0.079077764269837,0.0666768056022704,0.0746711427521409,0.066052355679477,0.0698868275782938,0.0697953896408112,0.0682534605529286,0.0640437309546209
466,"MLI","Mali",0.0648033937359289,0.0771796284508766,0.0837027948364244,0.085684209332316,0.0813812783216012,0.0730309628189469,0.0592337905689382,0.0493126692317698,0.0450567914492919,0.0637923232180893,0.0846968581832515,0.104067758497575,0.118451910393463,0.12611706002703,0.129624868293596,0.126858665737765,0.114489513709836,0.0983909815154678,0.081927586533119,0.0748937810178252,0.0677673532315572
470,"MLT","Malta",0.00229602880861424,-0.00446648107339112,-0.00409231272699803,-0.0137132927048493,0.0055995541540137,0.0148571319078994,0.0197635351707837,0.0185631523931902,0.0259730745427835,0.0197779685378159,0.0154712440211728,0.00561847534613125,0.00346409361782452,-0.00114432603886359,-0.0097865906472217,-0.0184998965804983,-0.0527616359262278,-0.102657132317488,-0.116345166908101,-0.0937424209059089,-0.0568992406687064
584,"MHL","Marshall Islands",0.0213340795449795,0.022243700083046,0.0250467681366411,0.0271960730551692,0.0290356348964587,0.0335716530744423,0.0355082313661916,0.0375654287612206,0.0374602571812137,0.0371321587020306,0.0315198454706105,0.0306328575407762,0.0297279215199537,0.0283712210939999,0.0230687710874293,0.0227363709922566,0.0181555672482949,0.0148382844615336,0.0132003024977225,0.0126584701960903,0.0310731448092079
478,"MRT","Mauritania",0.0309643875393508,0.0285037449512586,0.0269006486042502,0.0282630912332569,0.0290030079758903,0.0314755118744143,0.0356282855467978,0.043171966010225,0.0540465150372667,0.0604233926388689,0.0666942932177303,0.0661611115383012,0.0662314412401463,0.0698998135251725,0.0602267255052205,0.059040601837659,0.0612191886239823,0.0578038713359867,0.0713918913080309,0.0714247557440684,0.0722462768414407
480,"MUS","Mauritius",0.0505103025008447,0.0570995026699672,0.062279871719098,0.0682685964480265,0.0736873264019993,0.0660607450676158,0.062385982315359,0.0613438563156719,0.0551043666215145,0.0480436082377076,0.0407053019796833,0.0382882410921745,0.0355550838586041,0.0301917047949798,0.0263706085695505,0.0215868717320284,0.0172595020838688,0.0182283875632427,0.0204823204388058,0.0222755147449967,0.0217819903525827
484,"MEX","Mexico",0.0257883497133882,0.0260971665493708,0.027153909557539,0.0258643421450786,0.0263152613004249,0.0261584875819032,0.0230834020774473,0.021739717325447,0.0229526352872407,0.0282945848717742,0.0274011565807153,0.0222769681124335,0.0182567225433179,0.0134301162702442,0.00985584604285417,0.00424092729975656,-0.000638759608810204,-0.0039198924607314,-0.008757131147588,-0.00718426282083221,-0.0105898361689896
583,"FSM","Micronesia",0.0327342405954012,0.0306381995923035,0.0341263014672362,0.0335986272380298,0.0339741296258613,0.0303212397717256,0.0186120265437382,0.00630873609970828,0.00213572687953922,-0.00899279082432322,-0.00800619884761969,-0.0222824915132639,-0.0243885674910927,-0.0202058639325,-0.00673392392513452,0.00868455824349779,0.01474042351297,0.018767655958658,0.0266801629022748,0.022700833615342,0.054481615416218
498,"MDA","Moldova",-9999,-9999,-9999,-9999,-9999,-0.104305266521386,-0.0678167177382134,-0.0211927950486509,0.00201973613121131,0.0311857623614842,0.0341116604705431,0.0232210581775483,0.0140337819269676,0.00377326233771513,-0.0015734386277085,-0.00951870991075099,-0.00984342828713587,-0.00520226019025165,0.000550324032952076,0.0198476077610628,0.0243841551970618
492,"MCO","Monaco",-8888,-8888,-8888,-8888,-8888,-8888,-8888,-8888,-8888,-8888,-8888,-8888,-8888,-8888,-8888,-8888,-8888,-8888,-8888,-8888,-8888
496,"MNG","Mongolia",-0.0616325759362029,-0.0825490052449187,-0.0529722090001255,-0.0133418411886265,0.0011173117255181,0.00691936800620407,0.0117448947234122,0.0223434144676604,0.0415047776493194,0.0551561361335675,0.0666946182662775,0.0738658378417729,0.102380918879953,0.151461690086857,0.193264767203257,0.191718287563275,0.157315869179524,0.123655838251571,0.113480727784302,0.0913617257521571,0.0814366270720384
499,"MNE","Montenegro",-9999,-9999,-9999,-9999,-9999,-9999,-9999,0.0307665818251885,0.0342909730157117,0.051493325423116,0.0111600996796051,0.00395097292897661,0.00384349472102752,0.0007818979969616,-0.000446673935860677,0.00196533804476462,0.00417587616104087,-0.0030617378188204,-0.0101189999547108,0.00424800691464422,-0.00706498424826272
504,"MAR","Morocco",0.0390386184074227,0.0352557488345366,0.0363837962432412,0.0360114064784405,0.0345844736120586,0.0408116544161941,0.0466514771883191,0.0505784205530897,0.0532670934437813,0.0544262398086213,0.0511920138901285,0.04830778550536,0.0468390967365355,0.0435950161033174,0.033450182064598,0.028549699002719,0.0250848474691066,0.0206196922854212,0.0198968858751893,0.0209825643581996,0.0233310217930529
508,"MOZ","Mozambique",0.017735058077385,0.0278887110889849,0.0524171188006377,0.0680566589685121,0.0943948732170174,0.114132473987731,0.123745140247191,0.124333279971451,0.122828541384791,0.103791314377418,0.0809706347376,0.0619466226137504,0.0622021547908298,0.0531487035568334,0.0645850535699408,0.109287110632804,0.122344932935379,0.139047074316182,0.150747618998191,0.148394730571493,0.136624700869867
104,"MMR","Myanmar",0.0908075630123164,0.0946953827626102,0.0755735065581618,0.0609955275295277,0.048071785389511,0.0523929882860259,0.0518323999130952,0.0533896543418182,0.0501145733880932,0.0310346426270058,0.0189509197633804,0.0276282671567181,0.0305513074034831,0.0180277508242082,0.0110184849043107,0.0277852136828629,0.0541133624052093,0.0876921876331525,0.111683716839068,0.108276622968688,0.114463295391957
516,"NAM","Namibia",0.0708226146741127,0.0506030475161561,0.041833816251704,0.0239075680095115,0.0168473741505515,0.0176441290788125,0.0264319252824168,0.0351824603322577,0.0430804835054659,0.0682909325072802,0.0746254770718144,0.0724076254788948,0.0702794355938943,0.065121242112375,0.0412158905153486,0.0373586909418691,0.0390009446551156,0.0375118648016874,0.0330501060782606,0.0459619294155451,0.0475377980143472
520,"NRU","Nauru",-9999,-9999,-9999,-9999,-9999,-9999,-9999,-9999,-9999,-9999,-9999,-9999,-9999,-9999,-0.0399791573572263,-0.00636745188122987,0.022367241032216,0.0188434026022528,0.0196213689662792,0.021160106896946,0.034297561352044
524,"NPL","Nepal",0.146533357159231,0.118294555608786,0.0994606525701209,0.0681756429434452,0.0450376428924493,0.0155696054249148,0.0116287433580557,-0.0041357448957471,-0.011382990697351,-0.0159368082883562,0.0144533428764815,0.0433557540840197,0.0760494261205067,0.0908507691822886,0.113743379493379,0.1285474030156,0.132080773713761,0.132898849458277,0.128097084348071,0.129563738221947,0.14480285244747
528,"NLD","Netherlands",0.0104266244792024,0.00766507532389649,0.00768221630937393,0.00628614632278968,0.00511868216831401,0.00384304241866018,0.00261558246424398,0.00328587795497515,0.00219173431414332,0.00109878390281182,-0.0029727504432374,-0.00214772160625327,-0.00543092127342304,-0.00897180056715737,-0.0113587489889499,-0.0140508314828797,-0.0153130720971655,-0.016118393547654,-0.0160931716011709,-0.0197902685200158,-0.0239000811399506
540,"NCL","New Caledonia",-8888,-8888,-8888,-8888,-8888,-8888,-8888,-8888,-8888,-8888,-8888,-8888,-8888,-8888,-8888,-8888,-8888,-8888,-8888,-8888,-8888
554,"NZL","New Zealand",0.0397099765315703,0.0394622846080011,0.0388826672691869,0.0348150139502119,0.0305287295529908,0.0243314731638513,0.0158549798132581,0.00784068628556112,0.00383472653522432,-0.00233039800492763,-0.00876538018202725,-0.014238984980298,-0.0146257826850438,-0.0052325833932002,-0.00156376403687406,0.00475865048346114,0.00887744583142958,0.00968498995448375,0.010798054835121,0.0115994663156098,0.0118493583589216
558,"NIC","Nicaragua",0.0677923584272109,0.0696234308443335,0.0647576329063646,0.0645916804615603,0.0598287718442927,0.054102225754709,0.0463564147975486,0.0378591480107922,0.0318441361326451,0.0244216798986958,0.0189469254891894,0.0134544712194979,0.0129515025835203,0.00807199450566376,0.00487777943779899,0.00514554166952785,0.0103761229275419,0.0177079728963931,0.0246022094202119,0.028043401650893,0.035634677951792
562,"NER","Niger",0.0288141275033216,0.0301206424566276,0.0231851444422571,0.0122384586808251,0.0152789540591167,0.0170485827485487,0.00743783075219517,0.00175379153700561,-0.00272694463368213,0.00433486735266042,0.0169938999533272,0.0381607198845972,0.0561699444559738,0.0884437410886574,0.121669126721268,0.151995468108122,0.155983682464635,0.143496846540959,0.116203221364193,0.0912028390259267,0.0676364448410289
566,"NGA","Nigeria",0.00811717362462194,0.00833687685233553,0.0117579591661336,0.0111385864900224,0.0165597872180596,0.00997683854781495,0.00687022075662602,0.00519925274344279,-0.00178537188753566,-0.012615564226935,-0.0435617328504846,-0.0149649330602744,0.0115333303405911,0.016002926050162,0.0295379401567311,0.0401342469091306,0.0446498722576323,0.0425829377587543,0.0374197903531135,0.0363374858174494,0.0191153952109022
570,"NIU","Niue",-8888,-8888,-8888,-8888,-8888,-8888,-8888,-8888,-8888,-8888,-8888,-8888,-8888,-8888,-8888,-8888,-8888,-8888,-8888,-8888,-8888
408,"PRK","North Korea",-8888,-8888,-8888,-8888,-8888,-8888,-8888,-8888,-8888,-8888,-8888,-8888,-8888,-8888,-8888,-8888,-8888,-8888,-8888,-8888,-8888
807,"MKD","North Macedonia",-0.00601817519519904,0.0141428316726988,0.0190617959487556,0.0162358795625919,0.00970478017201426,0.00258291636943708,-0.00377867686542943,-0.00576285186140245,-0.0316473582392671,-0.0342884894850414,-0.0517858881122548,-0.0597246553782245,-0.0499038619077999,-0.0541955103038959,-0.0595627986743496,-0.0628866170039701,-0.0640073839656165,-0.0611340673900087,-0.0540843585553913,-0.0509717609536518,-0.0376191445306783
578,"NOR","Norway",0.0219118450006792,0.0241512540500262,0.0260232981474653,0.0200446476576306,0.0260264653074842,0.024796397428434,0.0206640294744571,0.0146588350072054,0.0112188045858812,0.0198937525330072,0.0273856208539147,0.0253185350714336,0.0166932210459698,0.00479642326936003,0.00530944296220914,0.00191636168289233,-0.00425082923394673,-0.0228272986087702,-0.0284687629179392,-0.0111464572419036,0.00100197850518624
512,"OMN","Oman",0.0388953262913039,0.0464658467781736,0.0450532163129966,0.0496941101599102,0.0665070582298444,0.0686331852451465,0.0770122981250969,0.0906863752643758,0.100082563886899,0.0960168989938628,0.0908408075449703,0.0901879966678096,0.0846809894531335,0.0839096296978479,0.0922530675344251,0.0795869996978404,0.0664134059779622,0.0609819685309412,0.0613805888013259,0.0542301199398765,0.0403262018458499
586,"PAK","Pakistan",0.0488029992995269,0.048696364462183,0.0435842596614111,0.0398949793209922,0.0381730962288254,0.0419120780310722,0.0420705874334895,0.0472375677098837,0.0515892608805761,0.0528755993675145,0.0501198335256854,0.0453277722278118,0.0370583271994915,0.0279139383523666,0.0161130249157859,0.0091140926665354,0.00768594300139491,0.017280594046911,0.0358918371886265,0.0520003480021756,0.0626055269867545
585,"PLW","Palau",-9999,-9999,-9999,-9999,-9999,-9999,-9999,-9999,-9999,-9999,0.00070646480690062,-0.000672727266565349,-0.000386637148426185,-0.000478025150555162,-0.00117693060377403,-0.000911867458461703,-0.000768285757747182,-4.9065948421201e-05,0.0124962725484659,0.0139801422966277,0.0306589022887742
591,"PAN","Panama",0.0767406588320205,0.0648946600596731,0.0659348762712486,0.0661167014324173,0.0588565975691275,0.0486662038360337,0.0347954473813346,0.031941721117875,0.0241530136604633,0.0284401497258657,0.0345573656801366,0.0411584164401368,0.0608495629229893,0.0624323841668752,0.0694707594270718,0.0612185748944083,0.0565401930149396,0.0499164744639324,0.044339358655902,0.0317442488061839,0.0293313578683847
598,"PNG","Papua New Guinea",0.0358859824581483,0.0420537302839041,0.0521311027418805,0.0626668988228185,0.0731196084144554,0.0833685531607815,0.0833680601955535,0.0772730565428816,0.0880535504416726,0.0988749573619447,0.0772483171491281,0.0503501724493933,0.0329422344410557,0.0142607217314505,0.00299282992730188,0.00835392687954228,0.0126921568559246,0.018302908401286,0.0327345911093069,0.0378922026553654,0.056007291174125
600,"PRY","Paraguay",0.091376084868825,0.0680852506983418,0.0393489031742613,0.0201439083210302,0.00695584348567646,0.000334456024826624,-0.0014482792275798,-0.00494528294355379,-0.00275284281507758,0.00602096578908973,0.0192653412177759,0.0252077670921369,0.0305895768454665,0.0344965336275811,0.0383097155601042,0.0423063604942298,0.0437774829158788,0.0514269550097421,0.0602550804740578,0.0560355641589005,0.0497648388070637
604,"PER","Peru",0.0395201006206423,0.0385079319460584,0.0254633544609901,0.011963722892129,0.00386474677948634,0.00261923591528879,0.0055671705508249,0.00115307475434889,0.0131667809584111,0.0248249934141223,0.0434636802693043,0.0611782650331865,0.0651096392513204,0.067191060444878,0.0568564383185155,0.057311570231551,0.0552674016256105,0.0458751232162293,0.0417279348338944,0.0367659269115326,0.0340431940752055
608,"PHL","Philippines",0.0627453181140516,0.0576073269835198,0.0473239154706908,0.0383570656316168,0.0256302258199075,0.0172841738796308,0.0126462247220709,0.00181201936632447,0.00235754031372992,0.00546460759823342,0.00663426135138456,0.014609862442251,0.0197425841884664,0.0257471114818368,0.0332740972580923,0.0425347961105615,0.0539910626156603,0.0582519747882289,0.0644105143964953,0.0706872478914038,0.071616495785805
616,"POL","Poland",-0.0240038399710627,-0.0304691795991411,-0.0332495605865898,-0.0371413217239627,-0.0341181048544552,-0.0346010859924052,-0.0287481382086648,-0.0114928919585717,-0.000486644703857845,0.00394337787212562,0.00347278267203488,0.00391902865868654,0.00455632167671305,0.000419956083722806,-0.00171641682387859,-0.00892311189728225,-0.01788954094677,-0.0129852414609941,-0.00627851915581912,9.16129818082645e-05,-0.00338704828663071
620,"PRT","Portugal",0.0367438901842689,0.0374118141192907,0.035770976443118,0.0397709419425658,0.033564155091397,0.0270852437550786,0.0249546598583752,0.013053394417363,0.00111865629807717,-0.0128973949473966,-0.0199510368870283,-0.0368747564000624,-0.0502788522624827,-0.0380532046393932,-0.0279646965030853,-0.0155264135963163,-0.00620392163967323,-0.00351163152058106,-0.00191123745008602,-0.000924057999528322,0.00162633160103121
634,"QAT","Qatar",-9999,-9999,-9999,-9999,-9999,-9999,-9999,-9999,-9999,-9999,0.0530052318738772,0.0581000912434306,0.0702818370697205,0.0830161599913974,0.0821615518184051,0.0866516335854757,0.0816419419615608,0.0792666174747201,0.067025313318966,0.0444981946189029,0.0265930801848475
178,"COG","Republic of Congo",0.0629796792244892,0.0608801567393311,0.0536356008542413,0.0209769805017885,-0.000522351791061805,-0.014538565345209,-0.0241886909306172,-0.00742120549426249,0.00791717838122108,0.0100566554478725,0.0212880924921202,0.0407162451057268,0.0531331246365097,0.0360290675106978,0.0374708075918557,0.0300054884191014,0.0304113035510667,0.0354753565709218,0.0265513911256705,0.0202928599908321,0.00942449300992365
642,"ROU","Romania",-0.0374229969712038,-0.0483206156462457,-0.0530670281973158,-0.0438970405465629,-0.0309539133773391,-0.0249602070529106,-0.0181404775472988,-0.00132817648313768,0.00970431613331946,0.0104406943325892,-0.00504720879251124,-0.02603847982547,-0.0343128644966919,-0.0424601106573171,-0.055596245393214,-0.069077309446729,-0.0718532820671829,-0.0627350817496165,-0.0419932791040838,-0.0242884817826364,-0.0173311407976168
643,"RUS","Russia",-0.00167769227939043,-0.00502966112810929,-0.0071409280105846,-0.00711726576931579,-0.00170139024744644,0.00316020491875069,0.00812633321589384,0.0126695973423481,0.0127158764952016,0.0113397124611689,0.00640522704124047,0.0045091190826656,0.00535833435955912,0.00488466561938639,0.00377972622591383,0.00270558978628355,0.00174300643088632,0.0029391865208972,0.00327717897463864,0.00618403537927148,0.00348108832324812
646,"RWA","Rwanda",-0.000120154234797502,0.0103516322503632,0.0139227879260986,0.0173391869317581,0.0188396673188809,0.0171134575348377,0.012689805795371,0.00793766676528396,0.00669443907584144,0.00354438246420741,0.0053100236290573,0.00920690640466915,0.018726232776866,0.03134422365321,0.0434850815440004,0.0538561997609159,0.0659618253024894,0.0773615105513732,0.0846490055439832,0.0850252029848151,0.0797158328187044
652,"BLM","Saint Barthelemy",-8888,-8888,-8888,-8888,-8888,-8888,-8888,-8888,-8888,-8888,-8888,-8888,-8888,-8888,-8888,-8888,-8888,-8888,-8888,-8888,-8888
659,"KNA","Saint Kitts and Nevis",0.0494487123019061,0.0554458903013528,0.0566300768791204,0.0607139252726143,0.0591869099371702,0.0594961707422399,0.0523538181447503,0.0430322903212874,0.0379996543536125,0.0310696505761814,0.0261959028088947,0.021003764767284,0.0167569243899865,0.014434066996573,0.0118204300272358,0.0145380320111741,0.0120091728177358,0.00966480907190936,0.0118808465772058,0.0140565496160121,0.0183719856267408
662,"LCA","Saint Lucia",0.0951483954000654,0.0866994955666887,0.0713971707871142,0.0290254588456476,0.0223524715335541,0.017117723080996,0.0146735959626589,0.0190410678720638,0.00572993604522098,-0.00846838325606669,-0.0114409900043836,-0.00206751880981317,0.000222719033219576,-0.0155254491291696,-0.0128167967818318,0.000456508503185349,0.00633449892908389,0.0130690363571597,0.0088316421029071,0.0058259088647834,0.00842387693976177
670,"VCT","Saint Vincent and the Grenadines",0.0876666200719343,0.0759866766223263,0.0716442077170223,0.0599494283365927,0.0554883508742692,0.059920492448803,0.0611593441268421,0.0560893559991251,0.0552968170859154,0.0426246482521344,0.0569378481108664,0.0353308016373353,0.0170212050225305,0.0136992590328724,0.000433687091240031,0.00844982569313912,-0.000103940133723186,-0.000133937997695022,0.0110780822515406,0.00361116840710252,0.0268678748733706
882,"WSM","Samoa",0.0316562024494014,0.0332145567559974,0.0348435597670753,0.0344119422992586,0.0329817953692388,0.0287175082224522,0.0272501920645638,0.0268027252171561,0.0276997626020901,0.0287403214278481,0.030101267857741,0.0309342535936381,0.034642146788846,0.0332715723911519,0.0313785911300717,0.0280517572663177,0.0320442410678556,0.0352391478489795,0.0362420778298616,0.0372647828218253,0.0559871218287082
674,"SMR","San Marino",-9999,-9999,-9999,-9999,-9999,-9999,-9999,0.0190351945359384,0.0159330230183812,0.0117367929435142,0.00196039110427293,-0.00212224885048757,-0.00471636932500373,-0.00680137626037419,-0.00646048135164858,-0.00525063405828477,-0.00445673817530573,-0.00588752113880172,-0.00940971523331674,-0.0135097503578015,-0.0244688758402072
678,"STP","Sao Tome and Principe",-9999,-9999,-9999,-9999,-9999,-9999,-9999,-9999,-9999,-9999,-9999,0.067105100074244,0.0577377175233524,0.0547118969860931,0.0512947695394548,0.0484055792610953,0.0433528578462079,0.0429711964879458,0.0399573248882303,0.0293028435892739,0.0147767507316066
682,"SAU","Saudi Arabia",-0.0138627808770475,-0.0270111796200794,-0.00941006643800282,0.00965676412489946,0.0315731563772552,0.0628172175763648,0.073867075067841,0.0892170951519706,0.0801982932623908,0.0670260354328414,0.0539969597223149,0.0564365418131862,0.0513502652809499,0.0520051251279385,0.0442609258588254,0.0482881798900665,0.0512939610442005,0.0473038494319555,0.0347890349207798,0.02302118165206,0.0131021397703772
686,"SEN","Senegal",0.00606274998844913,0.0064474567028987,0.0140424448393917,0.022046374574106,0.0342418590129083,0.0514337622171841,0.0602614655481069,0.0552036503874356,0.0433717877004145,0.0288852890274638,0.0153499545665226,0.027584770956359,0.0423438982758484,0.0494041714572204,0.0602677934679714,0.0760526790512601,0.0959647349498096,0.0938068038528654,0.0845979637404675,0.0714684811035489,0.0483423617088155
688,"SRB","Serbia",-9999,-9999,-9999,-9999,-9999,0.0330883569335303,0.023224046219338,0.0305050959062707,0.0379528848499333,0.0462925635913485,0.0218729103031685,0.0086922721351661,0.00293459427762977,-0.00737837417968073,-0.0144256113256569,-0.0244625480270416,-0.0405916368803142,-0.024836640268575,-0.0134858938838159,-0.0027635536010674,0.00410381082460565
690,"SYC","Seychelles",0.138737533629254,0.158666996369876,0.177279381011586,0.167076891708837,0.146982035714958,0.137478055739199,0.105352456466642,0.0734373148738847,0.0464715084637799,0.0327145660962134,0.00921770641577613,-0.0211340913795688,-0.0740473410364277,-0.114566343179852,-0.173321483642465,-0.134195939643956,-0.0989026065192228,-0.0318887857274911,0.00459692566416114,0.0237118919450068,0.0281071976758946
694,"SLE","Sierra Leone",-0.00594337695240007,-0.00438159962858626,-0.0130028341985922,0.00525267316690226,0.0580487833066703,0.113105078210857,0.111359890801426,0.129879601739682,0.109834524602891,0.0907737724591597,0.0282746184493088,0.0173460711220812,0.0201914286078171,0.0398138451769183,0.0687697823836169,0.0944109132369935,0.0854402345985632,0.0894248973506697,0.076559898813241,0.0708199055464589,0.0566216375646991
702,"SGP","Singapore",0.0134367566542775,0.00703906615360417,0.0019147655848808,-0.00223506875880898,-0.000934472706040407,0.0101037155984247,-0.0135954906956446,-0.025819060097848,-0.00694065737322354,0.00444402935120713,0.0391633669586269,0.0430508384353123,0.0160964927477323,0.0132961296810625,0.0211015214496932,0.0258503469943194,0.0183940030423297,-0.00710818953614427,-0.0327235347167817,-0.0486439140868018,-0.0163670863874151
534,"SXM","Sint Maarten",-8888,-8888,-8888,-8888,-8888,-8888,-8888,-8888,-8888,-8888,-8888,-8888,-8888,-8888,-8888,-8888,-8888,-8888,-8888,-8888,-8888
703,"SVK","Slovakia",-9999,-9999,-0.0282053332127056,-0.0202102887521124,-0.0136303016531111,-0.012525318326659,-0.00699393406479681,-0.00254354391364531,-0.00260738030955037,-0.00139251657146401,-0.0101036088539464,-0.0226634954692522,-0.02678666671831,-0.0332450872066675,-0.0359749928674426,-0.0425642434688376,-0.0410315061333691,-0.0320653238486958,-0.0198472294743045,-0.00784627303217654,-0.0124583968200636
705,"SVN","Slovenia",-9999,-9999,-9999,-9999,-9999,0.0026799931602286,0.00319452416544763,0.00581205954485631,0.0104919103344909,0.0148478517421795,0.0109536819049869,0.00363659165524877,-0.00125358832391724,-0.00612626893680148,-0.0112868434794146,-0.0178193100457454,-0.0217176416238696,-0.0225122370415849,-0.0305367625268096,-0.0282778689718426,-0.0261140682734363
90,"SLB","Solomon Islands",0.0451533698292184,0.0412437686624461,0.0395526495773304,0.0370869283540338,0.0362205555297233,0.0384766311402278,0.0399087038483252,0.040432054465948,0.040901491083666,0.0415792763272591,0.039583068324724,0.0370871055508175,0.0354832756410972,0.0328505530077394,0.0328011545430216,0.0260263782579406,0.0123239805918292,-0.000633295802967382,-0.016056262418392,-0.029416621207237,-0.00654762693602119
706,"SOM","Somalia",-8888,-8888,-8888,-8888,-8888,-8888,-8888,-8888,-8888,-8888,-8888,-8888,-8888,-8888,-8888,-8888,-8888,-8888,-8888,-8888,-8888
710,"ZAF","South Africa",0.021983475792138,0.0253840570906154,0.0238603197402407,0.0143340642232992,0.0115445737804012,0.0146196100239342,0.0165400617451177,0.0204671839199391,0.0270591297694467,0.0323369742948052,0.0339727894383781,0.0318579615162593,0.0235588794574475,0.00951577546927695,0.000213257183007354,-0.00100253462621989,-0.0139994942136521,-0.0204808747627885,-0.0184335176974824,-0.0143585264774246,-0.0069171880637455
410,"KOR","South Korea",0.05570213622488,0.0512541211802549,0.0438651409781721,0.0362173914887951,0.0311562572595043,0.0277980091731613,0.023933365322431,0.0224650434764517,0.0264565488686932,0.0196096336327034,0.014376020618027,0.0196816109528244,0.0249109601221027,0.0292426417892397,0.0311653947967852,0.0325330313419692,0.0294461754518114,0.0262477213829613,0.0232724616731403,0.0201029023224177,0.0122010583591805
728,"SSD","South Sudan",-8888,-8888,-8888,-8888,-8888,-8888,-8888,-8888,-8888,-8888,-8888,-8888,-8888,-8888,-8888,-8888,-8888,-8888,-8888,-8888,-8888
724,"ESP","Spain",0.0235482586994396,0.0287051837710499,0.0330368056511023,0.0385542636940488,0.0375760026516399,0.03917947782619,0.0406275416119941,0.0349594345758131,0.0310961026190752,0.0214842856331208,0.00741099984616644,-0.00542306738403538,-0.0179495141936299,-0.0270762382176658,-0.0310191653919785,-0.0237013520901848,-0.0135046936810136,-0.0151497850238873,-0.0105125532771338,-0.00607482778814986,-0.00416933093131348
144,"LKA","Sri Lanka",0.0888353042465637,0.0914856799254633,0.0883536897916684,0.091625999391469,0.0835619207317135,0.0780215075461146,0.0654003008163018,0.0563959509585388,0.0471639381326208,0.034056641851852,0.0258839289919979,0.0248330434459232,0.0290704671768673,0.0358860200143374,0.0343278314337836,0.0463204680744609,0.0587505010022362,0.0726635667337618,0.0798194433206534,0.0778653901062907,0.0770926376781551
275,"PSE","State of Palestine",-8888,-8888,-8888,-8888,-8888,-8888,-8888,-8888,-8888,-8888,-8888,-8888,-8888,-8888,-8888,-8888,-8888,-8888,-8888,-8888,-8888
729,"SDN","Sudan",0.0127213828758652,0.0352734812446147,0.0595879541261817,0.086487045466751,0.0859283816529206,0.108414354326723,0.11772239703928,0.122454004427089,0.138041953083616,0.13224394277609,0.119522495941302,0.101661353319921,0.0775823593785969,0.0614774817605035,0.0508322470150215,0.0496751267572553,0.0511257125822611,0.0472999869622939,0.0539802859119143,0.05997612371335,0.063063957159943
740,"SUR","Suriname",0.0122262058312392,0.00620027447639382,0.0112510348901391,-0.00402705686653673,-0.0225787305095993,-0.0451847787532781,-0.0610220963010989,-0.0600611778826319,-0.0505486672203462,-0.0286842225287156,-0.00777163816996522,0.0202386470332703,0.0476127395774437,0.0590427184189009,0.0654537780807438,0.0663044529428534,0.0593940971239273,0.0423626709309517,0.0273893136700001,0.0244496723033549,0.0184524886539428
752,"SWE","Sweden",0.0031730397099563,-0.000817441175175716,-0.00351561844698973,-0.000229368607121308,-0.000967270801141183,0.00166422509397823,0.00178083226383285,0.00314655747399439,-0.00111333333549852,-0.00288601092692627,-0.0179120890573071,-0.0207932486866331,-0.0195756417532561,-0.0145838251196318,-0.0156687732616689,-0.0166932991572162,-0.03270200177493,-0.0342396021796739,-0.043399933052501,-0.0474727932614999,-0.0565358717423946
756,"CHE","Switzerland",-0.00906352695706915,-0.0106801422952762,-0.0017743491674944,0.00116315848593374,0.000656343207406263,0.00142519832641042,0.000504848474225161,0.000612651901873651,-0.00264004991729247,-0.00122054705406662,0.000274716992470614,-0.00551066065464565,-0.00824870726374197,-0.0132775932755312,-0.0120314487892052,-0.0220297727786708,-0.0254690160946285,-0.0275828752522291,-0.0378646893819977,-0.0404706398383048,-0.0328164167910085
760,"SYR","Syria",0.0390456799205794,0.0331585645485324,0.0277137949108293,0.00823229488031774,0.00993990543849232,0.00670622240799501,0.00193041003352556,0.000940703560140754,0.0127670036931089,0.0269187104534307,0.0366633321095429,0.0426884495958189,-9999,-9999,-9999,-9999,-9999,-9999,-9999,-9999,-9999
158,"TWN","Taiwan",0.0586840672449562,0.0571520222077704,0.0547400575499519,0.0520574119776787,0.0506875168717509,0.0478126216562342,0.0435770378401106,0.0357936240940444,0.0343807816786406,0.0287721480805498,0.0192237489497893,0.016317427454877,0.0130034484980435,0.00809471027722131,0.00465311429826265,0.00391253044821682,0.00265955872548673,0.000710085744918709,0.00585456816446817,0.00743611800060062,0.00439318679206457
762,"TJK","Tajikistan",-0.0347110997914279,-0.0459465271846077,-0.0567149241201,-0.0523777655742377,-0.019739347539498,-0.00372659438830134,0.0035854280837242,0.0212091337897959,0.030508344792106,0.037781045560195,0.0338855851953945,0.0270872990558215,0.0151574215893044,0.0038156299728358,-0.00898990398331168,0.0127015043418028,0.0329869243296677,0.0633793602899417,0.106726320940395,0.126002586043497,0.121224857442379
834,"TZA","Tanzania",0.0205825961921335,0.0176086756398335,0.0256316174821081,0.035176471756118,0.049960062709042,0.0569053239026391,0.079005106839855,0.0991860374936662,0.114384276627413,0.113411041255396,0.0989223226916709,0.0876640067920442,0.0820110970416628,0.0829389373388563,0.0811032671697984,0.0762655061750481,0.0818505161264571,0.0861564292284163,0.0823002537152198,0.0740957955941384,0.0598539180926652
764,"THA","Thailand",0.0825942923933423,0.0669483987822064,0.0534805979105,0.0411151292341392,0.0340815541722752,0.0312079966409271,0.0342483944616909,0.0406183576485968,0.0464836435070457,0.0407390625667514,0.0371084596657518,0.0337282120274076,0.029566089105052,0.0284244640138207,0.0299945512325657,0.0309826488632223,0.0310558846545992,0.0288396784512981,0.0250954938101606,0.0185641559250507,0.012777669665653
626,"TLS","Timor-Leste",-9999,-9999,-9999,-9999,-9999,-9999,-9999,-9999,-9999,-9999,0.00510311933118679,0.0154183898854852,0.0111004828500947,0.0307323621719211,0.0483171690416553,0.100743366052726,0.117184499676555,0.120215501872674,0.10872396446809,0.0798912727963039,0.0636758252627081
768,"TGO","Togo",0.0439277846035209,0.0425611799724339,0.034620035084993,0.031199603619567,0.0444087620850921,0.0453018543245802,0.0493407587808929,0.045963609975098,0.0168650356544471,0.00717720515041487,0.0521929119469249,0.0676807460054984,0.0632239793376292,0.0509869668425054,0.0512877890187491,0.0499886925842914,0.0550986019768562,0.053212597629041,0.0422350547406736,0.0306185212807148,0.0494426636671759
776,"TON","Tonga",0.0258346541594567,0.0211645678963852,0.0238303221721274,0.0147750942343168,0.0213736178637807,0.0262044874019116,0.032945069903509,0.0299312000926673,0.0307704363846413,0.0257064807707277,0.0369820778271803,0.0291986476655399,0.00598114005949135,-0.0102315193574401,-0.0108064548133179,-0.017933241821198,-0.0144259973155872,0.0016766374577073,0.0161771461906,0.0332247166634771,0.072369043624581
780,"TTO","Trinidad and Tobago",0.0549415830051487,0.0658143893189813,0.076109229905724,0.0889242926985561,0.0938274273902824,0.0928190861118199,0.0871710222994999,0.0911690735721551,0.0870686218598298,0.0848458584547314,0.0754470137533785,0.0655145504190233,0.05367507456234,0.038704843203049,0.025292369258529,0.0113150057862788,0.00170086520277368,-0.00857373948036385,-0.0090965062278413,-0.0103306297868964,-0.00894280286776532
788,"TUN","Tunisia",0.0291930402924112,0.0269336998857512,0.0326859441873244,0.033036731578814,0.0369339309991643,0.0378661095172821,0.0348688954341194,0.03260010794079,0.0300906431340735,0.0297322207171875,0.0267704149786934,0.0312889835158712,0.0312089688972299,0.0312017261219542,0.0292062519488614,0.0283756740927155,0.0275288954554713,0.0234075238563878,0.0196364952931023,0.00710481497525906,-0.00274057461835166
792,"TUR","Turkey",0.0388631760901816,0.0418947350616503,0.0357706820414105,0.0313554977515529,0.028141034349862,0.0226967090127352,0.0211805814531223,0.0270666860038884,0.0371180695537174,0.043953144880521,0.0448536795247549,0.0503455364181991,0.0497623287269091,0.0470862424926712,0.0423477194324835,0.0380267233434222,0.0323694144496507,0.0323329684565794,0.0390737112885111,0.0406331931238622,0.035727034429845
795,"TKM","Turkmenistan",-0.00138632693238206,0.0143911016119052,0.0320592271145459,0.040024109026122,0.0406222679697048,0.0515727727101198,0.0604279969011632,0.0605398140454385,0.0585363895526043,0.0542482059099554,0.0470979755184324,0.0423673832978926,0.0382097009450388,0.0361834952648326,0.0372504423001467,0.0370261580484175,0.0360146947114159,0.0330397386042305,0.0320780705825019,0.0353029244706888,0.0311442402218425
796,"TCA","Turks and Caicos Islands",-8888,-8888,-8888,-8888,-8888,-8888,-8888,-8888,-8888,-8888,-8888,-8888,-8888,-8888,-8888,-8888,-8888,-8888,-8888,-8888,-8888
798,"TUV","Tuvalu",0.000132030106559711,0.000173293089662963,0.000198051696676638,0.0224469610588736,0.0400780153886513,0.0528376052292465,0.0605403697010056,0.0399492928422764,0.0424162115690787,0.0398720669614629,0.0322768283389916,-0.00179164152734795,-0.0400919525795791,-0.0225786861415127,-0.00647164306506501,0.00735775367029445,0.0222360689514209,0.00982234895885647,0.0197411764567825,0.0312698933865527,0.0621923925215588
800,"UGA","Uganda",0.0608833900775492,0.0705007167847225,0.0769567173370167,0.078552797483662,0.075683671471438,0.0605837786223735,0.0654599946789305,0.0767197330247582,0.0881367396975852,0.0971545862755292,0.10314616785091,0.113909773839264,0.118885829576906,0.109385517995032,0.0937845980033072,0.0761916822487736,0.067343409007151,0.0628646555602346,0.0639068647434895,0.0581935904425781,0.0525290015582185
804,"UKR","Ukraine",-0.00276328939977071,-0.0113868072799281,-0.0214353545592625,-0.0336508557576136,-0.0240737362698013,-0.0175897202486376,-0.00651032485662073,0.000294775587984519,-0.00166268620777925,-0.00862264153271919,-0.0290000880023013,-0.0329145891833572,-0.0396946887209803,-0.0426802428723033,-0.0356044756271061,-0.0308615744491321,-0.014830037852168,-0.00637394004981507,-0.00865727518882471,-0.0151452208508008,-0.0259135159883336
784,"ARE","United Arab Emirates",0.0464738882824516,0.0551083520474609,0.0566755890478947,0.0422541009621877,0.0452975851336257,0.0524643214655707,0.0537557305994911,0.0550827689296882,0.053471197203224,0.0586555654174785,0.0576058898975214,0.0692159183898482,0.0745958258433177,0.0751035751010396,0.0809841147474204,0.0797310884030062,0.0775483066630633,0.0674598300480396,0.044938298658532,0.0274247325800985,0.0121889201384853
826,"GBR","United Kingdom",-0.0144251030094237,-0.0125299769726645,-0.00711893402410794,-0.00634899507701607,-0.00419861156018923,-0.00199836643850729,-0.000338948984710717,0.00194121582964191,0.000400430721075429,-0.00176418649480742,-0.0121981025356493,-0.0158942423827091,-0.0227639482808698,-0.0317867602721071,-0.035052834959538,-0.0428495808021951,-0.0470715211792651,-0.0539912000569359,-0.0620864499876846,-0.0640897721034973,-0.0720819448159215
840,"USA","United States of America",0.0151458333695054,0.0167148892573954,0.0150460219229658,0.0133620295549299,0.0118268066961018,0.0106930137232721,0.00899226030369271,0.00629046745303641,0.00512625939036426,0.00186095613955239,-0.00388630122362531,-0.00596773914733032,-0.011838548262744,-0.0201339013566755,-0.025084425296141,-0.0242857877666241,-0.0212820129164531,-0.0218800135904474,-0.0181615880017807,-0.0103723668742189,-0.0118963771721777
858,"URY","Uruguay",0.0447571616010551,0.0335931122387905,0.0252453737190912,0.0190253362042696,0.00429411536945712,-0.00119573527371054,-0.002105932356391,0.00161045554947581,0.00676840184269412,0.0303088043864843,0.0596875626480946,0.0571248729289191,0.0598511467008846,0.0575971346238509,0.0391467181533325,0.022215462262426,0.00558488167994087,-0.00527017896853733,-0.0396103755178293,-0.00575052207562941,0.0117973113892029
860,"UZB","Uzbekistan",-0.000366354485225508,0.00415999363284536,0.0148862349020993,0.01999890956271,0.0252189792709896,0.0246443202256303,0.0155940910277272,0.00869342532548645,0.000475982166654898,-0.000816849898920984,-0.0133021776646409,-0.0290540319940941,-0.0328183080414127,-0.023982327498616,-0.020761417212526,-0.0216015841452502,-0.0285626213583367,-0.0256056446368271,-0.0203713510656102,-0.00389948159928662,-0.00244208947630814
548,"VUT","Vanuatu",0.0371189196889818,0.0412359960141875,0.0447431562442826,0.0384716096544591,0.0286566592126547,-0.00279755597268299,-0.0354628681589299,-0.0742772539466994,-0.0319035330128254,-0.0104031999960841,0.0178871930193294,0.0447129004401359,0.0755931711014584,0.0905434307851123,0.0975891021061512,0.0979852485939794,0.0771850383299013,0.0390927065163329,0.0338614149126311,0.0236095691563056,0.0429001993029794
862,"VEN","Venezuela",0.0526749453813595,0.0560934463305054,0.0599991331254879,0.0568776140260663,0.0560151606703205,0.0378951232647076,0.0243810569604845,0.00513970541744846,-0.0263581388066898,-0.0236555518723621,-0.0132319993052606,-0.0127248047911271,-0.00878881501765785,0.00931760294958428,0.0232799947599955,0.0215224256930682,0.016007497355041,0.00683844649184362,-0.00478356561032415,-0.00622731035915866,-0.00680200880771263
704,"VNM","Viet Nam",0.115515932255189,0.123938598685651,0.127122847996617,0.124627540657189,0.11708961646711,0.115678571856236,0.109736412635931,0.102390040543477,0.100288105722911,0.0987029382249522,0.0917499179778762,0.0871787160017703,0.0839368845135278,0.0756333712409114,0.0682254953979984,0.0695058619808442,0.0748076680346363,0.0730960705381423,0.0662581478116153,0.0689823675426833,0.0772883334124292
876,"WLF","Wallis and Futuna Islands",-8888,-8888,-8888,-8888,-8888,-8888,-8888,-8888,-8888,-8888,-8888,-8888,-8888,-8888,-8888,-8888,-8888,-8888,-8888,-8888,-8888
732,"ESH","Western Sahara",-8888,-8888,-8888,-8888,-8888,-8888,-8888,-8888,-8888,-8888,-8888,-8888,-8888,-8888,-8888,-8888,-8888,-8888,-8888,-8888,-8888
887,"YEM","Yemen",0.0523040689107055,0.0650519791011466,0.0733194759128615,0.0772929162780551,0.0713941155021887,0.0704276881037893,0.0728320634676038,0.0739282414799216,0.0696772732060054,0.06241697252675,0.0619512994457567,0.0557793334582886,0.0415685144759976,0.0170718084361594,0.0140096844927204,0.00971601185374849,-0.00515791475978659,-0.00761281927063912,-0.00993314868484943,-0.0124804970696512,-0.0100383842356764
894,"ZMB","Zambia",-0.0304907668598825,-0.046273618989502,-0.0505704711678735,-0.0409711546763165,-0.0237788201823801,-0.00621525570529398,0.00428706875368756,0.00323685997279943,0.00843482908142423,0.0192729745175455,0.0217917277046429,0.0247323199478844,0.0316949577656227,0.0491727596167015,0.0675585973483528,0.0846644647629029,0.0990516966693047,0.109568038085929,0.116870372866351,0.121241245027531,0.119824500553239
716,"ZWE","Zimbabwe",-0.0161674360782725,-0.0271197298331886,-0.0417925543854718,-0.0424616056993997,-0.0360522628246867,-0.0218207626653827,-0.0116801176743897,-0.00668594011426782,-0.00575697069882197,-0.0063996619694695,-0.00885771038393761,-0.0150103307268207,-0.019969948373021,-0.0299988544779401,-0.00757250192987048,0.00712166604256592,0.03515270035842,0.0534554986108737,0.0656940788450942,0.0622529939466225,0.0314057704531743
