"code","iso","country","FGA.raw.1999","FGA.raw.2000","FGA.raw.2001","FGA.raw.2002","FGA.raw.2003","FGA.raw.2004","FGA.raw.2005","FGA.raw.2006","FGA.raw.2007","FGA.raw.2008","FGA.raw.2009","FGA.raw.2010","FGA.raw.2011","FGA.raw.2012","FGA.raw.2013","FGA.raw.2014","FGA.raw.2015","FGA.raw.2016","FGA.raw.2017","FGA.raw.2018","FGA.raw.2019"
4,"AFG","Afghanistan",-8888,-8888,-8888,-8888,-8888,-8888,-8888,-8888,-8888,-8888,-8888,-8888,-8888,-8888,-8888,-8888,-8888,-8888,-8888,-8888,-8888
8,"ALB","Albania",1.18348781645013,0.962762323953872,0.751945157859466,0.544212403286956,0.438029143795282,0.379042254041205,0.359470306907234,0.349468614677521,0.304386356220389,0.263797130722052,0.227902093592337,0.192968242605351,0.159223953198227,0.127148063659582,0.101599326598566,0.0848084760638419,0.0767851281469174,0.0689311610209253,0.0635856674863879,0.0600816759675877,0.0577826461822881
12,"DZA","Algeria",-0.0121642262484244,0.0598647180760519,0.0973316664845245,0.129365705568581,0.115878089699613,0.088915709829728,0.0320888303540812,-0.000428092949198322,-0.0183543995811515,-0.0165850261829176,0.00253504115217007,0.0384399464939711,0.0523432641665984,0.0736464584352237,0.0671144898867977,0.0611566228147311,0.0416987956389756,0.027332107103875,0.0183074965675463,0.0147985724367921,0.0169230819983315
20,"AND","Andorra",-9999,-9999,-9999,-9999,-9999,-9999,-8888,-8888,-8888,-8888,-8888,-8888,-8888,-8888,-8888,-8888,-8888,-8888,-8888,-8888,-8888
24,"AGO","Angola",1.48452706998246,1.3481739463852,1.30399474100794,1.26216964083812,1.16648530172163,1.04964198909562,0.938939995651434,0.858692959204257,0.76061607593125,0.641125902704442,0.492781560913669,0.350841125926388,0.247170809337848,0.178432078378008,0.1216298660296,0.085443715668198,0.0810648286669162,0.0707918045516083,0.0648017201780107,0.0628506624731227,0.0617331503210434
660,"AIA","Anguilla",-8888,-8888,-8888,-8888,-8888,-8888,-8888,-8888,-8888,-8888,-8888,-8888,-8888,-8888,-8888,-8888,-8888,-8888,-8888,-8888,-8888
28,"ATG","Antigua and Barbuda",1.08052569046332,0.881810861090003,0.682348340910239,0.488396409910337,0.377154282783258,0.304813989285416,0.254783656304584,0.222531446443672,0.191550656444001,0.166433982651417,0.148569732893052,0.134564855035213,0.118020877310009,0.101521125665337,0.0865178199168433,0.0761789620418845,0.0698247063806832,0.0642814711011104,0.0596507366493397,0.0563060711976371,0.054133100098553
32,"ARG","Argentina",-0.216788922474548,-0.145767616175152,-0.054084907858458,-0.0213662153011065,0.0268848069571745,0.0833395524849412,0.0961075298708067,0.0820759979603407,0.116019088574515,0.118620787154874,0.114872707310921,0.112081541097074,0.0921442196776392,0.0881007652003989,0.121275176643363,0.183755179339935,0.216942766311197,0.203140057611219,0.218356787165504,0.201506557255352,0.174705968809706
51,"ARM","Armenia",1.0054591240688,0.824387173999058,0.721131779202037,0.574124124585636,0.495960014458531,0.457967031319286,0.460065464395123,0.451509315424699,0.422594224541675,0.384256955507478,0.331596493617312,0.269598853117332,0.204559969571073,0.151146610923509,0.112228793733574,0.0864442219801993,0.0791161558641016,0.0696017489705736,0.0636012363648752,0.0609992732288471,0.0597916543558143
533,"ABW","Aruba",-8888,-8888,-8888,-8888,-8888,-8888,-8888,-8888,-8888,-8888,-8888,-8888,-8888,-8888,-8888,-8888,-8888,-8888,-8888,-8888,-8888
36,"AUS","Australia",-0.0440746760723778,-0.0130941635545987,0.0199343364387785,0.0509154784354962,0.0785396269531693,0.0933613851358956,0.10270351068328,0.103367754638554,0.100238058739433,0.0975897336675882,0.0948252568975487,0.089523679183624,0.0846128784285189,0.0715252204730421,0.0613000436059865,0.0550999337121789,0.0536236137930077,0.0523087632679213,0.0493567146225962,0.0457158004147471,0.0480549842810796
40,"AUT","Austria",0.0201167315889366,-0.0115223346623612,-0.0380154179368175,-0.0509652038673777,-0.0477913958631886,-0.0314792506420074,-0.00751809211855747,0.0352930862686152,0.0723975661168288,0.0924026059825167,0.142117884484051,0.182987406156128,0.197022979639755,0.190908106263085,0.184886286601787,0.169256881295686,0.134080464547883,0.0975759964942702,0.0516874529863771,-0.00517294670129387,-0.015217013896859
31,"AZE","Azerbaijan",-0.210835322568196,-0.156421992114137,-0.0798836433473677,0.00644238163741506,0.152599118302428,0.291926300370128,0.370385888122732,0.312294739211139,0.340362492177286,0.339785681938137,0.294035152516195,0.23127430975167,0.161025344609121,0.0789665386793796,0.0548721427418042,0.0545680657790439,0.0594320132432631,0.0602805555383608,0.0692925813271592,0.0783608356011893,0.0697259351056208
44,"BHS","Bahamas",-8888,-8888,-8888,-8888,-8888,-8888,-8888,-8888,-8888,-8888,-8888,-8888,-8888,-8888,-8888,-8888,-8888,-8888,-8888,-8888,-8888
48,"BHR","Bahrain",-0.150029926147781,-0.0683948377171057,-0.0764449110677613,-0.0784865171905273,-0.0615059200804425,-0.058859336498571,-0.036631739420554,-0.00724737732608527,0.0208343683653016,0.044701753922904,0.0598262928793896,0.0682363952206841,0.0635004845787852,0.0464401043440754,0.0265008312178667,0.00207434226146286,-0.00391283909051365,-0.000806176991254071,0.0024216024298136,0.00621994126767511,0.00844817327308256
50,"BGD","Bangladesh",-8888,-8888,-8888,-8888,-8888,-8888,-8888,-8888,-8888,-8888,-8888,-8888,-8888,-8888,-8888,-8888,-8888,-8888,-8888,-8888,-8888
52,"BRB","Barbados",-8888,-8888,-8888,-8888,-8888,-8888,-8888,-8888,-8888,-8888,-8888,-8888,-8888,-8888,-8888,-8888,-8888,-8888,-8888,-8888,-8888
112,"BLR","Belarus",0.548220870416908,0.548120849592006,0.511164058394356,0.447288753781399,0.389004530125904,0.337125127887063,0.308377667167893,0.28089467522184,0.256931281960106,0.235911661690855,0.210441505662091,0.183645668019944,0.152606065755452,0.122131867695278,0.0952963411016872,0.0795332358196148,0.0734022804876961,0.066279855042249,0.0620748984999175,0.0600374204219198,0.056991774610514
56,"BEL","Belgium",0.0691290805947646,0.0582460883935183,0.0470468507798965,0.045440053957861,0.0340864991688412,0.0302758170101509,0.0328562375221408,0.039065241283283,0.0478862243397415,0.0586919219736055,0.0629369232898462,0.0634063004214831,0.0663323245587772,0.0645504401661439,0.0567327425269526,0.047938863001862,0.0382944251409389,0.0318491390827114,0.0302904919908509,0.0303436988974639,0.020950471463475
84,"BLZ","Belize",-8888,-8888,-8888,-8888,-8888,-8888,-8888,-8888,-8888,-8888,-8888,-8888,-8888,-8888,-8888,-8888,-8888,-8888,-8888,-8888,-8888
204,"BEN","Benin",-8888,-8888,-8888,-8888,-8888,-8888,-8888,-8888,-8888,-8888,-8888,-8888,-8888,-8888,-8888,-8888,-8888,-8888,-8888,-8888,-8888
60,"BMU","Bermuda",-8888,-8888,-8888,-8888,-8888,-8888,-8888,-8888,-8888,-8888,-8888,-8888,-8888,-8888,-8888,-8888,-8888,-8888,-8888,-8888,-8888
64,"BTN","Bhutan",-8888,-8888,-8888,-8888,-8888,-8888,-8888,-8888,-8888,-8888,-8888,-8888,-8888,-8888,-8888,-8888,-8888,-8888,-8888,-8888,-8888
68,"BOL","Bolivia",2.18631261335614,2.06966291201937,1.64226735333323,1.04767319084281,0.498273274639074,0.0502691842136094,-0.0121090850861327,-0.0138770295246478,0.0143256165210413,0.055898569389585,0.0970421859463524,0.129838671288277,0.13201757523828,0.0937282845792557,0.0605713822954397,0.0528126144650056,0.0501286219372667,0.047742640699965,0.0456153081237693,0.0437143001858633,0.0420128001925264
70,"BIH","Bosnia and Herzegovina",-9999,-9999,-9999,-9999,0.186539524420361,0.188617348888123,0.174478959289967,0.139589453354403,0.109845174573136,0.0953297899077976,0.114352521341268,0.136085905252287,0.131286551108057,0.102837542024197,0.080189965273378,0.0673969788702371,0.0613561136561747,0.0566118827443218,0.0526362463432843,0.0509050849843542,0.0481896743751358
72,"BWA","Botswana",-8888,-8888,-8888,-8888,-8888,-8888,-8888,-8888,-8888,-8888,-8888,-8888,-8888,-8888,-8888,-8888,-8888,-8888,-8888,-8888,-8888
76,"BRA","Brazil",-0.048759533750064,-0.0645700302430566,-0.0749425566987597,-0.0673819931619783,-0.0449300637723178,-0.0156870219957939,0.019673748759973,0.046471929873021,0.0739902850518173,0.100034672424617,0.100167453672233,0.0911465095497748,0.0593239546246094,0.035403995735972,0.017579199774582,-0.00220944402537271,-0.0169119710572168,-0.0212215255650766,-0.0152533800087059,-0.00571184742305486,0.00326938583253145
92,"VGB","British Virgin Islands",-8888,-8888,-8888,-8888,-8888,-8888,-8888,-8888,-8888,-8888,-8888,-8888,-8888,-8888,-8888,-8888,-8888,-8888,-8888,-8888,-8888
96,"BRN","Brunei Darussalam",1.24974664058768,1.10652223107241,0.936438706704798,0.749873462336346,0.617789284724199,0.492874116718578,0.379694579456265,0.316958301960038,0.26301598434329,0.209946256230555,0.163240417665308,0.142397434174843,0.122917547437616,0.10686991797539,0.0940168436272486,0.0836591977916212,0.0751009212679585,0.0688395769804311,0.0637597582463432,0.0597959806599639,0.0569823993310044
100,"BGR","Bulgaria",0.427493888716761,0.431922584359044,0.410009645318915,0.364495030990244,0.315942486024142,0.277961509468323,0.269359769386109,0.256404598278278,0.233140989768863,0.210441510045955,0.19030708432693,0.170402895350644,0.1526020258964,0.136042265135761,0.12632219579223,0.122803835527439,0.123644208288488,0.124774625022215,0.134315966983011,0.146932199957638,0.136809743079465
854,"BFA","Burkina Faso",-8888,-8888,-8888,-8888,-8888,-8888,-8888,-8888,-8888,-8888,-8888,-8888,-8888,-8888,-8888,-8888,-8888,-8888,-8888,-8888,-8888
108,"BDI","Burundi",-8888,-8888,-8888,-8888,-8888,-8888,-8888,-8888,-8888,-8888,-8888,-8888,-8888,-8888,-8888,-8888,-8888,-8888,-8888,-8888,-8888
132,"CPV","Cabo Verde",-8888,-8888,-8888,-8888,-8888,-8888,-8888,-8888,-8888,-8888,-8888,-8888,-8888,-8888,-8888,-8888,-8888,-8888,-8888,-8888,-8888
116,"KHM","Cambodia",-8888,-8888,-8888,-8888,-8888,-8888,-8888,-8888,-8888,-8888,-8888,-8888,-8888,-8888,-8888,-8888,-8888,-8888,-8888,-8888,-8888
120,"CMR","Cameroon",-0.0507775026260801,-0.0574843736577971,-0.0690968941521326,-0.0917721327670835,-0.0944979368407893,-0.0865695431967031,-0.0804695201751986,-0.0662068519381137,-0.0443643222287042,-0.0250747503662586,-0.0132973278952577,-0.00215935944953272,-0.0126754446772617,-0.0437686328042309,-0.0678442372621637,-0.0851245795840956,-0.0981818620884906,-0.110270103932925,-0.120948245248546,-0.126694211580082,-0.143117854892713
124,"CAN","Canada",-9999,-9999,-9999,-9999,-9999,-9999,-9999,0.0406909890572258,0.0420472084851602,0.0449448397865353,0.0504660321820509,0.0590499300410561,0.0579904265381992,0.0570314283317606,0.057975760778278,0.0553454803458664,0.0507834227747592,0.0439320300798154,0.0359008441700972,0.0298666077958383,0.0239420227933105
136,"CYM","Cayman Islands",-8888,-8888,-8888,-8888,-8888,-8888,-8888,-8888,-8888,-8888,-8888,-8888,-8888,-8888,-8888,-8888,-8888,-8888,-8888,-8888,-8888
140,"CAF","Central African Republic",-8888,-8888,-8888,-8888,-8888,-8888,-8888,-8888,-8888,-8888,-8888,-8888,-8888,-8888,-8888,-8888,-8888,-8888,-8888,-8888,-8888
148,"TCD","Chad",-8888,-8888,-8888,-8888,-8888,-8888,-8888,-8888,-8888,-8888,-8888,-8888,-8888,-8888,-8888,-8888,-8888,-8888,-8888,-8888,-8888
152,"CHL","Chile",0.20546451109371,0.222884895691075,0.298962444201682,0.33728160752408,0.349440751948403,0.329335988417699,0.308288061058187,0.276990479377167,0.266442794309577,0.242259398998958,0.227225057073403,0.210775567456952,0.217223276757163,0.213256884818188,0.204691072654026,0.194661974986054,0.181667657078225,0.168612402453078,0.15662857193,0.150440076240703,0.129073190612732
156,"CHN","China",0.182892329925124,0.202765294504308,0.200952036129782,0.19929268683478,0.214446207151157,0.25677222181706,0.260984106915771,0.25130596888993,0.231203001340608,0.168127810104993,0.157803295723772,0.115932819177668,0.0803060500958364,0.0571338774205163,0.0459800340327583,0.0532347089679004,0.0606626495560649,0.0736826813442013,0.0760877711622248,0.0769336557810545,0.0720900687664896
170,"COL","Colombia",0.0513257531246687,0.00683016027162764,0.0372764447386316,0.0891332001287499,0.150893112600456,0.222392486396711,0.304536603211205,0.364829913650947,0.392308144976608,0.392545401644676,0.353211766330185,0.273369685540965,0.252564481054304,0.238652479452278,0.228717340781968,0.224790977547671,0.202622513633156,0.175700668197512,0.145438764761522,0.118978986105303,0.0943180461496882
174,"COM","Comoros",0.817717019894343,0.576030873694291,0.447956924659328,0.372303359268773,0.37789055711063,0.400352525459023,0.456718185033806,0.49265875072747,0.499237125012893,0.472336771989935,0.41528380791495,0.280960097041516,0.202612101172943,0.152082042845816,0.117607719271592,0.0923970452314105,0.0805353118605572,0.070070115055197,0.0633740099255038,0.059947784437735,0.0590168276731122
184,"COK","Cook Islands",-8888,-8888,-8888,-8888,-8888,-8888,-8888,-8888,-8888,-8888,-8888,-8888,-8888,-8888,-8888,-8888,-8888,-8888,-8888,-8888,-8888
188,"CRI","Costa Rica",1.18520279553135,0.987776223332097,0.785763120188342,0.590268568897568,0.475098431787213,0.387931140219691,0.324112300682026,0.27180060444622,0.223879866233497,0.186009226085069,0.158329559800822,0.141088471020907,0.122390595199763,0.104582077860394,0.0908893625340232,0.0796948754745761,0.0727277824827057,0.0667188980862954,0.0623178870365484,0.0589477674610872,0.0565192465572999
384,"CIV","Cote d'Ivoire",-8888,-8888,-8888,-8888,-8888,-8888,-8888,-8888,-8888,-8888,-8888,-8888,-8888,-8888,-8888,-8888,-8888,-8888,-8888,-8888,-8888
191,"HRV","Croatia",-9999,-9999,-9999,-9999,-9999,-0.2038895194704,-0.172385660825499,-0.114870996521591,-0.0450678016045775,-0.00431996533701962,0.0272886280604179,0.0522107597157924,0.0719958642100957,0.0550139855475473,0.0441864655274098,0.0349595106914309,0.028805215324283,0.0243353910086292,0.022231334041027,0.0225656310465026,0.0213634414837107
192,"CUB","Cuba",0.967272910186797,0.791323764761778,0.65881726365459,0.53017092807874,0.445954307654669,0.385713748139565,0.346704307682163,0.322243814285657,0.290296132130865,0.252092074929716,0.215094657289771,0.178270147844324,0.146358793607803,0.12059084647643,0.101391554966431,0.0869299269584187,0.0762525573437109,0.068293342178968,0.0626967815163952,0.0589119929805026,0.0568028678966086
531,"CUW","Curacao",-8888,-8888,-8888,-8888,-8888,-8888,-8888,-8888,-8888,-8888,-8888,-8888,-8888,-8888,-8888,-8888,-8888,-8888,-8888,-8888,-8888
196,"CYP","Cyprus",0.48961914314542,0.471198415477134,0.433237347109393,0.374403931455419,0.317286188682351,0.269382111014585,0.238155225919015,0.213889534157903,0.187683768797561,0.164378924460642,0.14477898954371,0.127529239563547,0.116716812434699,0.104775288356379,0.0927297281978343,0.0820914775655848,0.0723972282075662,0.0638839793354866,0.0564572532712002,0.049986121629334,0.044553055835199
203,"CZE","Czech Republic",0.649476566911992,0.627905144588484,0.561467662693965,0.447149454484838,0.353513794181818,0.282861793437202,0.247564383056106,0.227133760824086,0.204577907168833,0.18109427737674,0.187775486409426,0.208981802485791,0.224301566402175,0.226644342575539,0.218991555397417,0.202858809455429,0.183705094249406,0.156291296412242,0.120767552973363,0.0754645138629795,0.0512757798245083
180,"COD","Dem. Rep. Congo",-8888,-8888,-8888,-8888,-8888,-8888,-8888,-8888,-8888,-8888,-8888,-8888,-8888,-8888,-8888,-8888,-8888,-8888,-8888,-8888,-8888
208,"DNK","Denmark",0.0182986279239294,0.00304927966179269,-0.0208290223024543,-0.0347679762688274,-0.0473040133610214,-0.0457665966138906,-0.0392924884791849,-0.0416049124929003,-0.0319927832415375,-0.0178148770175824,-0.00350251759753983,0.0142902328120194,0.0291354220677009,0.0506553410399,0.0639646253479913,0.0685335593855312,0.0508781099977864,0.0319353224025083,0.00227464584328407,-0.0164445590674848,-0.0410925402728793
262,"DJI","Djibouti",-8888,-8888,-8888,-8888,-8888,-8888,-8888,-8888,-8888,-8888,-8888,-8888,-8888,-8888,-8888,-8888,-8888,-8888,-8888,-8888,-8888
212,"DMA","Dominica",0.13462374229766,0.118802162241859,0.101275612559651,0.0181104411176871,-0.0420677952987922,-0.0669775317752886,-0.0784889569752101,0.0629961138036548,0.219577182951963,0.371191739881401,0.487590371657556,0.551947929253836,0.581600106554362,0.473371491411215,0.314538085363414,0.164198778562531,-0.00231492960018143,-0.0135784622216618,-0.0110991273413263,0.0156077499571861,0.0309102113281667
214,"DOM","Dominican Republic",-8888,-8888,-8888,-8888,-8888,-8888,-8888,-8888,-8888,-8888,-8888,-8888,-8888,-8888,-8888,-8888,-8888,-8888,-8888,-8888,-8888
218,"ECU","Ecuador",1.03006217788024,0.810149105099751,0.626936116294096,0.459733208920508,0.363336562918561,0.307462993493872,0.276765463563259,0.25685070649864,0.239571035951733,0.222929495353129,0.194138938639074,0.166897265117658,0.140230703228999,0.116755728782753,0.0948154503901513,0.0814516500710964,0.073106894217722,0.0660856792249889,0.0609608045662495,0.057644155855433,0.05585910602885
818,"EGY","Egypt",0.0152943309528026,0.0171743089718266,0.0192721226120922,0.0196169820757566,0.0189354800068959,0.025355220560509,0.0302174156508137,0.0501264792561411,0.0530839963587932,0.0578367130980675,0.0591388368330308,0.0571726332887588,0.0524940538135978,0.0452760605403044,0.035737819780421,0.0288778255870394,0.0277692933087379,0.0274675889385234,0.0277767202941366,0.0281068993556448,0.0286811106603182
222,"SLV","El Salvador",2.55141820209352,2.47868219996402,2.17127343337849,1.72610230819116,1.28280511805402,0.840121185775514,0.433025340280861,0.309301608456733,0.223902964359458,0.160487276129764,0.112596661877855,0.101719005028199,0.0944154582177357,0.0890057839728013,0.0841173941095639,0.0785788366894007,0.0730967239277702,0.0693275606865382,0.0651354060927463,0.0611429381643995,0.057218087864255
226,"GNQ","Equatorial Guinea",-8888,-8888,-8888,-8888,-8888,-8888,-8888,-8888,-8888,-8888,-8888,-8888,-8888,-8888,-8888,-8888,-8888,-8888,-8888,-8888,-8888
232,"ERI","Eritrea",-8888,-8888,-8888,-8888,-8888,-8888,-8888,-8888,-8888,-8888,-8888,-8888,-8888,-8888,-8888,-8888,-8888,-8888,-8888,-8888,-8888
233,"EST","Estonia",-9999,-9999,-9999,-9999,-9999,0.241491232741803,0.234598061696891,0.225295541653319,0.21558071461408,0.203575254797458,0.185345283028374,0.164611121611946,0.140323212519525,0.116581695864626,0.0961954573324943,0.0809835250424338,0.0722717505786437,0.0631151094920008,0.0528822317780084,0.0431982224022542,0.0315599371562514
748,"SWZ","Eswatini",-8888,-8888,-8888,-8888,-8888,-8888,-8888,-8888,-8888,-8888,-8888,-8888,-8888,-8888,-8888,-8888,-8888,-8888,-8888,-8888,-8888
231,"ETH","Ethiopia",1.40067612695968,1.229764942708,1.04796804668428,0.812757716378571,0.646175249431169,0.509111388951386,0.394093144419528,0.32937348075767,0.276337731629154,0.218679907189238,0.169810367147387,0.147872303718957,0.133640870682505,0.116644021118382,0.0912579831208988,0.0782138733296731,0.0744040109749056,0.0686194161667062,0.0644724520776185,0.0615621475911114,0.058686522682573
234,"FRO","Faeroe Islands",-8888,-8888,-8888,-8888,-8888,-8888,-8888,-8888,-8888,-8888,-8888,-8888,-8888,-8888,-8888,-8888,-8888,-8888,-8888,-8888,-8888
238,"FLK","Falkland Islands",-8888,-8888,-8888,-8888,-8888,-8888,-8888,-8888,-8888,-8888,-8888,-8888,-8888,-8888,-8888,-8888,-8888,-8888,-8888,-8888,-8888
242,"FJI","Fiji",-8888,-8888,-8888,-8888,-8888,-8888,-8888,-8888,-8888,-8888,-8888,-8888,-8888,-8888,-8888,-8888,-8888,-8888,-8888,-8888,-8888
246,"FIN","Finland",0.280547954432591,0.295061944306402,0.288438523868671,0.272251474341469,0.241449617713565,0.210778860870225,0.184709975285126,0.161565013363108,0.138610635662978,0.119479316318716,0.104821933450177,0.0996121914935209,0.0925199796325573,0.0845258648435931,0.0745736781139645,0.0623175963658897,0.0457148295721121,0.0298699710741044,0.0127191420206334,-0.00280082753096556,-0.020366792759258
250,"FRA","France",-0.00407791471846231,0.0012815337376606,0.00946006894317319,0.027347994886334,0.0615104897233392,0.0833473608856572,0.0696189589216805,0.0588705347293952,0.0507727786045433,0.0502766874541689,0.0510661765285603,0.0572004023160053,0.0607206344237421,0.0619759783194633,0.0585721898834097,0.0516368613378346,0.0383601712394908,0.0254491712364795,0.0121231857611506,-0.00321358437559871,-0.0201594396487588
258,"PYF","French Polynesia",-8888,-8888,-8888,-8888,-8888,-8888,-8888,-8888,-8888,-8888,-8888,-8888,-8888,-8888,-8888,-8888,-8888,-8888,-8888,-8888,-8888
266,"GAB","Gabon",1.06171554235275,0.838282719442883,0.651830158075602,0.473997017307153,0.372794431479472,0.30248518289754,0.263895775812176,0.241630687884359,0.22266909892077,0.205496438523653,0.17845689142046,0.153176062035866,0.130701143486515,0.110140971455946,0.0938615915943866,0.0812791031610129,0.0725222663403202,0.065610771156082,0.060587534611471,0.0570097407616572,0.0548019389776244
270,"GMB","Gambia",-8888,-8888,-8888,-8888,-8888,-8888,-8888,-8888,-8888,-8888,-8888,-8888,-8888,-8888,-8888,-8888,-8888,-8888,-8888,-8888,-8888
268,"GEO","Georgia",0.579856781288418,0.565374144803401,0.546263635202058,0.486756919678296,0.433638443016369,0.382117056707628,0.356286144609099,0.33627176001721,0.316458438223161,0.290943854462606,0.259542637323164,0.219981051018351,0.21021563665719,0.216100525537538,0.18201664212389,0.131414862599967,0.0700198602924003,-0.0217895772811364,-0.230041173009822,-0.202655886446421,-0.170921635099668
276,"DEU","Germany",0.0457016005340016,0.0582923576709433,0.062542031753291,0.0570296347519867,0.0469080025179349,0.0408888011815018,0.0400266150735245,0.0467997273807006,0.0544833173179817,0.0625390804385899,0.0610327728432249,0.0658366633001879,0.0602165020988406,0.0518217009423287,0.0404658323068943,0.0297861275301787,0.0219216904558615,0.0175500217562843,0.0141012657601871,0.010783875465886,0.00171941752629379
288,"GHA","Ghana",-0.170643170637205,-0.171853678642686,-0.172110745922667,-0.184619669765304,-0.255354810950886,-0.325920691646194,-0.332851843806675,-0.324004031719774,-0.30023151848188,-0.296272847731983,-0.248939433266726,-0.167423736281093,-0.0633902898220992,0.044742202302148,0.0603130868015171,0.0299767070735395,0.052707432279204,0.0674347748734037,0.0619497596132594,0.05867349552427,0.0572267680862986
300,"GRC","Greece",0.0622540402546736,0.0559192760887721,-0.0141410851881745,-0.0262120827597682,-0.0384645980307262,-0.04715794140199,-0.0452956105472666,-0.0661695912554534,-0.0737300551595353,-0.0645176569207795,-0.0373281316305583,-0.0133159716889409,-0.050756038125816,-0.0321849870839643,-0.00893924133440249,0.0165595098312126,0.0431750107479976,0.0380467389419048,0.0315353380047469,0.0236298824124301,0.0130565563052425
304,"GRL","Greenland",-8888,-8888,-8888,-8888,-8888,-8888,-8888,-8888,-8888,-8888,-8888,-8888,-8888,-8888,-8888,-8888,-8888,-8888,-8888,-8888,-8888
308,"GRD","Grenada",0.0214983496259917,0.0214639569883091,0.0210033204202722,0.0210582185303076,0.0208869364750475,0.0210911582734576,0.0213130241635233,0.0209248442868601,0.0207786031806467,0.0205400939240354,0.0204794697332744,0.020277974660794,0.0196799414639615,0.0189946728673183,0.0184722124083969,0.0181085729260855,0.0177062481263617,0.0172245486039628,0.0168918835934357,0.0165204471477873,0.016335759554083
320,"GTM","Guatemala",1.10750795577243,0.899092105551465,0.70936652860823,0.53301323329681,0.430557574140366,0.359159458806277,0.316077176658296,0.281897498739583,0.247350445153513,0.216035211428527,0.186825562078476,0.160599153561063,0.135347117987122,0.113947823851695,0.095952695720473,0.0821423080440336,0.0738607748738802,0.0671245672595444,0.0619300173607078,0.058507580669545,0.0562127818772691
831,"GGY","Guernsey",-8888,-8888,-8888,-8888,-8888,-8888,-8888,-8888,-8888,-8888,-8888,-8888,-8888,-8888,-8888,-8888,-8888,-8888,-8888,-8888,-8888
324,"GIN","Guinea",-8888,-8888,-8888,-8888,-8888,-8888,-8888,-8888,-8888,-8888,-8888,-8888,-8888,-8888,-8888,-8888,-8888,-8888,-8888,-8888,-8888
624,"GNB","Guinea-Bissau",-8888,-8888,-8888,-8888,-8888,-8888,-8888,-8888,-8888,-8888,-8888,-8888,-8888,-8888,-8888,-8888,-8888,-8888,-8888,-8888,-8888
328,"GUY","Guyana",-8888,-8888,-8888,-8888,-8888,-8888,-8888,-8888,-8888,-8888,-8888,-8888,-8888,-8888,-8888,-8888,-8888,-8888,-8888,-8888,-8888
332,"HTI","Haiti",-8888,-8888,-8888,-8888,-8888,-8888,-8888,-8888,-8888,-8888,-8888,-8888,-8888,-8888,-8888,-8888,-8888,-8888,-8888,-8888,-8888
336,"VAT","Holy See",-8888,-8888,-8888,-8888,-8888,-8888,-8888,-8888,-8888,-8888,-8888,-8888,-8888,-8888,-8888,-8888,-8888,-8888,-8888,-8888,-8888
340,"HND","Honduras",-8888,-8888,-8888,-8888,-8888,-8888,-8888,-8888,-8888,-8888,-8888,-8888,-8888,-8888,-8888,-8888,-8888,-8888,-8888,-8888,-8888
344,"HKG","Hong Kong",-0.117261108899489,-0.0981170678683025,-0.0676648848245909,-0.029418783119787,0.00763958153447053,0.0386078489151527,0.0558422743607612,0.071197407950218,0.0798290614365877,0.0784060846333019,0.0747345762675751,0.0682629613893999,0.0603047352270014,0.0529980687561005,0.0467169356880597,0.042320276058154,0.0397322187503293,0.0379703198893462,0.0365506241541009,0.0355765532347176,0.0350936203271446
348,"HUN","Hungary",-9999,0.0548839892409643,0.0771732253346666,0.0730268256557163,0.0731945365689841,0.0772547571551701,0.0862463430829348,0.0924889875796704,0.0901656964534212,0.0854166904198586,0.0810315676472935,0.0681340805424488,0.059507514766826,0.0517939897943078,0.0495748158904052,0.0522499419422773,0.0577879648799073,0.0663805124072681,0.0635907454921496,0.0597384898782529,0.0545071580861098
352,"ISL","Iceland",-9999,-9999,-9999,-9999,-9999,0.0798215797083162,0.068699936633585,0.0576086939357228,0.0547142192106203,0.0907697873435809,0.0899556846701421,0.0838970864068225,0.088929860152462,0.0955132161290277,0.092790970514538,0.087311748306397,0.0761669711338082,0.0612164018965848,0.0379272372562118,0.0490547386895821,0.0354702768613309
356,"IND","India",0.079101543140885,0.0995067671210443,0.116510188868413,0.11850575042165,0.131161681653199,0.143162181439716,0.120595021218858,0.0835221415949245,0.0710883452022462,0.0646025329271136,0.0562143774473036,0.059370248657779,0.0592041011388473,0.0537323863651753,0.0602035142384816,0.0794059070589561,0.0699148678725894,0.0529363800068181,0.0574389917854676,0.0511509562672312,0.0463072901626218
360,"IDN","Indonesia",-0.121182371385115,-0.139595242809942,-0.156829602267804,-0.163970101121182,-0.154798088127392,-0.131334961113323,-0.096094860818958,-0.0545460849831675,-0.0103769509936275,0.00809933714707012,0.00961805187257636,0.0220429641795057,-0.00210746187905164,-0.0325714745682493,-0.0475833199489389,-0.0601250247332703,-0.0604160699933747,-0.0558575299005091,-0.0492483106667352,-0.0384505748461199,-0.0226954131043734
364,"IRN","Iran",-0.0531103000580331,-0.0553335578374086,-0.0443859607052762,-0.0280775840582138,-0.0154182667267524,-0.0161159997286908,-0.0157067853074668,-0.0191622126958313,-0.023269912817465,-0.022727671849432,-0.019710018819502,-0.0195646142663175,-0.0195753782240541,-0.0149846122763263,-0.0114522696383015,-0.0166663430903305,-0.0188498072921724,-0.0206557059602901,-0.0201021198952892,-0.0167299219084668,-0.0198269170219337
368,"IRQ","Iraq",-0.0648810151504212,-0.065516228459808,-0.0571295406762937,-0.0414744764784156,-0.0268241175387032,-0.0117306848021083,-0.00143926639265501,0.0144586468230841,0.0279601331950479,0.0350647332406269,0.0224563693805426,-0.00626723657148331,-0.00962058321357762,-0.0120799662528084,-0.015249403839926,-0.0159330443994985,-0.0156288033066251,-0.00874512573791497,0.00336569511576523,0.0210566865529691,0.0214866445670467
372,"IRL","Ireland",0.195140433422727,0.17972226294843,0.161051503283308,0.143929573083603,0.123852840862776,0.106376807702054,0.0987915244181334,0.0938931114931543,0.0933505647210171,0.078103170406016,0.0603077463382413,0.0548718883498245,0.0577169579535672,0.0474614656136083,0.0440777211835002,0.0367730800793307,0.0361674061189867,0.0323159922157994,0.0261395253998047,0.0139641906033805,-0.00859659614242825
833,"IMN","Isle of Man",-8888,-8888,-8888,-8888,-8888,-8888,-8888,-8888,-8888,-8888,-8888,-8888,-8888,-8888,-8888,-8888,-8888,-8888,-8888,-8888,-8888
376,"ISR","Israel",-9999,-9999,-9999,-9999,-9999,0.132004629796785,0.11408680609299,0.0959569054741771,0.0741552339802622,0.065588351596769,0.0602960535040917,0.0599063234845065,0.0823469283755036,0.0956148803264145,0.111570668140798,0.105564453048874,0.120213493847328,0.137164260149031,0.134966964665989,0.132992076810178,0.118384849709779
380,"ITA","Italy",0.113171791468006,0.125028895157776,0.132704483635924,0.123295920680555,0.102457022052071,0.080357491904504,0.0535345888848944,0.0508702378315491,0.0447553441053057,0.0455197928117939,0.0536780428086558,0.0563073284480358,0.0650624576214649,0.0717937231158443,0.0722209717758246,0.067878263605966,0.0605007953743844,0.0540363241922912,0.0471281233701659,0.0397021776318669,0.0331006301952281
388,"JAM","Jamaica",1.04310702362714,0.83158834526416,0.642550018338904,0.464643960424214,0.374699255316624,0.313855394905306,0.27982989603928,0.256823466991306,0.230242022755994,0.203297242460098,0.177255059662083,0.152972989335054,0.126578907422757,0.0996224975612272,0.0857793705896108,0.0747037622223521,0.0675956262986734,0.0629464721525619,0.0601875845323152,0.0592226319203792,0.0599247486744778
392,"JPN","Japan",0.0932658005939266,0.0604918332809976,0.0343408741798739,0.00483962255569059,-0.00636980069525761,-0.0216541372098626,-0.0093898848012639,0.00108099839431341,0.0148049245019355,0.028973990943062,0.0411089264130946,0.0490661981542992,0.0587480385620145,0.0635271040218717,0.0688233304617853,0.0718504799431754,0.0757844389416451,0.0799468451131455,0.0819518397660015,0.0811778248343924,0.0772160069457863
832,"JEY","Jersey",-8888,-8888,-8888,-8888,-8888,-8888,-8888,-8888,-8888,-8888,-8888,-8888,-8888,-8888,-8888,-8888,-8888,-8888,-8888,-8888,-8888
400,"JOR","Jordan",2.43181816814257,2.3408049523742,2.0870309930124,1.73647054801089,1.37196065463521,0.986252902582295,0.607181443184895,0.506788291033807,0.426076626620893,0.349569432612913,0.271584329373184,0.219802758341531,0.174931536469692,0.138972884192794,0.108348939390972,0.0888971688962834,0.0802163262179589,0.0714032118509527,0.0653459031965726,0.0617478939768363,0.0597303564410896
398,"KAZ","Kazakhstan",0.716498623788691,0.631353441480517,0.539098260487299,0.451298719752622,0.420002274938121,0.404344160067075,0.403640115569275,0.394975401090228,0.376713206637942,0.363384100264714,0.333272773324909,0.308278654527302,0.281332116689348,0.246874680793876,0.208616298663644,0.169549418785009,0.136233645322436,0.0969497253355394,0.0578921176887444,0.0387081504426754,0.0215754499492573
404,"KEN","Kenya",0.260537149974184,0.27547628441777,0.277890252732155,0.269908978800837,0.252472824974242,0.224079874203219,0.215230188104528,0.200431116766922,0.195156235341805,0.186279129010239,0.177626919836972,0.167670137861776,0.1466421394227,0.126241291408524,0.107768276566993,0.0911848725224713,0.0769052293358297,0.0647038162620805,0.0560780626122022,0.05091826675075,0.0504108800929362
296,"KIR","Kiribati",-8888,-8888,-8888,-8888,-8888,-8888,-8888,-8888,-8888,-8888,-8888,-8888,-8888,-8888,-8888,-8888,-8888,-8888,-8888,-8888,-8888
689,"XKX","Kosovo",-8888,-8888,-8888,-8888,-8888,-8888,-8888,-8888,-8888,-8888,-8888,-8888,-8888,-8888,-8888,-8888,-8888,-8888,-8888,-8888,-8888
414,"KWT","Kuwait",-9999,-9999,-0.0128780642780911,-0.0110805166499746,-0.00215535021552238,0.0123774571636919,0.0295055914596591,0.0488094693040235,0.0639280297839924,0.071538969542575,0.0766708551003696,0.0782622509654982,0.0711258096181939,0.0628081873378592,0.0542802394891313,0.0460311400645945,0.0381171018561548,0.0322952109797765,0.028583197756503,0.0274105321357765,0.0289128056832046
417,"KGZ","Kyrgyzstan",0.921216540706677,0.744132800623614,0.611279980439712,0.490500258322218,0.430518913165539,0.371216922185594,0.319356756590162,0.283101359411324,0.253441108109865,0.222247401879242,0.193019663315491,0.166614653699754,0.141360011329283,0.114631294938252,0.0955894398656629,0.085837507324612,0.0748910483509435,0.0675328285409675,0.0619998958162582,0.0581071112125777,0.0560479703478547
418,"LAO","Laos",-8888,-8888,-8888,-8888,-8888,-8888,-8888,-8888,-8888,-8888,-8888,-8888,-8888,-8888,-8888,-8888,-8888,-8888,-8888,-8888,-8888
428,"LVA","Latvia",-9999,-9999,-9999,-9999,-9999,0.389994909590794,0.368331440883895,0.344864335660199,0.317399681952782,0.284895117955959,0.240023754911156,0.19600729308872,0.152981925469033,0.111675563931881,0.0789309229255524,0.0576864211902519,0.0491361891918274,0.0439731892287956,0.0392922880499178,0.036250619026569,0.0286148489186504
422,"LBN","Lebanon",-8888,-8888,-8888,-8888,-8888,-8888,-8888,-8888,-8888,-8888,-8888,-8888,-8888,-8888,-8888,-8888,-8888,-8888,-8888,-8888,-8888
426,"LSO","Lesotho",-8888,-8888,-8888,-8888,-8888,-8888,-8888,-8888,-8888,-8888,-8888,-8888,-8888,-8888,-8888,-8888,-8888,-8888,-8888,-8888,-8888
430,"LBR","Liberia",-9999,-9999,-9999,-9999,-9999,-9999,-9999,-9999,-9999,-9999,0.353183080133991,0.263351934860889,0.19550147709277,0.147749080729767,0.115281852676967,0.0944958122711388,0.0816380049972627,0.0715378615730513,0.0647322058125688,0.0608406108351778,0.0593668011795745
434,"LBY","Libya",-9999,-9999,-9999,-9999,-9999,-9999,-9999,-9999,-9999,0.0787909307548273,0.070563445717821,0.0635164543843056,0.0588916500026853,0.0545801113247697,0.0487422425471813,0.0450100198425105,0.0418561974522751,0.0417106669720548,0.042289628306051,0.0435829615828809,0.0413743835347193
438,"LIE","Liechtenstein",-8888,-8888,-8888,-8888,-8888,-8888,-8888,-8888,-8888,-8888,-8888,-8888,-8888,-8888,-8888,-8888,-8888,-8888,-8888,-8888,-8888
440,"LTU","Lithuania",-9999,-9999,-9999,-9999,-9999,0.345657340328361,0.316501850401964,0.294328248135727,0.270922532768367,0.250403620026167,0.224670262748007,0.201510490354878,0.17430800028783,0.152849439043862,0.141695335177116,0.135969603572762,0.141704843699859,0.152531671452937,0.152353652641546,0.127928049299182,0.100686001558296
442,"LUX","Luxembourg",0.522756475002517,0.515537111398761,0.470391316396961,0.393893394729725,0.321893923927258,0.260462617271347,0.217382054246323,0.187850320464137,0.159957511667169,0.136700145268446,0.118537772015338,0.103047311247783,0.0901055819590517,0.07868415174321,0.0689727759454402,0.061791756602019,0.0534653299800969,0.0448332308469599,0.0392569022693774,0.0307483177318273,0.0198152901882651
446,"MAC","Macao",-8888,-8888,-8888,-8888,-8888,-8888,-8888,-8888,-8888,-8888,-8888,-8888,-8888,-8888,-8888,-8888,-8888,-8888,-8888,-8888,-8888
450,"MDG","Madagascar",1.0207195661853,0.843699015921142,0.675313500482688,0.484899895807738,0.383176640721786,0.310736401690204,0.264316594084619,0.227876816011096,0.19328135646115,0.163280651244775,0.140108228698483,0.127036387819115,0.122226964139175,0.0976617939545588,0.0828097440718416,0.0736906399703632,0.0694241218365457,0.0646924904898374,0.061024493230516,0.0579003769273025,0.0551754686722123
454,"MWI","Malawi",-8888,-8888,-8888,-8888,-8888,-8888,-8888,-8888,-8888,-8888,-8888,-8888,-8888,-8888,-8888,-8888,-8888,-8888,-8888,-8888,-8888
458,"MYS","Malaysia",-0.0324562935327741,-0.0476683238078881,-0.036690991857436,-0.0114452080615769,0.020152143524643,0.052652947453234,0.0839429629734691,0.111774074722707,0.126107924109516,0.121370043918002,0.0896432430173384,0.0529672535452519,0.0335023757107451,0.0318559617899872,0.033384579177627,0.0360160902107951,0.0528958210649153,0.0743366552306746,0.0847628580786255,0.0973873634551907,0.0849443242921517
462,"MDV","Maldives",-8888,-8888,-8888,-8888,-8888,-8888,-8888,-8888,-8888,-8888,-8888,-8888,-8888,-8888,-8888,-8888,-8888,-8888,-8888,-8888,-8888
466,"MLI","Mali",-8888,-8888,-8888,-8888,-8888,-8888,-8888,-8888,-8888,-8888,-8888,-8888,-8888,-8888,-8888,-8888,-8888,-8888,-8888,-8888,-8888
470,"MLT","Malta",0.991595648177241,0.731067716362411,0.501488148014346,0.425967956996603,0.350630341789419,0.287035108878534,0.244984313910248,0.213190161800561,0.184627344714107,0.160225766748159,0.139774291894385,0.120151702322092,0.11033886515112,0.109096141643721,0.107039790400322,0.102895350147222,0.100282755769549,0.0961803720258068,0.0898159357133865,0.0776459104214231,0.0608027389265573
584,"MHL","Marshall Islands",-8888,-8888,-8888,-8888,-8888,-8888,-8888,-8888,-8888,-8888,-8888,-8888,-8888,-8888,-8888,-8888,-8888,-8888,-8888,-8888,-8888
478,"MRT","Mauritania",-9999,-9999,-9999,-9999,-9999,-9999,0.670454360925522,0.536228704809919,0.462969413632299,0.404354110489366,0.344723309184788,0.276981638205816,0.213179749067082,0.161701580439943,0.127497174220382,0.103193846821289,0.0870833132534541,0.0768198189221572,0.0710514979762698,0.0686791574099135,0.0676077199879119
480,"MUS","Mauritius",0.011629563894094,0.0240925844930355,-0.0972368335327922,-0.17978694011328,-0.228280899212624,-0.245322922669773,-0.239044850878543,-0.211763711310419,-0.165380239834717,-0.0952376067221146,0.00208550473407598,0.147429673917171,0.136350108044752,0.117623465430181,0.0983683633173731,0.0882008951664419,0.0815951788435181,0.0772496096767095,0.0714292071162825,0.0670360906760348,0.0633849056614393
484,"MEX","Mexico",0.108262150093268,0.117611422520509,0.111309218220428,0.0875029998696701,0.098888070107529,0.100534649749914,0.106234756851804,0.164335762033028,0.211657890749789,0.233184476443056,0.260302209039404,0.280822112064414,0.166727292663078,0.0650424063819086,-0.0095852269640907,-0.0610299320240067,-0.0928404657571577,-0.0758636016582318,-0.05401298787984,-0.0234180180722325,0.0184494921490999
583,"FSM","Micronesia",-8888,-8888,-8888,-8888,-8888,-8888,-8888,-8888,-8888,-8888,-8888,-8888,-8888,-8888,-8888,-8888,-8888,-8888,-8888,-8888,-8888
498,"MDA","Moldova",-9999,-9999,-9999,-9999,-9999,0.284175449814686,0.288607353650625,0.291112038129263,0.289089537511938,0.271179463095056,0.240713384046994,0.204540995255468,0.172779478240278,0.144746814701579,0.119638932349259,0.102869089680834,0.100117999246249,0.0953594720767572,0.088624206825789,0.0827341477776087,0.0762128745513149
492,"MCO","Monaco",-8888,-8888,-8888,-8888,-8888,-8888,-8888,-8888,-8888,-8888,-8888,-8888,-8888,-8888,-8888,-8888,-8888,-8888,-8888,-8888,-8888
496,"MNG","Mongolia",-9999,-9999,-9999,-9999,-9999,-9999,-9999,-9999,-9999,-9999,-9999,-9999,-9999,-9999,-9999,-9999,-9999,0.412760376947817,0.25921082657902,0.163425063176083,0.0989593372719861
499,"MNE","Montenegro",-9999,-9999,-9999,-9999,-9999,-9999,-9999,0.213236380650044,0.19756754095802,0.169562770692744,0.143457618102116,0.127593995723879,0.126658403092735,0.140504272410779,0.153078517483538,0.165917682343535,0.174204526047947,0.165140376650085,0.150989484788675,0.131228487426565,0.106421571098773
504,"MAR","Morocco",-9999,-9999,-9999,-9999,-9999,-9999,-9999,-9999,-9999,-9999,-9999,-9999,-9999,-9999,-9999,-9999,-9999,-9999,-9999,-9999,0.137842217614516
508,"MOZ","Mozambique",1.28738411367928,1.19051433187464,1.17356553231887,1.03434527068549,0.952812117510975,0.871100443628339,0.762975767277262,0.634784259316788,0.488279654463339,0.338740721508002,0.19034423551446,0.104874428549906,0.092622944879255,0.070450457481634,0.0632636453884841,0.0685708723688641,0.0735800758558207,0.0769814201277299,0.0778344054821603,0.0733442677335701,0.0660668647348455
104,"MMR","Myanmar",0.0593165728964695,0.0799832549750847,0.0787891221238399,0.0769130141654664,0.0828608426621766,0.101041950828205,0.0876050205927665,0.0820572403177531,0.0740757583737537,0.063770064151109,0.0506164941560101,0.0573640697376911,0.0463529849467428,0.0354075561914675,0.0334128952159589,0.049800498660602,0.0404251583417681,0.0388928074294286,0.0373564058046068,0.035996020147455,0.0347972337942986
516,"NAM","Namibia",0.999198163802022,1.0001636206048,0.903052425892542,0.724047796926642,0.473995803809452,0.224842905275968,0.20842938274786,0.203765086329528,0.198739658408106,0.182628719568153,0.161139178200627,0.133609982467788,0.104633199979058,0.0709398648806314,0.0375609960713232,0.00890088427605162,0.0203865254664319,0.0334956091447463,0.0452973395422411,0.0504133401975195,0.0529066146397446
520,"NRU","Nauru",-8888,-8888,-8888,-8888,-8888,-8888,-8888,-8888,-8888,-8888,-8888,-8888,-8888,-8888,-8888,-8888,-8888,-8888,-8888,-8888,-8888
524,"NPL","Nepal",-8888,-8888,-8888,-8888,-8888,-8888,-8888,-8888,-8888,-8888,-8888,-8888,-8888,-8888,-8888,-8888,-8888,-8888,-8888,-8888,-8888
528,"NLD","Netherlands",0.0231781416648602,0.0185524783298392,-0.0154113518263024,-0.0539361568980449,-0.0749933739995277,-0.0895335158863517,-0.0965086865169289,-0.0881616872516402,-0.0719607176366981,-0.0412533591215459,-0.00798021490038303,0.0353382411337275,0.039481976707882,0.0306741565903972,0.025630183738077,0.00552636488233937,-0.00674113038374835,-0.018507368719796,-0.0290681042231324,-0.0303003665776092,-0.0257048349602548
540,"NCL","New Caledonia",-8888,-8888,-8888,-8888,-8888,-8888,-8888,-8888,-8888,-8888,-8888,-8888,-8888,-8888,-8888,-8888,-8888,-8888,-8888,-8888,-8888
554,"NZL","New Zealand",-0.0170038242341864,-0.00915012386975023,-0.00460195546220077,-0.00484171533947064,0.00675170625964672,0.00600181454719229,0.0181956498889235,0.0350211741180502,0.0459858509967448,0.0603516547873182,0.0728140556821284,0.0834010930698614,0.0840849012409515,0.0801424690974988,0.0757467734225186,0.074315776019193,0.0704945049995491,0.066527370703241,0.064740537854364,0.0652508557900178,0.0611992490819362
558,"NIC","Nicaragua",-8888,-8888,-8888,-8888,-8888,-8888,-8888,-8888,-8888,-8888,-8888,-8888,-8888,-8888,-8888,-8888,-8888,-8888,-8888,-8888,-8888
562,"NER","Niger",-8888,-8888,-8888,-8888,-8888,-8888,-8888,-8888,-8888,-8888,-8888,-8888,-8888,-8888,-8888,-8888,-8888,-8888,-8888,-8888,-8888
566,"NGA","Nigeria",-0.00911671109987855,0.0985864557008611,0.189909095287024,0.265178857619813,0.313612150152659,0.316925406263467,0.254887689186799,0.21237417278409,0.176305967205281,0.155044025545604,0.146408378449064,0.138561316408509,0.124292604508196,0.106109136157193,0.0905474605828778,0.0782965976601824,0.0706021039002984,0.0634429302334816,0.0579254809093113,0.054763095843424,0.0529162687551263
570,"NIU","Niue",-8888,-8888,-8888,-8888,-8888,-8888,-8888,-8888,-8888,-8888,-8888,-8888,-8888,-8888,-8888,-8888,-8888,-8888,-8888,-8888,-8888
408,"PRK","North Korea",-8888,-8888,-8888,-8888,-8888,-8888,-8888,-8888,-8888,-8888,-8888,-8888,-8888,-8888,-8888,-8888,-8888,-8888,-8888,-8888,-8888
807,"MKD","North Macedonia",1.06029751456024,0.842470789994786,0.637088172400663,0.455140834457227,0.350550457828341,0.283392374087731,0.248529416584712,0.223710589026979,0.195874069643761,0.172346237439703,0.154861947228992,0.142490972589125,0.0992361100364318,0.0283759768751108,-0.000447017692410068,-0.0148065529934911,-0.0124948795924478,-0.00636149554302279,0.00532446640263062,0.0232475227576341,0.0471699313257714
578,"NOR","Norway",-0.0398587816910836,-0.0124427035629791,0.0138371093746654,0.00275625221133113,-0.00018338083926206,0.00152802851676581,0.00119096215671233,-0.002011507637105,-0.00115559225255379,0.00121968282239626,-0.0239428874962518,-0.0583015502380888,-0.0719620181473476,-0.101970515882554,-0.120029549704319,-0.125307789959345,-0.120934652420881,-0.101933700670241,-0.0800806971535082,-0.0423091027458564,-0.023249332054149
512,"OMN","Oman",0.878052454253401,0.611875556691535,0.479826207612429,0.388978654847676,0.377703990087505,0.39844952738039,0.448945607092644,0.485831107981972,0.493696118820035,0.471457579930261,0.420608209767236,0.288756089983647,0.21410111952172,0.163452645154878,0.126395261248547,0.101131649605089,0.0861350133491943,0.0726423972032315,0.0621055952801695,0.0554661967794949,0.0567631227660299
586,"PAK","Pakistan",-0.138638150579033,-0.113649023063501,-0.0803630359048184,-0.0424674239893503,-0.00983766900769456,0.0127542068808442,0.0164116862499315,0.0221784743495719,0.02622779802621,0.0258528891251408,0.0281542589517696,0.0328465263701365,0.0333639336637304,0.0328329155894771,0.0306380502873884,0.0272789637179289,0.0228753343689012,0.0195574346974752,0.0172509669446463,0.0165687784448385,0.0173274732568967
585,"PLW","Palau",-8888,-8888,-8888,-8888,-8888,-8888,-8888,-8888,-8888,-8888,-8888,-8888,-8888,-8888,-8888,-8888,-8888,-8888,-8888,-8888,-8888
591,"PAN","Panama",-8888,-8888,-8888,-8888,-8888,-8888,-8888,-8888,-8888,-8888,-8888,-8888,-8888,-8888,-8888,-8888,-8888,-8888,-8888,-8888,-8888
598,"PNG","Papua New Guinea",0.836999962977576,0.350303326288772,0.170859739042866,0.0610037005495605,0.0569016477410169,0.107248217637986,0.19990200451179,0.313096149919986,0.414559816538804,0.496098019079961,0.568290288700453,0.309830717196414,0.216517380450668,0.155670540427266,0.114145362300965,0.0875066595703962,0.0745147925181155,0.0635889729655645,0.056918971558134,0.0544835088098057,0.0546318328470177
600,"PRY","Paraguay",-8888,-8888,-8888,-8888,-8888,-8888,-8888,-8888,-8888,-8888,-8888,-8888,-8888,-8888,-8888,-8888,-8888,-8888,-8888,-8888,-8888
604,"PER","Peru",1.126209632092,0.890671523353798,0.681240524831799,0.486890764061277,0.372448233202722,0.306763611658279,0.278910233453763,0.258378426399213,0.241934662353476,0.221439445515244,0.19789349545719,0.172978700836026,0.142876064441185,0.117755332698117,0.0961491865433968,0.080621725619666,0.0730344985046554,0.0658017719117447,0.0607757064323386,0.0576961206405024,0.055838828185826
608,"PHL","Philippines",0.0189911353984935,-0.0278815144206375,-0.0496668642943349,-0.0523063245373731,-0.0440970022981544,-0.0261583132563955,-0.0015706775399742,0.0230193572048647,0.0421712825524392,0.0511540043699363,0.0554227796139974,0.0531007928797222,0.0445488348507004,0.0362563871480881,0.0283954256631211,0.0219849503217855,0.0172468627633804,0.0141001804915828,0.0125900492203246,0.0128866235983507,0.0151609089490934
616,"POL","Poland",0.0887235456931221,0.0558496160417348,0.0225538381631269,0.00598794566800942,-0.0168503670453827,-0.0319279154315091,-0.0329674618045765,-0.0292114048528513,-0.0188358899415709,-0.00202160978617161,0.00597007521555981,0.00850805351443795,0.0140853444602145,0.0222468643619222,0.0307010414309465,0.038343044164074,0.0633845001481204,0.0817214196903828,0.096565760055926,0.118767468809448,0.11514489956284
620,"PRT","Portugal",0.0455180793473724,0.0494792587555044,0.0494694324577329,0.0582144016328858,0.0589598573974104,0.0617501839853694,0.0646052789836593,0.0676947325411439,0.0694288858386205,0.0734661093730178,0.12516070075175,0.192029124242177,0.244542213794962,0.282721729286627,0.30294702098373,0.302445058149755,0.281035393520975,0.241913760030109,0.18541080127214,0.113446800094741,0.0913733971681017
634,"QAT","Qatar",-8888,-8888,-8888,-8888,-8888,-8888,-8888,-8888,-8888,-8888,-8888,-8888,-8888,-8888,-8888,-8888,-8888,-8888,-8888,-8888,-8888
178,"COG","Republic of Congo",1.0274814316405,0.849377630394668,0.70239525569394,0.576462046192696,0.511207465133358,0.455211822178891,0.430201669438155,0.408600585807504,0.371650853520876,0.328891734651787,0.268142329449669,0.216737841019893,0.171948533761699,0.137917043956395,0.107782629228167,0.0853638703837782,0.0777363620121103,0.0691220815395055,0.0634420063282164,0.0604067740576433,0.0586803896638406
642,"ROU","Romania",-0.0593070517592628,-0.0598204366465652,-0.0676275774005289,-0.100944080161376,-0.118364316668346,-0.113790121620677,-0.0910256355675232,-0.0623894232765365,-0.0219604853521544,0.0225149495631936,0.0352827463419132,0.0656931431007319,0.0743482685875501,0.0544345196188005,0.0367461591532281,0.0289232356997229,0.0334358769957066,0.0447183491862388,0.0649375206564722,0.0855506991277226,0.0692373835909319
643,"RUS","Russia",0.0518716869061417,0.0413543577210878,0.0421801876581542,0.0384392811297485,0.0366776875860002,0.0369589456447919,0.0397098785644439,0.0387339156989823,0.0402305658295863,0.0402955154992721,0.0317808157618975,0.0306346604318319,0.0285803941698319,0.0605303839531177,0.0858641737835573,0.092353030945461,0.0921975117945093,0.0882255278221693,0.0983173128208845,0.107431287534149,0.0870898975875396
646,"RWA","Rwanda",0.705599172846187,0.610163971830659,0.575109761134457,0.610459609511679,0.71358685387205,0.687410285409928,0.718297003659512,0.714289822987008,0.673248305225816,0.598309055945634,0.49590678538943,0.351246527245179,0.241989490491498,0.169655929937983,0.119037607882042,0.0906988710628891,0.0817650946364976,0.0709316961981377,0.0644705677591397,0.0614732768829822,0.0604645904838155
652,"BLM","Saint Barthelemy",-8888,-8888,-8888,-8888,-8888,-8888,-8888,-8888,-8888,-8888,-8888,-8888,-8888,-8888,-8888,-8888,-8888,-8888,-8888,-8888,-8888
659,"KNA","Saint Kitts and Nevis",1.31253376426718,1.06490184177442,0.85891643183174,0.658170976854611,0.53693665250594,0.456435358836144,0.399362943110571,0.351657898473619,0.310428540867336,0.268299996006089,0.227407836092361,0.19284189760323,0.15933195872139,0.129007082779278,0.101290684701955,0.0836691684778827,0.0765365953339854,0.0687433097835013,0.0634544989201959,0.060294677451473,0.0582606385382112
662,"LCA","Saint Lucia",0.134457034676846,0.125861294069915,0.107018742978313,0.0831508404506949,0.0583030152132451,0.0349752910410823,0.0155612866634103,0.00105249949019726,-0.00802302182668668,-0.0112191607645551,-0.00838683299493947,-0.00531717869664028,-0.00122469685958471,0.00204490858606121,0.00428921024484064,0.00563067638544368,0.00632085348300526,0.00668970504642119,0.00668452884290982,0.00625322782958593,0.00523063382045175
670,"VCT","Saint Vincent and the Grenadines",1.46693517294734,1.28209603485644,1.07549682652126,0.866816233775303,0.71240388526235,0.570441992338686,0.432243348640549,0.34766813592668,0.279598124095674,0.225438551636628,0.178846339062177,0.159003526539043,0.136579064990104,0.114971553815067,0.0938545726445534,0.0834646143883002,0.0761092962253647,0.0694381962010859,0.0643030582163575,0.0606387108009081,0.0579826335631861
882,"WSM","Samoa",-8888,-8888,-8888,-8888,-8888,-8888,-8888,-8888,-8888,-8888,-8888,-8888,-8888,-8888,-8888,-8888,-8888,-8888,-8888,-8888,-8888
674,"SMR","San Marino",-9999,-9999,-9999,-9999,-9999,-9999,-9999,0.0603307898834773,0.0535814166566151,0.0542443846375606,0.0622125396092565,0.0650816094399158,0.0671710678270512,0.0683551299070952,0.0640314663720298,0.056910420269257,0.0474353807307593,0.0407149262473339,0.0359476442717068,0.0331118357882663,0.0332354393143
678,"STP","Sao Tome and Principe",-8888,-8888,-8888,-8888,-8888,-8888,-8888,-8888,-8888,-8888,-8888,-8888,-8888,-8888,-8888,-8888,-8888,-8888,-8888,-8888,-8888
682,"SAU","Saudi Arabia",0.034132885018977,0.0685404095836917,0.109373726643682,0.154057488416424,0.185808777468806,0.186034773610578,0.177640858173313,0.16692656472096,0.152130613665072,0.134812468661363,0.116700400554932,0.0984766642727246,0.0826081296626808,0.0784723115331705,0.0800442902157235,0.0709570820521683,0.0659660879189377,0.0597413296160354,0.055247792611143,0.0520200246233331,0.0499387971114884
686,"SEN","Senegal",-8888,-8888,-8888,-8888,-8888,-8888,-8888,-8888,-8888,-8888,-8888,-8888,-8888,-8888,-8888,-8888,-8888,-8888,-8888,-8888,-8888
688,"SRB","Serbia",-9999,-9999,-9999,-9999,-9999,0.283722358518486,0.236832900848653,0.213929652906117,0.198276991815379,0.170026526281178,0.143812998526264,0.127661134634182,0.112423743261837,0.102263036549236,0.0892960260849884,0.078832246496094,0.0703661500044823,0.0644739242644046,0.0603090050228154,0.0568221846782129,0.0545673465525547
690,"SYC","Seychelles",-8888,-8888,-8888,-8888,-8888,-8888,-8888,-8888,-8888,-8888,-8888,-8888,-8888,-8888,-8888,-8888,-8888,-8888,-8888,-8888,-8888
694,"SLE","Sierra Leone",0.60601086912942,0.3964201854925,0.341308301364812,0.333018594031776,0.413600644004047,0.535158044190297,0.677468824399973,0.793968576702164,0.808437037064157,0.753580073493942,0.615541128060709,0.394679448496045,0.254161430486739,0.174092441328363,0.121452680813371,0.0911125767151715,0.0820125563760721,0.0708661145498493,0.0642903235299077,0.0613499832852875,0.0604848650245482
702,"SGP","Singapore",0.0752369334589262,0.0863021834346334,0.115170999323779,0.135568263148371,0.148467584317786,0.144420448168329,0.136264437253209,0.127562067852408,0.113355751569994,0.0965926201324641,0.0795082981822965,0.0608030074824499,0.0504865911702035,0.0393623731071748,0.0396802691145874,0.0372478061223078,0.0344160230899677,0.0363517275954086,0.0407030640335353,0.0474415422287935,0.0477159118493129
534,"SXM","Sint Maarten",-8888,-8888,-8888,-8888,-8888,-8888,-8888,-8888,-8888,-8888,-8888,-8888,-8888,-8888,-8888,-8888,-8888,-8888,-8888,-8888,-8888
703,"SVK","Slovakia",-9999,-9999,0.271826451828442,0.300945603058963,0.253830048081554,0.191229145685681,0.147506614514681,0.152138030535364,0.150451766581455,0.145758160581413,0.184624062899446,0.220872732775968,0.234446713606429,0.235200453260486,0.221933332376568,0.19857786311099,0.172029311463929,0.128125287457525,0.082196170238459,0.0253300404638463,0.0154185133678642
705,"SVN","Slovenia",-9999,-9999,-9999,-9999,-9999,0.00593295838937236,0.0279713047200951,0.0479287947581362,0.0623086348826043,0.0809771922957947,0.0880025651298884,0.0917451403900431,0.0807160800974083,0.0637887292649126,0.0524986840314488,0.0463975852478224,0.0449709056457213,0.0434669941439103,0.039258522144316,0.0329929672191898,0.0162112039898736
90,"SLB","Solomon Islands",-8888,-8888,-8888,-8888,-8888,-8888,-8888,-8888,-8888,-8888,-8888,-8888,-8888,-8888,-8888,-8888,-8888,-8888,-8888,-8888,-8888
706,"SOM","Somalia",-8888,-8888,-8888,-8888,-8888,-8888,-8888,-8888,-8888,-8888,-8888,-8888,-8888,-8888,-8888,-8888,-8888,-8888,-8888,-8888,-8888
710,"ZAF","South Africa",0.0572678065788557,0.0833757701243067,0.0955115813834042,0.10011664464115,0.101334926282591,0.0891392175809134,0.0685739361713518,0.0746881387304728,0.081702858251645,0.0820770889132583,0.0787693906654039,0.0589720780845633,0.0627077752013581,0.0897173947078451,0.10463640554474,0.129131997874052,0.154483070391357,0.156787014999976,0.15155311104393,0.136132733807026,0.112959071080829
410,"KOR","South Korea",0.146442836619068,0.146739465505141,0.120602597958208,0.109869586096527,0.0821078111593934,0.0428046991358535,0.00821048061015395,-0.0145736904468027,-0.0288799277260301,-0.0418843086197698,-0.0418361068634676,-0.0474579975274588,-0.0625238739054353,-0.050716650642494,-0.0397875167650817,-0.0279203385694857,-0.0242429520599448,-0.0314485550956705,-0.0271038034923502,-0.00358003873951451,-0.00869534665422556
728,"SSD","South Sudan",-8888,-8888,-8888,-8888,-8888,-8888,-8888,-8888,-8888,-8888,-8888,-8888,-8888,-8888,-8888,-8888,-8888,-8888,-8888,-8888,-8888
724,"ESP","Spain",0.00899594272329951,0.00409596955127212,0.00425793684856335,0.00647539316355039,0.0132579992919628,0.020064501824582,0.0301199866917718,0.0444885278865765,0.0580076512286756,0.076951787273237,0.0763726464089791,0.0732975711982859,0.0641378148020637,0.0478369399720788,0.0341445512123286,0.0200546307712848,-0.0162675976015275,-0.0444235105285744,-0.0684056920562378,-0.0910729625885615,-0.116779382836887
144,"LKA","Sri Lanka",-8888,-8888,-8888,-8888,-8888,-8888,-8888,-8888,-8888,-8888,-8888,-8888,-8888,-8888,-8888,-8888,-8888,-8888,-8888,-8888,-8888
275,"PSE","State of Palestine",-8888,-8888,-8888,-8888,-8888,-8888,-8888,-8888,-8888,-8888,-8888,-8888,-8888,-8888,-8888,-8888,-8888,-8888,-8888,-8888,-8888
729,"SDN","Sudan",-8888,-8888,-8888,-8888,-8888,-8888,-8888,-8888,-8888,-8888,-8888,-8888,-8888,-8888,-8888,-8888,-8888,-8888,-8888,-8888,-8888
740,"SUR","Suriname",-0.0874803305256601,-9999,-9999,-9999,-9999,-9999,-9999,-9999,-9999,-9999,-9999,-9999,-9999,-9999,-9999,-9999,-9999,-9999,-9999,-9999,-9999
752,"SWE","Sweden",0.0176445332385116,0.0168627972646289,0.0733529907343733,0.0701182877051816,0.0614267370522705,0.0541281947660766,0.0531343998758658,0.0532508682732076,0.0570727804535871,0.055051135961711,0.0379018162857672,0.0306636196724694,0.0171715352355537,0.000285001996298329,-0.0180913101130028,-0.0288397881338917,-0.0338333086381541,-0.0320161616860742,-0.0277944499614602,-0.0227318623770189,-0.0299362989393468
756,"CHE","Switzerland",-0.0121741046375461,0.0270556916934581,0.065256872872995,0.0959145833358759,0.1129361002282,0.122689772930748,0.121798258794653,0.112131562933077,0.100147635103057,0.0909760592187498,0.0811399234415104,0.0725672100001493,0.0669091908832922,0.0650858566385104,0.0597494795692062,0.0546395235579131,0.0453701622695066,0.0362801803357313,0.0283171648386518,0.0197671635198569,0.00504163203149965
760,"SYR","Syria",-8888,-8888,-8888,-8888,-8888,-8888,-8888,-8888,-8888,-8888,-8888,-8888,-8888,-8888,-8888,-8888,-8888,-8888,-8888,-8888,-8888
158,"TWN","Taiwan",0.194011915685075,0.240930162113184,0.261632158030969,0.268042093497715,0.253012162408909,0.214707701078608,0.160892289522151,0.121151467033453,0.100452506924549,0.0686417428786583,0.0358545205602929,0.0270203176437753,0.00937596646614058,-0.0068356497157146,-0.0104364880185861,-0.0106132487976952,-0.021964277361222,-0.023619371392557,-0.0200970558763184,-0.0104233097264348,-0.0130713551960281
762,"TJK","Tajikistan",-0.153744463420774,-0.170625586050848,-0.170232769744196,-0.18099618593426,-0.192262390357838,-0.184078502252343,-0.162296251903398,-0.136504796956838,-0.102876719775409,-0.08032065055961,-0.0469135706568579,-0.0109288087485014,-0.0702416914205239,-0.195732649558922,-0.277181240766421,-0.321866550519697,-0.338012589979652,-0.326646614038595,-0.289529717188303,-0.233842872232619,-0.143701652683837
834,"TZA","Tanzania",-8888,-8888,-8888,-8888,-8888,-8888,-8888,-8888,-8888,-8888,-8888,-8888,-8888,-8888,-8888,-8888,-8888,-8888,-8888,-8888,-8888
764,"THA","Thailand",-0.117992484621286,-0.129163594639279,-0.157309726127698,-0.168591578413846,-0.167970351746012,-0.158282163626174,-0.141247065872494,-0.116003146053391,-0.0862953839112405,-0.0564975350505257,-0.0328963379202457,-0.0137042250204084,-0.0804080160003638,-0.168289345820207,-9999,-9999,-9999,-9999,-9999,-9999,-9999
626,"TLS","Timor-Leste",-8888,-8888,-8888,-8888,-8888,-8888,-8888,-8888,-8888,-8888,-8888,-8888,-8888,-8888,-8888,-8888,-8888,-8888,-8888,-8888,-8888
768,"TGO","Togo",-8888,-8888,-8888,-8888,-8888,-8888,-8888,-8888,-8888,-8888,-8888,-8888,-8888,-8888,-8888,-8888,-8888,-8888,-8888,-8888,-8888
776,"TON","Tonga",-8888,-8888,-8888,-8888,-8888,-8888,-8888,-8888,-8888,-8888,-8888,-8888,-8888,-8888,-8888,-8888,-8888,-8888,-8888,-8888,-8888
780,"TTO","Trinidad and Tobago",-8888,-8888,-8888,-8888,-8888,-8888,-8888,-8888,-8888,-8888,-8888,-8888,-8888,-8888,-8888,-8888,-8888,-8888,-8888,-8888,-8888
788,"TUN","Tunisia",-9999,-9999,-9999,-9999,-9999,-9999,-9999,-9999,-9999,-9999,-9999,-9999,-9999,-9999,-9999,-9999,-9999,-9999,-9999,-9999,-9999
792,"TUR","Turkey",-0.0528730083922817,-0.0542392005793395,-0.0482293427862521,-0.0313193768180479,-0.0113985778103523,0.0119705232292227,0.0354814678974142,0.0573615562157055,0.0748282887367122,0.0831097053684713,0.0927953145977107,0.108783902117723,0.116465224439958,0.118959353321136,0.111618497568803,0.104057054925218,0.0892374761518302,0.0721608452306954,0.0593213715171059,0.0430628800209185,0.0332630723128238
795,"TKM","Turkmenistan",0.807954234649189,0.676012296357783,0.5824068229253,0.516133500273033,0.521421967209502,0.521692555975503,0.526145790435969,0.509681729175805,0.443640832537126,0.364847844646958,0.291101352419972,0.224905432177642,0.172283082905791,0.135467604545455,0.112265288736265,0.0941980264819293,0.0809327718441417,0.0714124751622656,0.0646495462017309,0.0603145885641427,0.0587127530380134
796,"TCA","Turks and Caicos Islands",-8888,-8888,-8888,-8888,-8888,-8888,-8888,-8888,-8888,-8888,-8888,-8888,-8888,-8888,-8888,-8888,-8888,-8888,-8888,-8888,-8888
798,"TUV","Tuvalu",-8888,-8888,-8888,-8888,-8888,-8888,-8888,-8888,-8888,-8888,-8888,-8888,-8888,-8888,-8888,-8888,-8888,-8888,-8888,-8888,-8888
800,"UGA","Uganda",-8888,-8888,-8888,-8888,-8888,-8888,-8888,-8888,-8888,-8888,-8888,-8888,-8888,-8888,-8888,-8888,-8888,-8888,-8888,-8888,-8888
804,"UKR","Ukraine",0.0705132646383599,0.0694375027199017,0.0808928721267834,0.0829176362167354,0.0800676464728887,0.0787364846915615,0.0724582358007928,0.0706547636808377,0.0712634610364387,0.0743349801512989,0.07551484868569,0.0760530178170227,0.0688609682156467,0.0602323791896453,0.0537554046014312,0.0540211364178094,0.0547387453978103,0.0623864516642425,0.0742167268916931,0.0927965747370263,0.109444090818157
784,"ARE","United Arab Emirates",-0.0833686985197108,-0.0622350694875876,-0.0269434740196768,0.00275539850577222,0.0233722850291966,0.0320955234252978,0.0327783572825611,0.0374236152392839,0.0566352427688155,0.0619367382667781,0.0738049816635495,0.0810424897702433,0.0769023065455112,0.0638018235413003,0.0485390320872225,0.0411963490886169,0.0330254901201366,0.0324485664310143,0.0317064476619839,0.0300544730295715,0.0304038080632842
826,"GBR","United Kingdom",0.0557387186429823,0.0355564117500287,0.026976346322936,0.0219420135368986,0.00669145334078314,0.00534608084393784,0.0110574163998713,0.0183660069613025,0.0263343421463076,0.0399036665887651,0.0535659669227426,0.0565219348638539,0.0544233917609422,0.0540644443635334,0.0512720509646758,0.0413481010496588,0.03168783245341,0.0228817265960903,0.0164499281184154,0.0104944506846167,0.00281470416129337
840,"USA","United States of America",0.0734478032203401,0.090008643463046,0.0990861065603965,0.104078951042466,0.100435885278738,0.095858697748797,0.0911234703399124,0.0875162108129861,0.0822040715789791,0.0800234967361828,0.080755373812915,0.0847444032643982,0.0809879939253488,0.0736490101203569,0.0615335523895533,0.0503283470631881,0.0390955029334914,0.0281327128508277,0.0184322793859095,0.0090687256244848,0.00427212431851665
858,"URY","Uruguay",0.527721196721763,0.575220385705884,0.565285706510839,0.488956328400276,0.4002283032593,0.327656914904548,0.264959068665196,0.219201723838842,0.18418387027177,0.160537840196964,0.138708428722184,0.132415294118921,0.0787617535670448,-0.249498854389654,-0.168601439693201,-0.0438621076032241,0.0813876495126278,0.192870795575879,0.306971170214479,0.41003940482375,0.505341015761319
860,"UZB","Uzbekistan",0.940200379675534,0.79492819808545,0.654226644705108,0.483479719765121,0.391773205531716,0.331542155981768,0.299389731945358,0.271310729635647,0.243607262460519,0.21767876272796,0.193412918128599,0.16828248288494,0.21769972395234,0.264432688833162,0.254849945467156,0.242729163418706,0.228320397820187,0.20280888191667,0.168895991205186,0.126938969877671,0.0768330586129804
548,"VUT","Vanuatu",-8888,-8888,-8888,-8888,-8888,-8888,-8888,-8888,-8888,-8888,-8888,-8888,-8888,-8888,-8888,-8888,-8888,-8888,-8888,-8888,-8888
862,"VEN","Venezuela",-0.0952085789283184,-0.10231398532447,-0.0958230171374831,-0.0945719464525496,-0.0884564332595458,-0.0662398465051507,-0.0450334753214491,-0.011709231305905,0.0297589500054096,0.0669098632884686,0.0786682550306106,0.0901015304509583,0.0863409629560916,0.0652650100221908,0.0387459688304115,0.0320460115137655,0.0176627376603888,0.0114099274849857,0.00967356098818439,0.0138746892101467,0.0216291090006775
704,"VNM","Viet Nam",-8888,-8888,-8888,-8888,-8888,-8888,-8888,-8888,-8888,-8888,-8888,-8888,-8888,-8888,-8888,-8888,-8888,-8888,-8888,-8888,-8888
876,"WLF","Wallis and Futuna Islands",-8888,-8888,-8888,-8888,-8888,-8888,-8888,-8888,-8888,-8888,-8888,-8888,-8888,-8888,-8888,-8888,-8888,-8888,-8888,-8888,-8888
732,"ESH","Western Sahara",-8888,-8888,-8888,-8888,-8888,-8888,-8888,-8888,-8888,-8888,-8888,-8888,-8888,-8888,-8888,-8888,-8888,-8888,-8888,-8888,-8888
887,"YEM","Yemen",-8888,-8888,-8888,-8888,-8888,-8888,-8888,-8888,-8888,-8888,-8888,-8888,-8888,-8888,-8888,-8888,-8888,-8888,-8888,-8888,-8888
894,"ZMB","Zambia",0.887317085825688,0.70586825361017,0.559458262682734,0.429832599768945,0.387270622117654,0.35989654334401,0.350448185990056,0.347956053223514,0.335717171835355,0.307016115849292,0.267945504042585,0.21811194042958,0.173257510211921,0.135310512408886,0.106202832300236,0.0868185276618889,0.0772659887488292,0.0684432193564035,0.0623688802163991,0.0592822293689974,0.0577716478847992
716,"ZWE","Zimbabwe",-8888,-8888,-8888,-8888,-8888,-8888,-8888,-8888,-8888,-8888,-8888,-8888,-8888,-8888,-8888,-8888,-8888,-8888,-8888,-8888,-8888
