"code","iso","country","GHN.raw.1999","GHN.raw.2000","GHN.raw.2001","GHN.raw.2002","GHN.raw.2003","GHN.raw.2004","GHN.raw.2005","GHN.raw.2006","GHN.raw.2007","GHN.raw.2008","GHN.raw.2009","GHN.raw.2010","GHN.raw.2011","GHN.raw.2012","GHN.raw.2013","GHN.raw.2014","GHN.raw.2015","GHN.raw.2016","GHN.raw.2017","GHN.raw.2018","GHN.raw.2019"
4,"AFG","Afghanistan",NA,NA,NA,NA,NA,NA,NA,NA,NA,NA,NA,NA,92980.5969696971,97655.6927272728,95321.4484848486,88913.6903030304,76251.54,58741.3115151515,39717.8254545455,24467.5745454545,24111.6987878788
8,"ALB","Albania",0,4936.33147642975,10071.269849697,12561.3055393939,15308.7776969697,17095.8483636364,18847.5269090909,17909.5976363636,14674.6753939394,11754.4047272727,9988.25363636363,9015.2756969697,9285.70496969697,9099.75672727272,10822.6291515151,13946.8954545455,13290.0653333333,12727.1936969697,13813.7011515151,12428.3173939394,11621.5094545455
12,"DZA","Algeria",298054.506060606,283951.861212121,223284.270909091,181092.432121212,177789.411515152,148548.654545454,209770.981818182,250929.645454545,256104.461818182,301582.24969697,315970.54060606,338694.72969697,333311.911515151,353764.071515152,369575.044242424,398296.430909091,455543.665454545,494228.546060606,510879.218181818,539170.785454545,536861.001212121
20,"AND","Andorra",NA,NA,NA,NA,NA,NA,NA,NA,NA,NA,NA,NA,NA,NA,NA,NA,NA,NA,NA,NA,NA
24,"AGO","Angola",242441.125044388,227774.3855368,201398.515748303,168240.36831897,142861.70465206,126553.045433333,122352.930058182,102532.705381818,91887.9218606061,95056.1499818182,99060.8243333334,117650.908181818,119682.932969697,123831.119818182,136544.059393939,177456.218787879,186742.84,181340.734545454,168824.347878788,138177.956363636,119326.255757576
660,"AIA","Anguilla",NA,NA,NA,NA,NA,NA,NA,NA,NA,NA,NA,NA,NA,NA,NA,NA,NA,NA,NA,NA,NA
28,"ATG","Antigua and Barbuda",678.445649515151,759.075456363636,798.213299393939,882.772076363636,965.499153333332,1014.52257151515,1027.41050121212,1031.79189575758,1063.21218666667,1074.67669333333,1116.70792909091,1059.82686666667,943.403474545454,898.608996969696,858.74706060606,812.830732727272,804.376215757575,800.14305090909,808.708580606061,847.596478181818,947.889312727272
32,"ARG","Argentina",455188.866666667,458445.63030303,432477.581818182,401643.187878788,427528.503030303,489708.357575758,530330.478787879,596126.090909091,630608.024242425,665790.066666667,628397.824242425,594538.515151515,537860.454545455,460266.818181818,409271.036363636,399024.2,386901.66060606,409013.303030303,432251.303030303,460405.975757576,410689.745454545
51,"ARM","Armenia",127.819554292024,2119.83111889806,3878.5314615978,7875.38393939394,8415.88018181818,9389.59854545454,13026.2943030303,14587.9925454545,17607.9176363636,20712.9555151515,18159.6413333333,16620.9186666667,16776.990969697,17507.7841818182,16348.1076969697,15170.2054545455,13922.162969697,14955.3733333333,15743.8513333333,20552.6412727273,20042.8342424243
533,"ABW","Aruba",2310.34506242424,6429.63381212121,8405.32797272728,9723.86525272728,10872.0609151515,11326.50288,11380.4962369697,10496.472129697,9293.242,6851.71675939393,3836.94722727273,3049.53784,2559.25894203857,1205.52714153168,0,0,0,0,0,NA,NA
36,"AUS","Australia",811605.296969697,940126.472727272,1051484.95151515,1116374.86060606,918711.012121211,924090.072727275,762060.83030303,777735.327272728,712257.606060606,605523.63030303,623854.787878787,606144.696969697,925175.206060606,1104004.89090909,823991.278787879,767325.551515151,626744.327272727,503998.872727273,525707.127272728,454700.145454545,351049.066666666
40,"AUT","Austria",102397.866060606,96566.6139393939,108113.327878788,109549.301818182,124833.341818182,125420.042424242,133064.675151515,143418.233333334,141136.712727273,137773.517575758,134045.152727273,155093.920606061,152043.502424242,130756.321818182,128759.170909091,116364.067272727,111970.707878788,111132.32969697,105298.334545455,82259.4212121212,77803.9569696969
31,"AZE","Azerbaijan",7791.38443305781,0,0,0,22390.0486666667,49650.8206060607,67692.9136969697,79427.1312121212,83304.8662424243,103656.460666667,94802.1096969697,86863.1547878786,82196.4933939393,80157.5924242425,78395.859030303,78756.3951515151,82639.1481212121,84063.6718787879,78721.3951515152,89163.1539393939,96605.4193939393
44,"BHS","Bahamas",2540.14665454545,2939.63673333333,3079.7635030303,3428.97613333333,3521.41403636364,3617.78211515151,3119.92503636364,2628.94788484849,1826.55404242424,3290.63868484848,1966.1668969697,3636.57305454545,2695.62133333333,2725.60439393939,5348.0908969697,5275.42632727273,4350.46405454545,2936.68045454545,2278.07920187328,2703.90300606061,1823.41866060606
48,"BHR","Bahrain",71085.7261515153,72186.157751515,55565.8122,44840.6481939394,41252.1904606061,39920.3785212121,44536.209169697,46346.4005939394,66882.4625393939,91894.6797878789,106559.079612121,120287.421442424,120129.886133334,118254.143448485,126703.886490909,124003.203781818,121703.615151515,106833.133557576,103615.162957576,87431.213448485,81603.8131696969
50,"BGD","Bangladesh",214921.372727273,221356.403636364,233323.008484849,241585.947878788,243867.314545455,246196.410909091,259478.009090909,276510.335757576,282811.927878788,295085.207272727,306981.515757576,321064.867272727,336257.56969697,348846.693333333,349809.745454545,354331.85030303,367618.183030303,371720.938787879,380585.347878788,398135.245454545,424199.67030303
52,"BRB","Barbados",1371.15398853995,1782.27416363636,2516.9258,2785.57683030303,3359.76316363636,3174.24659393939,3018.18713939394,2683.46974545454,2380.13764848485,2992.15825454545,3260.94424848485,3045.13806666666,3053.52378787879,2707.74736363636,2377.8336060606,1555.83384848485,1233.54220161616,1046.35260337925,340.242969696968,37.6108606060607,344.404393939393
112,"BLR","Belarus",0,0,0,3508.03127272746,36548.0872727275,61175.8521212121,76772.3666666667,101229.959393939,114805.867878788,136450.824242424,140075.655151515,144379.032121212,179335.4,188976.306060606,191124.295151515,192083.755151515,176349.833939394,163416.013939394,148624.727878788,147614.696363636,135377.862424242
56,"BEL","Belgium",203006.374545455,195902.478787879,187111.547878788,162803.567272727,150450.532727273,138073.725454545,121398.36,115460.309090909,101134.565454545,105574.872121212,98428.7387878786,127612.074545455,118822.06,93917.7709090908,99917.17030303,93442.9345454546,101182.518181818,99008.4030303029,95942.0399999997,113846.969090909,111017.825454545
84,"BLZ","Belize",852.667521212121,1029.11182424243,1450.47000606061,1700.03276363636,2078.99873333333,1860.5078,1876.26397575758,1614.66025454545,1646.62508484849,1439.44536969697,1543.94199393939,1578.22512727273,1975.56618787879,1776.68583030303,2164.27014545454,1909.05754545455,2268.42394545455,2275.47666060606,2320.73326060606,2167.96448484849,2438.30745454546
204,"BEN","Benin",16450.1099393939,17298.5779393939,15663.0896969697,16915.0196969697,16802.5901212121,16942.5202424242,17661.0474545455,19509.562,22298.4913333333,22617.8311515151,24122.147030303,27139.2840606061,26892.3616363636,26706.8079393939,27303.1375151515,26781.2495757576,27474.4550909091,30045.1203636364,33126.4162424242,34689.2559393939,35357.4956969697
60,"BMU","Bermuda",NA,NA,NA,NA,NA,NA,NA,NA,NA,NA,NA,NA,NA,NA,NA,NA,NA,NA,NA,NA,NA
64,"BTN","Bhutan",3874.14388484848,3801.39253939394,3507.37995151515,3299.6497030303,2649.43688484849,1828.75634545455,1995.59798787879,1979.22716363636,2158.25555757576,2210.70831515151,2954.82447878788,3610.52866666667,4410.6195030303,5033.3874,5475.52311515151,5582.63058181818,5885.36756969696,6297.16467878789,6592.49832121211,6260.22347878789,6143.67090303032
68,"BOL","Bolivia",200153.631515151,194975.684848485,153037.027878788,115117.236363636,89757.404848485,92739.3515151514,88966.9981818182,99016.44,124772.478787879,160697.8,191990.241212121,227833.301818182,228511.099393939,222620.123030303,210872.755151515,211533.481212121,216463.10969697,226450.782424242,225108.523636364,219871.676363636,218010.313333333
70,"BIH","Bosnia and Herzegovina",NA,NA,NA,NA,71762.3715757575,71317.8633333332,65805.0664242425,59446.3346666668,55713.1875757575,60426.506848485,61260.1586060607,66209.4735151514,73516.2298787879,69487.9143030304,63468.1644848486,53017.6124242424,41569.9272727273,41813.0277575758,37088.2450909091,35389.7971515151,39293.9173333333
72,"BWA","Botswana",19537.6381818182,20249.7103030303,24963.8357575758,26753.0054545455,7979.87122203856,0,0,1542.29927272728,0,22524.1562424243,8349.78630303031,37841.9267272727,66624.6323030303,58990.2912121211,46505.8360606061,29355.8945454546,10613.0374464646,0,0,0,0
76,"BRA","Brazil",1530744.64242424,1582508.44242424,1633705.23636364,1665946.55151515,1702759.57575757,1805876.58181818,1850731.53939394,1800243.22424242,1797219.1030303,1788211.72727273,1618388.65454545,1743193.18787879,1764927.37575758,1829355.86060606,1926625.1030303,2111162.09090909,2119794.35757576,2038058.04848485,1983777.37575758,1821304.68484849,1571194.45454545
92,"VGB","British Virgin Islands",NA,NA,NA,NA,NA,NA,NA,NA,NA,NA,NA,NA,NA,NA,NA,NA,NA,NA,NA,NA,NA
96,"BRN","Brunei Darussalam",8111.32792569331,13566.1748545455,15830.5317939394,14479.312739394,15908.2192121212,15968.6555515151,15424.0997939394,17459.0514909091,27438.9346181818,39495.2108848485,37330.6134242424,37668.1756363636,42506.4384424242,41080.7540181818,32553.855569697,27810.076939394,14856.586769697,8984.61439603306,10837.972759596,14919.7443661708,25328.5486424242
100,"BGR","Bulgaria",25648.9258071624,23281.7202424243,31781.8788760329,7804.84880073479,26373.2956767677,26748.9386997246,34962.4201873279,48648.028969697,73542.2151515152,84287.7363636363,62643.4593939393,53569.5054655647,64342.2424022038,48703.1645179064,31147.8624242424,28830.6418181819,35870.5157575757,32793.9696969697,53374.62543618,59094.0556730946,49083.2672727273
854,"BFA","Burkina Faso",27975.2212121212,29885.6636363636,28853.0836363636,29158.7557575757,37707.7709090909,43533.3775757576,49454.9181818182,52005.9090909091,55197.0387878788,57692.7563636364,57778.3642424243,59548.2303030304,56922.0975757576,53129.4393939394,54780.8284848485,55482.2606060606,57013.3066666667,58958.4454545455,60671.2133333333,60144.8696969697,60220.7806060606
108,"BDI","Burundi",3567.74357575757,3340.11284848485,3825.39042424243,3983.68927272727,4051.73351515151,4483.52927272727,4994.83278787879,5889.03509090909,6897.08951515152,7885.41836363636,8182.08224242425,9054.05981818182,10268.8933939394,9850.90945454546,11251.3961818182,11376.5733333333,11129.2894545455,11742.0203636364,13269.3492121212,14004.244969697,12864.15
132,"CPV","Cabo Verde",894.183224242425,1003.59203030303,1109.45572121212,1302.90269090909,1411.29043636364,1499.93192727273,1829.76597575758,1994.26813939394,2111.82351515151,2007.9881030303,2048.90862424243,2089.61733939394,2076.29543636364,1681.00488484848,1327.6300969697,959.590484848485,792.816684848484,807.036963636364,878.98286060606,1283.01397575758,1592.98993939394
116,"KHM","Cambodia",NA,NA,NA,39775.5236363636,42482.0315151515,36751.1787878788,40293.1636363636,45259.596969697,49124.2284848485,52511.5424242425,62268.0496969697,66428.5745454546,70013.0393939393,68446.6733333332,67296.5896969696,62894.7187878788,63866.7096969697,68454.8793939394,77389.2642424243,82604.8393939393,98375.3484848486
120,"CMR","Cameroon",44078.569090909,50900.2333333334,49488.9,47664.8921212121,50567.6521212121,42818.5884848485,40966.9424242424,35979.4339393939,35351.6206060606,34410.7181818181,36307.6139393939,39824.2175757576,39149.6775757576,37206.2084848485,39591.5242424243,45507.5303030303,59368.3709090909,66007.290909091,64813.4763636363,66798.4678787879,65926.106060606
124,"CAN","Canada",NA,NA,NA,NA,NA,NA,NA,1057414.16969697,1054260.3030303,981574.909090909,837972.521212121,750998.16969697,664453.166611571,571361.381818182,566789.587878789,628152.854545455,712362.636363637,792391.224242424,949801.484848486,1086118.41212121,1133630.83636364
136,"CYM","Cayman Islands",NA,NA,NA,NA,NA,NA,NA,NA,NA,NA,NA,NA,NA,NA,NA,NA,NA,NA,NA,NA,NA
140,"CAF","Central African Republic",33907.733939394,40306.0630303031,32043.1393939394,21255.2236363636,26901.8921212121,19307.0218181818,16818.3921212121,16917.0927272727,18800.443030303,27125.9672727273,17101.1545454545,24358.2175757576,26174.7781818182,13553.6266666666,17059.7969256198,13546.0224132231,13710.8450909091,18644.7666666667,18932.4407933885,25239.8848484849,16558.2489807162
148,"TCD","Chad",83409.22,82100.4672727272,75822.8084848486,77246.2987878789,78806.6096969697,83216.26,87738.1490909093,92774.1054545454,98765.404848485,101886.878181818,104952.665454545,114841.746060606,117302.53030303,120386.401212121,124221.864848485,132162.715151515,145564.235151515,160779.23030303,172114.595151515,184764.125454545,191096.952121212
152,"CHL","Chile",231752.384242424,235168.118181818,209658.504242424,188743.918787879,162069.158181818,145960.76060606,129395.208484849,126132.603636364,149181.809090909,164203.479393939,165570.406666667,175273.384848485,186799.973333333,192788.450909091,190170.237575758,173176.188484848,167685.139393939,165003.201212121,168924.343030303,174501.875757576,163108.843636364
156,"CHN","China",9396305.93939393,8926332.36363636,8449193.57575757,8782440.54545454,10658862.9090909,13683604.1212121,17723902.8484849,22194713.8787879,25910060.2424242,28621495.030303,30205793.9393939,31777174.3636364,33300540.7272727,32842720.4242424,31945315.2727273,30573232.1818182,28236141.7575758,25482616,23078740.9090909,20824200.969697,19122395.8787879
170,"COL","Colombia",182783.981212121,169260.409090909,153596.451515152,147213.728011019,151333.035757576,153843.872121212,167316.292727273,179377.708484849,202814.641818182,245963.501212121,268461.64060606,298202.867272727,303636.189090909,305543.066060606,326874.682424242,325848.018181818,302836.524848485,322503.784242424,294651.510909091,291972.495757576,316295.015757576
174,"COM","Comoros",865.916623648486,870.005081630303,904.900885933332,917.786974363636,971.937214181818,1010.13374939394,1031.69391212121,1136.86228484849,948.631176969696,949.92646848485,994.741033333332,1092.98517757576,1115.60717030303,1167.96944848485,1307.59941212121,1343.91198181818,1418.1678,1629.72613939394,1718.92860606061,1789.0877939394,1730.24460606061
184,"COK","Cook Islands",NA,NA,NA,NA,NA,NA,NA,NA,NA,NA,NA,NA,NA,NA,NA,NA,NA,NA,NA,NA,NA
188,"CRI","Costa Rica",17658.9873824242,15230.2326030303,13635.4071212121,13983.5272242424,14918.680969697,17296.2583636364,16778.0012121212,16885.6016969697,20145.7704848485,22893.3627878788,23291.7237575757,22393.1991515151,21283.5248484849,19827.2423030303,20061.4703030303,19832.5185454546,17600.1065454545,17749.9864242424,19907.7727878788,23768.9103030303,28187.7532727273
384,"CIV","Cote d'Ivoire",39363.064,40240.1303636364,42345.2359393939,41723.4957575758,34271.6593939394,30750.6878787879,34232.586060606,34879.4581818182,35715.8078787879,33752.4848484849,26312.5818181818,23943.6357575758,27278.4418181818,36646.5096969697,42696.0993939394,45642.6963636364,50746.7,63999.2606060607,67109.4206060607,68066.2981818182,63748.4066666668
191,"HRV","Croatia",NA,NA,NA,NA,NA,52028.4664242424,52919.8192727273,53530.8035151515,59629.3318181818,58294.7808484849,47919.3027878788,37041.4163636364,28197.7322266299,19360.5727981635,17946.3788374655,21733.8568282828,25542.4984091827,17696.6400036731,18944.067737741,14817.6829961433,16262.6757575758
192,"CUB","Cuba",38130.8000121656,46125.614481332,59399.5544363636,59841.2682424242,50384.1221212121,39698.3446060606,37151.0042424242,43077.8284848485,43895.353939394,49414.2612121212,53686.8109090909,71994.7903030303,69881.7448484848,72403.8515151515,67805.9472727273,61170.1751515151,56106.8975757575,48215.303030303,30912.6909090909,24845.4,21384.4454545454
531,"CUW","Curacao",NA,NA,NA,NA,NA,NA,NA,NA,NA,NA,NA,NA,NA,NA,NA,NA,NA,NA,NA,NA,NA
196,"CYP","Cyprus",14127.0298181818,14334.7465454545,13357.2142424242,13087.7651515151,14455.3921818182,14990.3444242424,14065.8416363636,14652.4106060606,14992.415030303,15944.4313333333,14774.9027878788,14125.8327878788,12510.7876363636,9732.38575757575,7551.99398530762,7290.60147768595,7077.35126170799,7283.61136675849,7939.87286501377,8204.00951588613,8572.67731092745
203,"CZE","Czech Republic",0,47849.5615151514,88255.4169696971,98490.4963636364,121200.035151515,116250.986060606,122455.672727273,137594.666060606,156142.303030303,146180.596969697,115606.831515152,114311.201818182,105269.10969697,84664.3981818182,71771.135151515,48268.1939393939,48180.8896969697,62308.2606060607,79716.8690909089,87601.1642424243,89065.9127272728
180,"COD","Dem. Rep. Congo",32962.6104573003,32585.4387107438,34803.3687676768,39172.0170945822,53291.1115151516,74109.9206060607,92767.9951515153,103097.600606061,100874.563030303,103160.201818182,94468.1078787879,86094.9757575757,72400.8351515151,80513.6109090909,95560.5345454546,111968.635151515,121447.075151515,127541.995757576,134721.813333333,131683.316363636,128960.295151515
208,"DNK","Denmark",96458.713939394,62270.1618181819,54478.4490909091,33023.4187878789,30388.0375757575,17444.1981818182,0,36021.389090909,40269.0587878787,41885.436969697,32601.9945454545,28735.855151515,15760.6406060607,93.0690909089462,7129.15829201098,0,0,0,0,0,0
262,"DJI","Djibouti",NA,2469.24783030303,2475.78158787879,2514.2623939394,2562.19751515151,2472.04837575758,2443.61598181818,2381.67463636364,2475.0725030303,2576.69066666667,2448.03634545455,2513.72427272727,2369.00355757576,2345.71414545455,2550.58132121212,2137.46193939394,2115.41486060606,1949.20001818182,1937.52245454545,2027.18661212121,1972.68102424242
212,"DMA","Dominica",334.497749030303,385.025969757575,399.614012727273,338.333290363636,361.971942787879,434.978690121212,477.691029393939,494.728613333333,613.42884551515,539.781574181818,486.030274,478.364424242424,407.240053575757,325.784875393939,266.540811636364,262.79098630303,251.945101733701,234.775542170799,240.575636484848,249.166359393939,251.722145454545
214,"DOM","Dominican Republic",69798.5252727272,68301.2438787879,65516.2060606061,66225.4921212121,61897.5155151515,47143.4272121212,39517.0447272727,38684.3578787879,42081.2297575758,44460.1722424242,43680.3240606061,46046.4883030303,49180.2966060607,54952.7613939394,58251.0476969697,56963.8011515151,57987.9281818182,60516.2509090909,62264.4503030303,65549.6012121212,67568.8812121212
218,"ECU","Ecuador",82157.0228303029,62875.8362424243,56880.5519333333,59486.4456181818,73103.0196969697,71844.7242424243,84096.1455151516,96614.5090909089,109321.16,106953.862424242,114613.921818182,116156.131515151,122873.666060606,117858.776363636,120718.92,130740.914545455,123685.425454545,111746.444848485,103849.072727273,92119.2442424242,82384.0921212121
818,"EGY","Egypt",429467.701818182,470687.56969697,447930.569090909,430888.287878788,480105.737575757,478913.141212121,531612.592727273,565868.455151515,603182.222424243,651424.003030304,678761.213939393,689850.970303032,687012.406666668,626538.304848485,561579.746666667,522784.783030303,472695.508484849,471741.46969697,515664.08969697,533394.603636364,552725.634545455
222,"SLV","El Salvador",23966.8447530909,20648.1997512727,19942.3960554545,19034.3183478788,18506.8413969697,18243.6995406061,18206.6047272727,18642.4187272727,20179.3067272727,19259.5983030303,17949.6896363636,15262.0464848485,13236.4108484848,12362.1147662075,9655.37860606059,8382.927030303,8969.14987878786,9721.52109090908,9614.28757575757,12763.6716363636,16132.2607272727
226,"GNQ","Equatorial Guinea",51493.7813472728,52826.8713430304,61138.8856521211,55790.9773230304,55482.4784145454,62948.8550151514,66027.4774066668,62054.4255212121,57756.9811393939,57782.7727212121,48446.9909272727,40617.0062727273,39713.3088181818,30694.1988666666,22513.6034545454,16573.7567757576,11960.8791377411,9240.35990056935,7064.35574317725,12361.6495299541,13009.9455099357
232,"ERI","Eritrea",NA,NA,10049.5806060606,10361.7603636364,9662.38327272728,8865.2986060606,8069.28478787879,6747.93866666666,7557.77333333333,7153.80145454545,7414.83854545455,7560.66527272727,8018.44963636363,8165.47127272727,8636.77709090909,9227.58048484848,9953.99490909093,9804.38721212122,10185.6695757576,10326.2515757576,10288.6981818182
233,"EST","Estonia",NA,NA,NA,NA,NA,17506.4022424243,20840.5149090909,24735.4649090909,35705.4509090909,37338.1591515151,29091.1981818182,33792.8864848485,36105.3543030303,33805.7229090909,41025.1654545455,43285.6735757575,39568.9486666666,36359.4086666667,37624.2986060606,39634.9686060606,19305.5350846648
748,"SWZ","Eswatini",4088.41763636364,4121.48781818181,3694.82127272727,3619.17509090909,2727.236,2723.97612121212,2791.10042424243,2080.82842424243,2370.60812121212,2302.62115151515,2437.49218181818,2088.9063030303,1567.11284848484,1839.63406060606,2842.22751515151,1814.6736969697,1653.08381818182,1871.94654545454,1809.19848484849,2003.04115151515,1715.68163636364
231,"ETH","Ethiopia",129695.265052121,131773.291645576,144980.246718909,180414.357572727,181910.917513333,185878.752866667,189209.564175758,201367.171315151,229055.010969697,257516.394060606,279623.539515151,290610.549939394,286080.028545454,300889.35630303,305658.597575758,311565.040606061,307849.639393939,309116.036969697,319318.115151515,321015.826666667,318083.273939394
234,"FRO","Faeroe Islands",NA,NA,NA,NA,NA,NA,NA,NA,NA,NA,NA,NA,NA,NA,NA,NA,NA,NA,NA,NA,NA
238,"FLK","Falkland Islands",NA,NA,NA,NA,NA,NA,NA,NA,NA,NA,NA,NA,NA,NA,NA,NA,NA,NA,NA,NA,NA
242,"FJI","Fiji",3200.41315151515,3195.57054545454,3496.96836363636,3024.06557575758,3113.57927272727,4062.57557575757,3833.3663030303,4204.8316969697,4128.50472727273,3204.4703030303,2130.29076951332,2437.5462369146,2388.23404591368,1959.07345454546,2549.47927272728,2754.31353939394,4236.29376363636,4883.33698181818,5285.15860606061,5245.66857575757,6884.66818787879
246,"FIN","Finland",104939.093939394,93139.3812121211,102055.893333333,102034.754545455,121152.413333333,145726.524848485,114934.076969697,148615.94060606,146409.622424242,123144.512727273,93205.1769696969,90577.3358126722,65104.5896969697,39045.2212121211,36579.1193939393,49175.194288338,17856.2321212121,29879.6701450874,20373.6575757575,19114.6442424243,624.908484848565
250,"FRA","France",480320.472727272,484188.096969697,578378.660606061,600900.684848485,630540.896969697,605849.006060606,588097.76969697,584589.575757575,543300.974876033,529189.551515152,455299.139393939,414838.581818182,347501.545454546,312387.927272728,301522.351515151,235357.878787879,247108.763636364,254536.412121212,291225.012121212,298118.581818181,279375.63030303
258,"PYF","French Polynesia",NA,NA,NA,NA,NA,NA,NA,NA,NA,NA,NA,NA,NA,NA,NA,NA,NA,NA,NA,NA,NA
266,"GAB","Gabon",50899.3475636363,52505.4374981818,51838.3158612121,47675.2252909091,50280.2887515151,40781.9210787879,31099.5740606061,18585.4022424242,0,0,0,0,0,0,563.583212121215,10610.5789090909,21079.0521818182,25407.4285454546,18753.9602424243,15573.7626666667,9534.42709090908
270,"GMB","Gambia",2044.77612121212,2240.33618181818,2176.33260606061,2042.22703030303,2150.60581818182,2465.2323030303,2761.08781818182,3179.1336969697,3271.50321212121,3740.77139393939,4772.77872727273,5732.95157575757,5158.8043030303,4882.04690909091,4621.80787878788,4647.31775757576,4818.33527272727,4346.7323030303,3853.35927272727,3249.67854545454,3719.53175757576
268,"GEO","Georgia",0,0,0,0,10800.2054727273,16218.208569697,15380.6124363636,19458.3455151515,23172.9024242424,22584.2414545454,24458.5811515151,26407.0490909091,29848.7584848485,31426.0812121212,31474.6617575757,33298.1765454545,35190.6855757576,37668.8815757576,39367.5209575757,32246.5022060606,28701.0770909091
276,"DEU","Germany",350320.006060604,545398.696969697,690769.672727272,675786.09090909,658225.35151515,645060.169696971,610151.927272725,731592.187878788,713681.933333335,709632.521212121,484166.321212121,522710.703030304,500238.763636364,521075.636363636,609453.44848485,592363.987878787,628202.187878789,720276.212121213,760703.836363636,742308.515151514,512354.818181817
288,"GHA","Ghana",37614.0309090909,39158.6284848485,37974.9672727273,35860.5054545454,34995.5818181818,31016.9873939394,31102.4730909091,36316.7696969697,39140.7317575757,39964.9683636364,34567.9983030303,39407.2494545454,51525.4642424242,63406.3244848484,74061.7289696971,78835.3733333332,86602.7539393939,92573.0406060607,93119.8939393939,98715.1430303029,90675.164848485
300,"GRC","Greece",167897.987878788,180535.496969697,180291.098181818,184906.476969697,184006.084242424,181883.06969697,178580.103636364,161297.88969697,149400.764242424,141111.274545455,117194.363030303,88829.3355188246,67551.4115151514,59574.4200955004,60574.9240440772,72186.9105601469,80491.8926538108,78438.4030853993,76946.5453002755,64043.5613553719,63066.6085950413
304,"GRL","Greenland",NA,NA,NA,NA,NA,NA,NA,NA,NA,NA,NA,NA,NA,NA,NA,NA,NA,NA,NA,NA,NA
308,"GRD","Grenada",585.357098787879,582.803134545454,567.213256363636,560.283172727273,549.699647878788,506.84906969697,497.275345454546,498.844970909091,508.71259939394,541.032626666667,566.144147878788,579.955601212121,548.777215757576,572.571063636364,669.059820606061,485.10622,451.668615757576,427.943610909091,432.49551030303,463.901493939394,505.211073939394
320,"GTM","Guatemala",45054.6060848485,47470.8339515151,48811.4022424242,52016.1523030303,51020.6587878788,52876.7722424243,56293.9234545455,55294.0466060606,54934.8176969697,50719.9448484848,50863.0648484848,51285.2296969697,51738.0466666666,53182.8987878788,55222.9987878788,58850.3290909091,68068.8690909091,76342.7484848486,84171.5066666668,80443.1006060607,83336.3406060607
831,"GGY","Guernsey",NA,NA,NA,NA,NA,NA,NA,NA,NA,NA,NA,NA,NA,NA,NA,NA,NA,NA,NA,NA,NA
324,"GIN","Guinea",22126.1863636364,24071.6628484848,27093.7113333333,30686.3759393939,32327.8087878788,33183.2670909091,38083.8569090909,39662.5321212121,39040.2466666667,39002.3618181818,38534.8290909091,43129.2387878788,47370.2854545455,52866.2884848485,54395.4509090909,54119.7527272727,54418.5042424242,59760.34,59852.1236363636,58204.4890909091,57578.2739393939
624,"GNB","Guinea-Bissau",2593.21915151515,2606.79478787879,3366.68484848485,3862.59224242424,4301.60363636364,4412.15424242424,4422.00975757576,4684.45054545455,4631.86509090909,4046.57284848485,4003.10878787879,3856.92636363636,3996.69042424242,4612.91957575757,4868.70521212121,4807.22896969697,4848.21175757576,4907.25715151515,5000.59751515151,5148.32915151515,5195.06103030303
328,"GUY","Guyana",10466.0064848485,8874.98775757575,7874.58709090907,6090.61696969697,5401.84672727272,4786.52690909091,3417.19573443526,2326.86187878788,2885.56375757576,3247.41684848485,4477.12436363636,4952.60466666667,5632.85036363636,6024.97006060606,7236.40648484848,8764.08381818182,9243.25412121211,8695.51957575757,8587.56242424243,9003.87557575757,9765.03430303032
332,"HTI","Haiti",15000.0331515151,15352.8087272727,16369.3393333333,17575.6264242424,17036.5491515151,16114.6942424242,21778.2982424242,24636.186969697,27971.6158181818,29510.5298181818,29757.2426666666,28818.3066060606,27732.8483636364,26309.8555151515,23757.5964848485,21343.2318181818,22604.3726666667,23584.518969697,24585.2628484849,25127.5923030303,26826.0696363636
336,"VAT","Holy See",NA,NA,NA,NA,NA,NA,NA,NA,NA,NA,NA,NA,NA,NA,NA,NA,NA,NA,NA,NA,NA
340,"HND","Honduras",20546.5046666667,21975.9615151515,23841.1691515151,25399.472,30000.9480606061,33466.1792121212,38072.7012121212,37344.2304242424,41401.0368484849,42177.4693333333,39441.3123030303,36094.6638181818,35317.1856363636,33085.6805454546,33717.2307878788,33787.1896363636,36603.016969697,34481.3463030303,36193.0688484849,37939.4234545455,40702.9997575757
344,"HKG","Hong Kong",84035.0815757575,83654.2595151514,76178.1076363636,81632.026,96765.0973939393,92919.6861212121,93076.8706666668,76273.9671515152,64303.1716969697,60950.9691515151,61802.2946666666,55309.8862424242,53503.7264242425,48911.893278237,55099.5458787879,59313.834,56920.6923030303,57162.5736363636,57200.8478787879,57489.7545454546,49351.7011515152
348,"HUN","Hungary",NA,49186.6654545454,63261.3484848484,66048.5296969696,74819.7842424243,74223.1054545455,75182.8987878788,80100.4367970616,82461.6727272728,75844.4236363636,50756.3345454544,37449.4284848486,23314.3048484847,9081.93636363642,0,0,7174.40303030288,22263.9084848483,44972.5660606061,68063.0606060607,75602.6957575758
352,"ISL","Iceland",NA,NA,NA,NA,NA,7263.9623030303,6953.65212121212,7400.82042424243,7832.77636363637,9272.3550909091,9053.03884848486,8819.43521212121,8253.09339393939,7997.10199999999,7434.59969696969,6664.03072727273,6025.2423030303,5435.03666666666,5236.52115151515,6042.38242424243,5640.11533333333
356,"IND","India",3713725.51515151,3755865.24848485,3686680.16363636,3535651.81212121,3484466.83636364,3544866.75757576,3691053.8,3979442.63030303,4397392.53333333,4923038.07878788,5659506.51515151,6052086.76969696,6498081.52121211,6913541,6885939.38787879,7223338.52121211,7335144.38787879,7267767.13939393,7222250.79393939,7366922.37575757,7381796.56363636
360,"IDN","Indonesia",1051501.52727273,980372.95151515,972628.915151514,987120.024242425,1014221.33333333,1073525.82424242,1088349.7030303,1172808.23030303,1352653.18787879,1433119.01818182,1553334.2969697,1548114.86060606,1785755.97575758,1987961.85454545,1739359.03636364,1628855.92727273,1675354.01212121,1766201.06060606,1722340.46060606,1828592.93333333,2007315.91515151
364,"IRN","Iran",1060400.56060606,1081300.82181818,1137575.10727273,1162574.38242424,1239072.86424242,1380668.08666667,1494311.95939394,1635151.30848485,1633236.84242424,1605506.92,1643923.45818182,1658299.60060606,1613904.95515151,1497316.73212121,1392453.93151515,1390368.5030303,1349888.02666667,1430736.1369697,1582468.41757576,1764789.48666667,1872767.54969697
368,"IRQ","Iraq",278813.041818182,395563.267272727,409506.509090909,398075.576969697,380916.82969697,421590.055151515,415741.766666667,338788.44,177892.665454545,180998.176969697,208130.580606061,261211.070909091,388100.490909091,534156.609090909,640127.016969697,754376.550303032,850994.58,1015842.40848485,1022842.76848485,1045298.40242424,1045998.63393939
372,"IRL","Ireland",114989.144848485,127646.775151515,139289.14060606,139677.13030303,131211.758787879,124940.266666667,111754.551515151,99314.2181818182,88925.5472727272,73578.3660606061,56165.203030303,45633.2515151516,32729.2727272728,30137.5963636364,25743.9575757575,24771.955151515,33460.3789311295,51810.038292011,63443.8204628099,69161.9484848484,68576.7854545454
833,"IMN","Isle of Man",NA,NA,NA,NA,NA,NA,NA,NA,NA,NA,NA,NA,NA,NA,NA,NA,NA,NA,NA,NA,NA
376,"ISR","Israel",NA,NA,NA,NA,NA,124532.997515151,108906.250787879,111075.81030303,111755.207090909,123500.687515151,110489.101151515,121716.312424242,136807.375636364,153314.908727273,144180.702424242,127314.892424242,121269.410363636,116499.448606061,113615.791878788,116721.577878788,112436.050242424
380,"ITA","Italy",650300.984242425,693439.643636364,716305.414545455,728915.083030303,747243.311515151,725687.980606061,729698.067272727,687446.115151515,635920.530909091,556516.412727273,412896.485913683,368061.614659321,251559.403757576,210018.532422405,269461.661263544,334973.664936639,383641.78923416,363501.014269973,291937.276385675,215463.334280992,164528.947878788
388,"JAM","Jamaica",22442.0913260606,22802.2597236364,22723.3645818182,20372.0729393939,19693.3313939394,17267.5366666666,15843.7123030303,17551.2146060606,15912.919030303,14432.3572121212,6304.07538512396,2013.14256969696,2852.85638457301,1233.04364150596,6101.08786042242,6394.49996363636,6582.92177226812,7480.35741046831,6717.77863140496,9862.07060606062,10468.2249090909
392,"JPN","Japan",1830443.07818182,1800725.71636364,1665816.0060606,1601159.98121212,1526356.97939394,1576958.49515152,1599899.8569697,1661076.13939394,1743790.34848485,1567881.70121212,1263090.82589532,1312862.85212121,1286065.48826446,1356440.76696051,1455233.9209697,1497736.60242424,1461831.85515152,1457766.91090909,1531215.0830303,1501485.98606061,1183650.76424242
832,"JEY","Jersey",NA,NA,NA,NA,NA,NA,NA,NA,NA,NA,NA,NA,NA,NA,NA,NA,NA,NA,NA,NA,NA
400,"JOR","Jordan",36871.9431124848,36601.018746,33919.2996011515,35867.0710035758,36198.475189697,42195.9086357576,49315.6118787879,53186.057939394,57922.8519393939,57914.2125454546,56508.192,52286.5479393939,49799.3005454545,52415.3963030303,51135.453030303,56711.7741818182,59380.5881818182,57051.8023636364,60580.850969697,45253.188,37484.4295151516
398,"KAZ","Kazakhstan",0,0,0,0,65141.5041586778,309689.187272727,475780.655757576,627735.981818182,765974.692727272,851910.641818182,791903.218787879,827844.108484847,827651.341212121,748745.563636364,674850.213939393,563948.48,443208.275151515,382824.367878788,422838.891515151,498630.010909091,468812.621212121
404,"KEN","Kenya",73351.263030303,74888.5656363636,70144.8523030303,65562.4003636364,63889.3564242425,68427.4590909091,71134.4745454545,73603.1052727273,118177.620606061,145004.889090909,168194.152121212,180548.924848485,188957.89030303,181825.063636364,169434.332121212,159473.747878788,146600.686666667,134293.433939394,129472.44969697,134281.142424242,155068.443636364
296,"KIR","Kiribati",86.3201793939393,92.0143557575757,78.5596187878788,105.47652969697,131.03614,155.860072727273,200.237825454545,241.569627878788,241.355898787879,256.54734969697,219.359580606061,202.954378787879,156.937246666666,119.016009090909,87.2835709090909,79.1982412121212,93.9204327272727,128.184895757576,143.304104848485,175.323188484849,255.029835757576
689,"XKX","Kosovo",NA,NA,NA,NA,NA,NA,NA,NA,NA,NA,NA,NA,NA,NA,NA,NA,NA,NA,NA,NA,NA
414,"KWT","Kuwait",NA,NA,164399.173393939,114070.275515151,131610.638666667,161874.784727273,207758.817333333,230351.502969697,253109.017212121,267916.51569697,268515.719090909,265369.947212121,251398.511878788,265721.36,248652.394848485,216028.476181818,217950.671939394,228968.391575758,226083.96030303,222688.135939394,217399.014969697
417,"KGZ","Kyrgyzstan",2374.20483210285,0,0,0,7429.22970909089,13107.4958181818,13115.3285454545,14073.2846060606,18275.017030303,24875.6918787879,25950.2172727273,25565.1932121212,26816.2560606061,33899.2776969697,37840.5592121212,42748.2921818182,44469.4823030303,41546.8408484849,38385.3968484849,43450.1652121212,40888.9425454546
418,"LAO","Laos",13742.9247878788,14067.391030303,14226.4257575758,14851.2516969697,15220.8933333333,16703.6573333333,17383.8015151515,18903.7658181818,21159.0973939394,22334.8747878788,24336.1982424242,27567.552,28365.9495757576,31174.0053333333,34329.2133939394,36489.1597575757,50545.3659393939,73421.5676363636,94288.6183030304,105829.334606061,130384.462242424
428,"LVA","Latvia",NA,NA,NA,NA,NA,6607.04357575757,11246.5452727273,17556.5673333333,23309.2741818182,26009.3345454545,24532.7324848485,24611.8675151515,22120.2807272727,19098.2987878788,16361.7107878788,13681.3729090909,12615.2371327824,12751.607015978,12974.0334486685,13106.471030303,13104.6572121212
422,"LBN","Lebanon",54356.7881212121,50132.0367272728,47534.7894545455,43615.495030303,45266.1654545455,39659.5802424243,33871.8272727272,22976.6201212121,15033.9955757576,21194.6540606061,32943.1357575758,34983.7900606061,39405.0666666667,47593.6614545455,55717.2463636363,65307.822,73505.6076969696,74642.1664242425,71762.2295757575,46988.2410909091,38002.2955757576
426,"LSO","Lesotho",6025.01690909091,6323.93454545455,6436.16696969697,6305.7633939394,6464.77424242425,6352.33703030303,6597.86242424242,6297.1710909091,6057.90000000001,5251.57218181819,5780.40951515152,6153.12345454545,6609.96024242424,6694.85860606061,6418.94157575758,5962.22793939394,5457.78890909091,4923.0176969697,5483.19351515151,5565.46254545454,5169.91036363636
430,"LBR","Liberia",NA,NA,NA,NA,NA,NA,NA,NA,NA,NA,6282.17503030303,6842.57764242425,7416.78278787879,8011.05660606061,7925.14830303029,8798.47666666668,9577.85915151515,10226.3701212121,10072.4873333333,9870.9535151515,9829.6630909091
434,"LBY","Libya",NA,NA,NA,NA,NA,NA,NA,NA,NA,133458.061939394,124075.105757576,141005.095454545,50110.5246758494,71246.6158402205,66216.5927338844,56210.5403151515,59896.2692209366,58847.11767236,67965.6918640955,70605.8040011019,47610.5566141414
438,"LIE","Liechtenstein",NA,NA,NA,NA,NA,NA,NA,NA,NA,NA,NA,NA,NA,NA,NA,NA,NA,NA,NA,NA,NA
440,"LTU","Lithuania",NA,NA,NA,NA,NA,14084.7478787879,18435.8157575758,24099.8533333333,37925.3775757576,48472.5345454546,41870.3115151515,37027.5218181818,38200.2193939394,37974.0533333334,30868.3296969697,29055.7466666667,30244.5666666667,29807.1072727273,37219.4909090909,41194.8642424242,38004.1103030303
442,"LUX","Luxembourg",0,0,0,5244.84272727272,11860.9630909091,21305.5777575758,25637.1396969697,27797.26,27172.6070909091,24358.2328484849,19520.5569090909,17209.0583636364,13742.7621212121,10507.1305454545,6683.12606060607,5079.27921212121,3881.12254545454,2904.24884848486,3115.05381818182,4453.14278787879,5019.9029090909
446,"MAC","Macao",3923.7009830303,4062.01011575758,4168.91255151515,3528.47219454546,3141.17867454545,3305.88046909091,3327.76874181818,2814.33593575758,1897.14995272727,796.756539393942,2065.50186354454,866.383829696971,791.999290909089,0,0,50.1865824242427,2292.28837878788,2853.78505090909,3549.46398969697,3963.16831454545,7586.55441757575
450,"MDG","Madagascar",39300.429902303,38043.9978690909,32978.0842060606,24698.3453034343,26110.8107515151,22638.6621515152,31488.0329272727,33853.9236363636,40900.4596363637,44797.1756363636,50422.7676969697,54816.5712727272,54620.7083636364,51926.5883030303,48585.2637575757,42374.3263030303,42561.3429696969,42600.4205454545,42357.8284848485,42422.5054545454,42067.0145454545
454,"MWI","Malawi",8342.58775757576,9088.48193939393,9058.34187878787,10280.1575151515,11664.6979393939,11879.4584848485,12352.285030303,13299.2435151515,14559.1883636364,16678.7473939394,17717.6177575758,19778.5599393939,20688.8034545455,21655.6981818182,22622.3192121212,23421.3073939394,24109.2196363636,24382.8335757576,25382.4701212121,28789.8844242424,30635.4593939394
458,"MYS","Malaysia",427290.153333334,433611.935151515,433957.809090909,423250.743030303,480846.461818182,533035.288484849,586433.58,610950.533333332,644135.803030303,675514.648484847,609462.03090909,583896.193939394,538468.38969697,500437.299393939,536244.173939394,574615.941212121,572439.715151515,599996.571515152,575800.031515152,599262.107878788,593428.731515152
462,"MDV","Maldives",NA,NA,NA,NA,NA,2240.86233212121,2114.37604727273,2442.75029272727,2570.31924545455,2615.3453169697,2744.89591151515,2867.55586,2947.38685212121,3395.53668606061,3263.58446787879,3879.9088369697,3807.01357515151,4189.92357090909,4373.99818121212,4457.5863,4471.56272060606
466,"MLI","Mali",38606.2127272728,43246.9775757576,43744.5884848485,44249.0309090909,44931.0357575758,49442.9127272727,51686.5751515151,52492.5284848485,53691.0781818182,57770.556969697,59938.4739393939,66253.2218181818,67740.2654545454,67663.555151515,68668.2460606061,70276.1903030304,73099.0193939393,80221.1484848486,82731.4472727271,87324.5854545454,89909.2739393939
470,"MLT","Malta",3022.27739515151,2356.05749586777,2783.91800606061,2176.21235151515,3754.79836363636,4490.60233939394,5096.85021212121,5000.52531515151,5783.42818787879,5222.54834545454,4826.25264848485,4215.20713939394,4052.6100060606,3783.14633939394,2959.49713939394,2542.41555757576,570.897472727275,0,0,0,1010.77726060606
584,"MHL","Marshall Islands",151.041510242424,171.222745878788,187.041394181818,205.733668363636,209.037392484849,237.426874181818,241.711235575758,258.783412363636,267.613395818182,274.764726727273,268.760636242424,279.145959757576,282.035412484849,275.520977636364,261.39428860606,264.707491393939,247.528510848485,233.634532,230.784252787879,233.486409878788,397.388920181818
478,"MRT","Mauritania",16922.1743012121,19263.2510248485,20999.7659545455,21719.0447145455,22335.1135351515,21605.13078,20542.4124490909,20405.1844842424,19480.1569454545,16434.2184606061,16481.6974060606,17230.0930181818,17756.8035151515,19183.9463636364,19683.902969697,21410.8132121212,23878.0921818182,26178.1424848485,29747.6645454545,28555.9403636364,28671.0622424242
480,"MUS","Mauritius",6615.67507272728,7592.2818,7903.93201818182,8308.12521818182,8858.82569696971,8556.2403151515,8674.63141818182,9260.1668848485,9204.38550303032,9066.09915151514,8622.80922424243,8956.18723636364,8762.88866666668,8399.94703030304,8174.42290909093,7963.08624242424,7524.78757575758,7839.08121212121,8363.95618181818,8668.71981818182,8768.94248484848
484,"MEX","Mexico",1167025.86060606,1197472.6969697,1213802.07878788,1177267.2,1205952.18181818,1189062.11515151,1203692.13333333,1235250.64242424,1304504.9030303,1460871.01212121,1453712.07878788,1409812.22424243,1295099.65454545,1180445.27272727,1078680.51515151,927929.509090907,782956.363636363,750046.454545454,683852.06060606,704795.054545455,707726.587878788
583,"FSM","Micronesia",453.912839454545,453.138529333333,473.454213939394,441.149708666666,420.502943454545,320.137870909091,253.544848484849,205.261551515151,201.396632727273,136.320808413392,184.474155355075,86.171025429526,111.690641212121,139.02472261157,215.081476363636,272.699965454545,305.890226666667,323.318598181818,353.844032121212,343.602130909091,554.591774545455
498,"MDA","Moldova",NA,NA,NA,NA,NA,0,0,684.167614325088,6519.39517318641,11001.9276363636,10083.9308484848,9265.82381818181,8500.13381818182,7071.22818181818,7090.43793939394,7020.06012121211,7280.56581818182,8362.04478787879,9979.07406060607,14774.7288484849,14642.4963636364
492,"MCO","Monaco",NA,NA,NA,NA,NA,NA,NA,NA,NA,NA,NA,NA,NA,NA,NA,NA,NA,NA,NA,NA,NA
496,"MNG","Mongolia",26111.4221414141,27299.6101781451,27598.8248484848,24172.2633461892,19898.863030303,13626.1739393939,17315.6254545454,26095.9848484848,46325.0545454545,60377.383030303,81618.6636363636,100565.708484849,141217.887878788,193285.431515151,239693.281818182,227997.735151515,202166.981818182,197017.176969697,216893.707878788,213241.265454545,240618.605454545
499,"MNE","Montenegro",NA,NA,NA,NA,NA,NA,NA,6005.95436363636,6515.70915757576,8397.21984242425,5185.75205454545,5772.56412121212,6396.38190909091,6893.16049090909,7696.64638181819,8745.52743030303,10000.7532484849,9203.13453939393,9119.73507272728,10120.5880181818,9357.62714545454
504,"MAR","Morocco",100387.38969697,103899.549090909,114086.173939394,118237.436969697,116633.445454545,133437.313333333,144842.259393939,155327.970909091,163529.561212121,170082.24969697,167043.864242424,170232.688848485,172117.733212121,171179.206060606,161122.564363636,157687.591151515,157714.927030303,151234.508363636,157515.98969697,163118.528606061,173598.631757576
508,"MOZ","Mozambique",26365.8558157575,24223.5857812121,29437.3000006061,36216.2460969697,42991.5930181819,47864.7967878788,56715.4861818182,58013.716,57599.9743030303,60193.1533333333,51933.0709090909,48454.5496969697,43996.3218181818,51181.0890909091,60154.5812121212,77146.8066666668,81228.9145454546,86468.8393939393,95834.4393939393,111231.357575758,105347.947272727
104,"MMR","Myanmar",139033.68060606,148891.531515151,144858.855757576,144462.77030303,149605.579393939,165770.916363636,179095.895757576,197718.734545454,204841.621818182,194880.75030303,193338.660606061,200034.835151515,193904.068484849,173072.641818182,160453.49030303,167076.472121212,186366.253939394,214120.897575757,240138.878181818,258783.827878788,291211.101818182
516,"NAM","Namibia",11735.1642666667,13851.0372363636,15092.9756848485,12212.9504242424,12378.9345454545,13482.9986666667,16078.3909090909,20411.8315151515,20187.8484848485,18864.2957575758,24363.58,25862.2975757576,38854.383030303,47303.9260606061,30121.9187878788,21833.3521212121,14807.023030303,12402.576969697,8396.44181818182,322.720121212107,0
520,"NRU","Nauru",NA,NA,NA,NA,NA,NA,NA,NA,NA,NA,NA,NA,NA,NA,0,47.6637263695134,96.8605894545454,80.216282909091,84.0716946060607,86.9369725454546,132.471838484849
524,"NPL","Nepal",52158.8406060606,52433.1266666666,52083.2715151515,47891.3987878788,45826.9436363636,42508.8739393939,42940.7715151515,41823.84,41790.1472727272,44446.6606060606,50552.0896969697,56221.8842424242,62243.5533333333,65261.1454545455,70264.5775757576,75843.5642424243,74353.7787878789,80222.6139393939,84750.4884848486,90540.7684848486,103513.386666667
528,"NLD","Netherlands",285108.930909091,260015.915757576,247245.667878788,226904.913333333,216165.330909091,211713.595757576,197587.22060606,212410.99030303,213666.227878788,205193.74060606,186429.501212121,211989.75030303,183280.344242424,170873.741212121,163614.836363636,149964.559393939,151431.141818182,154340.516969697,155083.305454546,139721.136969697,120297.638181818
540,"NCL","New Caledonia",NA,NA,NA,NA,NA,NA,NA,NA,NA,NA,NA,NA,NA,NA,NA,NA,NA,NA,NA,NA,NA
554,"NZL","New Zealand",128413.661398545,129658.600676121,131591.318456485,129127.156973818,126030.115051879,120586.839378667,113474.220020606,105311.868243636,101161.058985939,90617.2564201212,84122.300045818,77347.8973258181,74660.5578746667,84827.4947764849,89038.0299890909,101162.210394424,105384.786496243,107079.485736,109041.800055515,107946.506198545,107730.042754182
558,"NIC","Nicaragua",19903.2224242424,23706.9890909091,23916.8917575758,25330.6522424242,28880.7115757576,29784.236969697,29678.9782424242,28042.3566060606,26567.5655151515,23439.0618787879,22516.8978787879,21836.6753939394,23912.7073333333,24835.3407272727,26841.2001818182,29269.7096363636,33315.2696363636,35753.9736969697,35738.6291515152,35608.04,36671.1882424243
562,"NER","Niger",37032.316969697,36631.3424242424,37200.3781818182,37684.9387878788,38922.0733333333,40384.0557575758,41933.5375757576,43794.8872727273,46243.9448484849,49644.0648484849,53636.9987878788,53084.7612121212,53735.3957575758,57218.3278787879,61650.3836363636,66346.6763636364,69699.4096969696,73641.7381818182,77498.8187878786,82602.2884848486,87562.0545454546
566,"NGA","Nigeria",747870.165454546,736486.353939393,681390.777575757,491828.806060605,451959.372727273,357758.569090909,314110.510909091,309869.475151516,261744.548484849,199795.995151515,75099.6903030304,192179.119393939,365196.775757576,375066.361395776,457965.533333333,555532.315151515,602049.751515152,613145.16969697,632708.56969697,640163.375757576,538687.254545455
570,"NIU","Niue",NA,NA,NA,NA,NA,NA,NA,NA,NA,NA,NA,NA,NA,NA,NA,NA,NA,NA,NA,NA,NA
408,"PRK","North Korea",NA,NA,NA,NA,NA,NA,NA,NA,NA,NA,NA,NA,NA,NA,NA,NA,NA,NA,NA,NA,NA
807,"MKD","North Macedonia",10396.0825198898,18396.8282787879,20088.799030303,17457.9353939394,15382.2075757576,13233.8436124885,11530.2523030303,11273.1721818182,5892.2850909091,5861.89284848486,1718.50818181818,1410.53957575757,3984.13206060607,2177.73163636364,400.240969696964,0,0,675.601818181822,2384.22230303032,2664.44212121211,4557.11521212121
578,"NOR","Norway",125339.807878788,134535.97030303,144653.558181818,128688.157575758,145504.87030303,140540.287878788,130106.378787879,120767.204242424,115058.679393939,140545.776969697,139514.978181818,119004.742424242,89920.8121212121,65312.3703030304,65426.6527272727,59539.9036363636,51440.8393939393,29856.7133333332,37143.3884848486,66437.5957575756,87171.8127272728
512,"OMN","Oman",83090.8731587879,94242.8242787879,106815.424084849,123765.940666667,158267.08630303,154433.731757576,164864.080181818,185963.357939394,200754.62369697,190583.286909091,174262.894787879,176745.221272727,190824.883636364,207833.000545455,240137.051878788,240746.777939394,242584.943636364,244509.136787879,254526.323151515,247335.120545454,226082.169515151
586,"PAK","Pakistan",517599.952727273,539316.928484848,531172.745454546,539515.157575757,556350.290909091,595856.666666667,623285.739393939,683182.072727272,734882.260606061,763835.418181818,780475.733333332,761057.357575757,730581.884848486,684597.721212121,636768.315151515,611952.472727273,625219.696969697,732776.73939394,900462.418181818,1026572.84242424,1112491.0969697
585,"PLW","Palau",NA,NA,NA,NA,NA,NA,NA,NA,NA,NA,340.383460606061,346.949933333333,413.434363636363,433.526236363636,291.355392286501,230.117552800735,181.492084297521,184.202957575758,248.760866666667,233.09793939394,508.426896969697
591,"PAN","Panama",20671.4335151515,19518.0927878788,22642.4232727273,21808.4841212121,21624.3858787879,19772.6532727273,19717.4141212121,20870.1822424242,19343.3874545455,20743.9282424242,23530.3381212121,25780.0592727273,32005.9700606061,33231.1563636364,37839.3139393939,35726.2926060606,34222.1993333334,31533.1706060606,31071.3867272727,27195.6446666667,27899.7681212121
598,"PNG","Papua New Guinea",18852.6509575758,20268.2410242424,20379.1024242424,21636.610030303,21915.6927454545,24095.8147939394,27970.7882363636,30400.911860606,31868.7733030303,37199.5238363636,28925.915460606,21286.622969697,15359.6448484849,9461.95042424244,4693.77430303032,10601.0379393939,22536.2300606061,33597.1700606061,42264.4185454545,53923.7415757575,58177.8846060607
600,"PRY","Paraguay",52100.9315151515,46034.0903030303,43250.9363636364,36155.32,37960.1424242424,33082.2260606061,36140.0206060606,37847.6303030303,46263.7551515151,48446.4624242424,54307.9981818182,59444.8048484849,65686.5545454545,69783.2375757575,76877.6187878786,80567.9636363636,79458.1303030304,78502.2121212121,84212.7278787879,73048.6806060607,67562.7133333333
604,"PER","Peru",114166.884593939,117112.178224242,104832.457781818,94488.3535757575,85774.4636363636,86489,93516.6163636364,87605.9133333334,107383.356969697,115130.94,140977.651515152,167458.007272727,178743.670909091,190577.455757576,182150.426060606,192149.397575758,191530.719393939,188784.068484849,184475.872727273,176937.618181818,172785.862424242
608,"PHL","Philippines",296827.01939394,297704.832727273,282256.243636364,265010.133333334,241847.296969697,235098.481818182,229758.558181818,207848.127878788,220578.84,226275.003030303,233577.376363636,259190.723030303,271926.292121212,293227.686060606,322701.578181818,357073.547272727,398535.741212121,431285.43030303,482551.747272727,518993.35030303,539824.309090909
616,"POL","Poland",248388.113333333,182538.7,145538.254545454,103083.835151514,105619.623636364,88109.7375757572,125638.610909091,259763.993333333,376452.16,441017.527272727,421010.861818182,450948.689090909,464656.947878788,421178.735151515,412451.250909091,353240.487878788,341147.216363636,391836.561818182,454357.010909091,536633.429090909,481455.544848485
620,"PRT","Portugal",153367.981818182,153938.270909091,149426.923030303,161590.203636364,143350.611515151,132860.16060606,128815.07030303,101404.783636364,78530.9575206611,58249.5551515151,63730.5684848484,62759.3612121211,59860.7054545454,67652.4296969696,69559.6866666666,79182.9733333333,106972.356969697,118722.648484849,144449.414545455,149666.09030303,156547.011515151
634,"QAT","Qatar",NA,NA,NA,NA,NA,NA,NA,NA,NA,NA,278526.898030303,342627.455793939,411384.949430303,488049.50471515,512914.711212121,568245.348606061,567391.124363636,549169.953272728,494810.147151515,402773.594363636,367583.736848485
178,"COG","Republic of Congo",48321.5780791515,53999.5785020607,53333.1036118789,34945.5605727273,28623.3966248485,21522.565430303,24183.3299575758,29930.6021454546,25842.472769697,26431.3656060606,32574.156939394,44367.551030303,49403.2076363636,40755.0766666667,33267.0856363636,25847.306060606,24620.1833939394,27499.3367272727,27469.1546666667,26426.7608484848,22379.880969697
642,"ROU","Romania",0,0,0,0,0,21785.8432727272,55003.0604040406,132106.666071625,172111.06,171727.292727273,108076.016418733,64844.6981818182,53370.8296969696,29168.7345454546,0,0,0,0,39293.8212121214,76528.5490909093,78937.7151515153
643,"RUS","Russia",1994689.61035813,1772021.31434343,1637498.54868687,1639856.21715335,2096249.86299357,2440493.12121212,2850908.92727273,3213354.56363636,3265970.21818182,3252529.34545455,2793418.43030303,2766246.42424242,2940353.01212121,3122422.73939394,3106361.93333333,3035883.10909091,2957528.05454545,3056786.59393939,3171645.03030303,3525163.76969697,3276290.07878788
646,"RWA","Rwanda",4243.52029939394,5120.36265151515,6524.88758181819,7657.46625454546,8923.12515757575,9960.50486666668,10072.6413212121,10521.8113272727,11306.0077575757,12001.4943636364,12872.2549090909,13328.4605454545,12916.0493939394,12523.5661212121,12271.2841212121,11678.9256363636,12650.6145454545,12650.7165454545,12774.3899393939,13029.5242424242,12950.9593333333
652,"BLM","Saint Barthelemy",NA,NA,NA,NA,NA,NA,NA,NA,NA,NA,NA,NA,NA,NA,NA,NA,NA,NA,NA,NA,NA
659,"KNA","Saint Kitts and Nevis",436.140130278788,489.906882424242,514.310136787879,562.040186666667,567.938649090911,600.906619393939,553.81445030303,508.441182424242,506.240875151515,479.655355151515,466.731893333333,444.941339393939,441.863070909091,393.020992121212,366.703331515151,382.829134545455,365.587429090909,347.984795151515,363.922083030303,389.924586060606,441.695767878788
662,"LCA","Saint Lucia",1345.94903636364,1272.88248484849,1127.87329090909,678.851442424242,639.091051515152,549.779740606061,474.004996293848,569.625067272727,425.632998710744,285.290615151515,316.030618181818,454.659398181818,471.151456363636,372.960954545454,367.559603030303,522.088668484848,600.2991,643.938254545454,612.002244848484,588.114556969697,622.536606666666
670,"VCT","Saint Vincent and the Grenadines",557.02871929091,506.151170266667,544.001210121212,531.225295515151,541.51072,604.203517575757,625.04773151515,605.897396363636,679.747553939393,538.561063636364,793.728653333332,574.282585454546,429.705158787879,461.827717575757,310.05066060606,425.373959393939,287.663546666667,319.119118674013,390.539937575758,344.132560606061,548.276232727273
882,"WSM","Samoa",481.185721212121,507.003618181819,567.327333333333,581.747557575757,606.502927272727,608.311181818181,622.240363636364,622.597787878788,601.68556969697,579.955793939394,585.924666666666,598.65956969697,676.728806060606,694.477975757576,721.462351515151,773.118048484849,902.666642424243,996.990963636364,999.576921212121,1005.67977575758,1262.58641212121
674,"SMR","San Marino",NA,NA,NA,NA,NA,NA,NA,413.979897575758,387.974904242424,348.183127272727,254.882100606061,233.460394214876,206.54202692011,177.704703452709,158.204190258953,168.095091658402,183.685092595041,172.265354159779,152.96117322314,129.16431246281,50.9012797392103
678,"STP","Sao Tome and Principe",NA,NA,NA,NA,NA,NA,NA,NA,NA,NA,NA,376.536695151515,371.713293939394,389.155858787879,393.185611515151,393.45331030303,387.970203030303,401.167516969697,408.559945454545,376.864195757576,321.70005939394
682,"SAU","Saudi Arabia",251029.013939394,272302.741212121,366488.876969697,554334.449696969,776221.570909093,1161582.51818182,1305396.20060606,1526116.16969697,1429372.14606061,1412991.22121212,1355016.92,1489472.08606061,1448857.67636364,1570244.42484849,1480202.89030303,1635870.80787879,1775895.30969697,1642851.05515151,1477401.17757576,1266971.33454545,1092268.47939394
686,"SEN","Senegal",23686.4406060606,26071.8733333333,26250.0490909091,24717.9539393939,23160.1072727273,26230.0345454545,28052.7593939394,27977.3727272727,26505.3175757576,25528.6975757576,25867.7157575758,35642.3660606061,42252.3951515151,42279.6557575757,42789.4157575758,44944.0436363636,48444.0418181818,50778.3915151515,48918.4163636364,47741.486060606,46157.78
688,"SRB","Serbia",NA,NA,NA,NA,NA,138596.763030303,116154.090909091,139722.582424242,153537.303030303,167187.77030303,128458.852121212,107044.144242424,101418.333939394,80774.0999999999,74270.7458842974,52500.6121212121,49799.0727272727,64628.6115151515,77367.7870964187,89549.6333333333,108421.873939394
690,"SYC","Seychelles",1747.02860666667,2127.30494787879,2494.2500430303,2357.16336363636,2228.16029090909,2510.74700424242,2255.40363272727,2055.41873757576,1587.52139818182,1422.93189333333,815.985210909091,289.61296060606,0,0,0,0,0,272.942947272728,735.504241212121,902.510686666668,928.40092909091
694,"SLE","Sierra Leone",2742.70751938659,2891.81548175941,2906.93223088485,4081.21333543434,7850.61890242424,12627.5764321212,15910.6735460606,20859.2281727273,20923.3506090909,18541.7760660606,16441.6422030303,12733.8706909091,11294.2947878788,12311.4893333333,12592.1148484849,14323.2591515151,14123.7338181818,16687.222,17040.4734545455,15291.671030303,12668.4838787879
702,"SGP","Singapore",84637.1991515152,87821.3046060606,92681.84,73031.0676363637,76860.4444848485,87587.4582424243,35423.6796363636,28440.5140606061,48827.7710909091,74668.018909091,176053.052060606,155413.940484849,97224.1011515153,100300.170787879,117968.520848485,123342.979636364,120078.399151515,48499.3261707989,10885.7572727272,0,43816.1918787879
534,"SXM","Sint Maarten",NA,NA,NA,NA,NA,NA,NA,NA,NA,NA,NA,NA,NA,NA,NA,NA,NA,NA,NA,NA,NA
703,"SVK","Slovakia",NA,NA,27773.4289090909,33842.8565454546,38717.4087878788,39732.6687878788,43749.6821212121,49495.5196969697,47857.5071808999,50845.2178787878,41318.9658181817,38563.7261818181,34935.5625454545,29373.1487272727,27407.4550303031,20903.6267878788,23310.5676363636,29436.22,36267.6596363636,42532.3047272728,35671.3296969697
705,"SVN","Slovenia",NA,NA,NA,NA,NA,23571.2395151515,24696.2738181818,26718.884,29039.3761818182,32683.9038787879,28152.9209090909,23990.1733939394,20557.7148947658,17090.9546934802,13137.733768595,7173.50209623508,5224.43324848485,6390.52961285582,3502.25363636361,8232.32636363636,8301.48630303029
90,"SLB","Solomon Islands",731.215983636364,722.361903636364,720.661282424243,721.251603030303,738.393213333332,790.525699393939,836.074044242425,880.615081818182,926.939629696971,971.384616363636,993.641352727272,1012.41918424242,1042.52178545455,1043.70158666667,1094.48524727273,996.124413939393,835.36892,709.659938787879,609.634621212121,553.440637575758,824.689406060607
706,"SOM","Somalia",NA,NA,NA,NA,NA,NA,NA,NA,NA,NA,NA,NA,NA,NA,NA,NA,NA,NA,NA,NA,NA
710,"ZAF","South Africa",857015.72848485,939596.901818182,882739.196969697,752816.546666666,771004.951515152,869091.777575758,871911.462424243,960887.193333332,1082380.02545455,1201842.72484849,1231883.74969697,1141418.78787879,1017427.41272727,803063.362424242,651297.035151515,663342.928484848,505838.41090909,454462.644242425,468077.235757576,491437.21939394,566651.195757576
410,"KOR","South Korea",1137569.01090909,1174318.79090909,1112459.72666667,1061497.13212121,992434.408484847,959765.887878789,879769.938787879,848231.441818181,928324.090303029,853556.647878788,786091.712121212,944003.077575758,1069418.14545455,1153766.25090909,1203040.57454545,1236877.05454545,1201757.76181818,1191810.27272727,1156209.00848485,1130509.63393939,963344.4
728,"SSD","South Sudan",NA,NA,NA,NA,NA,NA,NA,NA,NA,NA,NA,NA,NA,NA,NA,NA,NA,NA,NA,NA,NA
724,"ESP","Spain",586042.675757576,653717.689090909,700034.432727272,765958.735757575,778653.452121211,816108.334545454,843649.336363636,794659.512121211,777656.585454546,655263.855757576,478546.876363636,329733.429575757,205457.769843894,97634.8578512396,33303.8326978868,108284.275629017,226029.915709826,194491.408554637,255960.880539945,277879.378369146,271363.215173553
144,"LKA","Sri Lanka",35695.7846666667,39470.8512727273,39043.7899393939,41622.7020606061,42009.2150303031,44494.7063636364,46068.7301818182,45703.9092121212,44746.4064242424,43702.3223636364,42721.3174545455,44494.7481818182,49477.9390909091,54772.7160606061,52917.7015757576,58750.2606060606,70014.0130303029,79262.7063636364,79229.0514545454,79696.6427272728,81813.2701818182
275,"PSE","State of Palestine",NA,NA,NA,NA,NA,NA,NA,NA,NA,NA,NA,NA,NA,NA,NA,NA,NA,NA,NA,NA,NA
729,"SDN","Sudan",173660.615151515,177145.098181818,173786.174545454,174945.299393939,177905.363030303,185581.444242424,187244.655151515,184471.139393939,187156.144848485,181526.258787879,176603.02,169160.198181818,151290.269090909,149614.214545455,152482.056363636,154829.559393939,166044.378787879,169083.705454546,179197.091515151,186861.472727273,188626.907272727
740,"SUR","Suriname",3902.3213939394,2708.50416363636,2799.6920969697,474.851521212125,0,0,0,0,0,1467.5486969697,2986.96256213039,5307.45779393939,7069.36367272728,8295.98818787879,8948.82593333332,9480.34332727275,8910.61233939393,7202.64821818182,6129.77415151515,6130.92655151516,5976.76526060606
752,"SWE","Sweden",83379.4896969697,75268.3642424241,75568.5206060606,86749.7448484847,83115.783030303,89565.9636363636,96390.3551515151,109612.440606061,107091.631515152,104083.692727273,73761.192231405,79200.5022589532,68709.7678787879,57644.1884848485,41568.9066666668,29881.9018181818,5808.87636363642,18811.6981818182,15170.5224242425,12357.364848485,5035.68303030287
756,"CHE","Switzerland",37226.8935757576,36319.1758181819,49860.8470303031,52752.8806666667,52410.0359393939,54554.1387272727,55483.2600606061,57555.4509090909,50754.1808484849,55913.5066666666,58486.1741818182,49496.4236969696,45768.0156363636,43551.7736969697,47282.2956969697,36196.7384242424,34091.869939394,30852.9524848485,25372.4123030303,22170.9164848485,25811.5893939394
760,"SYR","Syria",168901.166060606,154349.362424242,122167.290909091,61063.4113131313,66666.4672727272,47698.3072727272,38197.709090909,40813.2642424243,80014.6424242425,108335.39030303,130403.420606061,153195.396363636,NA,NA,NA,NA,NA,NA,NA,NA,NA
158,"TWN","Taiwan",553664.387333332,592630.863030304,604629.42,625895.936363636,641378.996969696,649563.821212121,638164.341818182,585648.890909091,614381.772121212,558150.309090909,464444.267272727,457524.482424243,430637.375151515,373239.36909091,347975.52909091,346911.777575757,325794.304242424,316616.835757576,372466.909090909,388243.404242424,358194.096969697
762,"TJK","Tajikistan",2038.96449366393,0,0,0,0,2543.40745454546,6325.02296969697,11215.9165454545,15722.9944848485,19239.4035151515,21006.7872121212,22140.3512727273,20703.2408484849,20465.9207878788,19124.7596363636,23216.0974545455,27017.1255757576,33442.2503636364,41727.5145454545,43707.293030303,42781.4827272727
834,"TZA","Tanzania",81137.709090909,79094.8090909091,82081.5448484848,92960.9230303029,108564.681212121,112532.053939394,129203.627878788,125395.461818182,125304.655757576,129419.885454545,130455.889090909,132065.22969697,133168.598787879,141168.052121212,156888.110909091,164160.324242424,178995.762424242,178545.183030303,170597.356969697,164108.503636364,156818.816969697
764,"THA","Thailand",612359.62848485,560243.672727272,535521.073333333,513094.899393939,526722.615151515,559098.441212121,603093.201818181,657553.909090909,728617.156363636,708469.967878789,728895.318181818,755038.624242425,732853.909696968,750514.849090911,783020.013333332,761959.998787879,724335.212727273,673117.836969697,625395.470909091,554924.941212121,497023.827272727
626,"TLS","Timor-Leste",NA,NA,NA,NA,NA,NA,NA,NA,NA,NA,17780.4733939394,17405.3650060606,17390.5389878788,16035.2247333333,13677.5116,11854.1823636364,12493.2630545455,9742.21012121211,8905.92273939393,8361.40852727272,10557.2084909091
768,"TGO","Togo",11470.5395151515,12081.1917575758,11545.7118181818,12060.5320606061,13290.7347272727,12483.6729090909,13959.8417575758,12485.5942424242,10334.2419393939,10423.9190909091,14808.3307272727,16005.7535757576,16987.6155151515,16102.8371515151,16798.0201212121,16109.874,19016.1383636364,19779.8682424243,18775.460969697,18410.2918181818,19912.1383030303
776,"TON","Tonga",299.286963636364,273.015527272727,272.451448484849,275.577606060606,324.586272727273,344.002933333334,368.283551515152,384.541987878788,365.185909090909,355.460836363637,402.013654545455,357.515472727273,267.075866666667,228.555006060606,234.166721212122,220.069315151515,235.866163636364,288.726624242424,378.768581818181,452.840090909091,703.909933333332
780,"TTO","Trinidad and Tobago",84591.7249151514,102387.931636364,120851.256569697,141002.025163636,164477.588593939,178088.389612121,195301.628442424,225277.424921212,237440.980375757,236032.546812121,226738.272660606,217816.804921212,193548.723375758,161412.4392,133282.520315151,105671.723048485,79773.1203939394,50803.4573575756,43177.8591822221,38990.2801212121,45550.1829098255
788,"TUN","Tunisia",52300.5944848485,54711.2637575758,60300.932969697,61303.8506060606,63749.8887878788,64856.092060606,63087.593030303,63253.9375151515,63210.7561818182,66293.596969697,66567.6631515152,73583.1356363636,71352.8293333332,71851.7097575758,68149.3575757576,66078.9012121212,64502.7848484849,59505.866060606,54459.7587878788,38957.8406060606,33967.5981818182
792,"TUR","Turkey",549269.038787879,609966.313333333,557741.485454546,536301.793333333,532679.501212121,490875.176969697,483443.49939394,563932.361212121,675961.32,737331.709090911,775431.195151514,873451.723636364,945055.981818182,1008169.46060606,1021397.62424242,1048072.97575758,1023708.35757576,1067841.72121212,1190616.11515151,1196914.98787879,1102392.12121212
795,"TKM","Turkmenistan",56603.101789179,67935.6341715923,112268.390745455,155591.971975758,212821.520424242,246503.927939394,270085.242,282931.124060606,275037.430242424,259653.965090909,191197.476969697,171783.166909091,173426.549454545,180114.803030303,202396.530909091,217485.23030303,232053.443636364,233060.996969697,234664.478181818,260434.330909091,251034.157575758
796,"TCA","Turks and Caicos Islands",NA,NA,NA,NA,NA,NA,NA,NA,NA,NA,NA,NA,NA,NA,NA,NA,NA,NA,NA,NA,NA
798,"TUV","Tuvalu",18.9454038181818,17.8620867878788,18.1116421212121,28.8013725454545,33.727852,37.3817747272727,39.5417492121212,30.3268695151515,34.8718645454545,34.3997685454545,32.6550263636364,19.3515440606061,11.6153608132231,19.2588957384757,22.2677036969697,26.6493532727273,31.0031493939394,27.6217996363636,30.4177633939394,34.0494973333334,49.6396178181818
800,"UGA","Uganda",38775.9545454545,40336.4078787879,41500.1472727272,42978.1660606061,47328.1018181819,48069.6490909091,53385.433939394,51124.1303030303,56798.3751515151,76390.4272727272,84803.6612121211,94900.950909091,98577.8181818182,101641.46969697,101468.003030303,98459.3484848486,96995.5175757575,91729.5781818182,87473.110909091,89735.4927272728,88964.68
804,"UKR","Ukraine",422048.718071626,246959.979489439,60929.8782479335,0,74335.5904242428,135859.770170798,318193.032727273,419064,417845.196363637,363447.055151515,158858.854545454,169271.721818181,110862.456363636,97944.0557575751,100786.912121211,25908.5778181821,154116.256727273,236581.479173554,195257.947625344,148250.676286501,40770.6902589532
784,"ARE","United Arab Emirates",232634.42030303,301103.03430303,298160.515575758,241176.105151515,279477.998969697,306410.730484849,322701.202606061,348856.521878788,372921.588545454,429781.197212121,459598.657636364,498427.191939394,547453.096727272,646961.294727272,710218.927757575,717377.331454546,765895.514424243,727546.161575757,565510.787636364,458514.715272727,359153.775212121
826,"GBR","United Kingdom",474912.727662909,457608.236475818,490509.461477273,461111.581134666,462145.582352787,458830.026854122,469720.221731516,509762.894825091,485924.476981939,466209.588770606,298822.275362183,275349.676074486,138409.34757315,113745.869566303,94239.7383355144,22549.7500124249,0,0,0,0,0
840,"USA","United States of America",9579277.1090909,10092961.2363636,9642480.46666666,9376198.48484848,9139382.24242424,9078916.42424243,8879342.36363637,8425822.42424243,8469518.36363636,7865308.48484847,6555193.1246281,6534502.10038568,5648321.01818181,4636676.53939394,4305051.34545455,4451375.6909091,4511865.73939394,4341540.74545454,4771781.81212121,5660093.12727272,5365179.90909091
858,"URY","Uruguay",48567.5004909091,38626.0802727273,32760.7973212121,31565.2098637282,32483.2570380165,36427.0876969697,39282.9600606061,49226.7915151515,52020.0109090909,65650.1878787879,72813.9836363636,66471.9303030303,64250.3812121212,60981.7401212121,54087.2755151515,51939.6206060606,49167.5693333333,49514.3198787879,43931.3843636364,51458.5567272727,57272.8175757576
860,"UZB","Uzbekistan",194411.358763636,238747.428181818,292744.602848485,331476.124,345616.793939394,340202.209090909,308101.831515151,294715.352727273,257160.638787879,268700.12,196941.161212121,154115.027272727,165264.423030303,202099.916661157,197612.518181818,187028.948484848,173334.829090909,184731.803030303,188926.707272727,232605.938181818,226563.179393939
548,"VUT","Vanuatu",928.466721212121,811.780206060605,661.968969696969,541.358460606061,528.375310511562,445.438206060606,432.442703030303,446.636630303031,820.036830303031,1036.16631515151,1200.72106060606,1330.36875757576,1430.02028484849,1404.12175757576,1351.98313333333,1367.11294545455,1223.8295030303,1057.82234545454,1068.4443030303,1088.18235151515,1222.89197575757
862,"VEN","Venezuela",556754.426666667,543175.376969697,584198.616969696,593513.803636364,578942.195757576,446601.210909091,386626.677575757,292620.834545455,173318.505454545,201152.869090909,225814.384848485,233970.666666667,217042.839393939,342279.483030303,401183.243636364,390773.287878788,341594.702424242,274658.761212121,197816.598589532,176344.284113866,168727.974178145
704,"VNM","Viet Nam",354742.115757576,374443.590909091,386168.952121212,404619.178787879,422353.353939394,466996.236363636,498224.701212121,515836.03030303,529631.965454545,547122.525454546,579266.504848486,609284.7,627925.812121211,596633.109696971,586502.826666667,621758.564242425,686337.937575757,688094.2,682929.195757575,757382.804848486,897090.625454546
876,"WLF","Wallis and Futuna Islands",NA,NA,NA,NA,NA,NA,NA,NA,NA,NA,NA,NA,NA,NA,NA,NA,NA,NA,NA,NA,NA
732,"ESH","Western Sahara",NA,NA,NA,NA,NA,NA,NA,NA,NA,NA,NA,NA,NA,NA,NA,NA,NA,NA,NA,NA,NA
887,"YEM","Yemen",61742.4727272728,72691.1853939393,79381.3302424243,80406.2137575757,87658.2592727272,92981.8555757575,103029.428484849,118627.884242424,125224.538787879,122111.588484849,126860.283030303,128160.063636364,111375.472121212,81573.2618181818,84897.3690909091,70270.8078787879,29177.5463434343,21032.9596326906,20870.0636767677,23963.4524628099,25309.1025050505
894,"ZMB","Zambia",22604.9262949879,19674.6174578182,20505.0039348485,27736.1510161212,38966.0733167879,46452.5906781818,55019.6417333333,50190.6190527273,49092.6453351515,50804.523559394,45520.428219394,44765.2091575758,38951.1945212121,45735.961369697,53676.7380060606,59156.4403090909,67174.3570909091,68037.881569697,68478.841369697,67525.6428242425,64048.380630303
716,"ZWE","Zimbabwe",36175.3303030303,34197.8987878788,30893.8507070707,27847.9474490358,21058.4445546373,23302.8959118457,23162.2262993572,24619.9962167126,24302.1361248852,22108.137553719,20797.2140863177,23095.1848668503,28109.5990743802,26168.8530578512,36225.0163636364,38320.6678787879,46909.0527272727,44755.98,45016.366060606,42376.8187878788,35197.0278787879
