"code","iso","country","GIB.raw.1999","GIB.raw.2000","GIB.raw.2001","GIB.raw.2002","GIB.raw.2003","GIB.raw.2004","GIB.raw.2005","GIB.raw.2006","GIB.raw.2007","GIB.raw.2008","GIB.raw.2009","GIB.raw.2010","GIB.raw.2011","GIB.raw.2012","GIB.raw.2013","GIB.raw.2014","GIB.raw.2015","GIB.raw.2016","GIB.raw.2017","GIB.raw.2018","GIB.raw.2019"
4,"AFG","Afghanistan",NA,NA,NA,NA,NA,NA,NA,NA,NA,NA,NA,NA,-0.00963457854236749,-0.00754875631108654,-0.0116477601793904,-0.0158848865152961,-0.0231963317180044,-0.0319475667974571,-0.0440315061326574,-0.0458422560589102,-0.0425997428482729
8,"ALB","Albania",-0.0696089902051171,-0.0677589930542065,-0.051906367717914,-0.0423291922756258,-0.0323676626077912,-0.0232229999564861,-0.0192976032539718,-0.0264243286213709,-0.0344150226963735,-0.0442371695476432,-0.0486364719340991,-0.0510980659231244,-0.0505109851115502,-0.0461161416869448,-0.0355964499205821,-0.0218274906064028,-0.0145741312129852,-0.0119953429316533,-0.00887174798477353,-0.0124927294176252,-0.0170802650375241
12,"DZA","Algeria",0.0053690862035356,-0.00412252562693671,-0.0172305182885599,-0.0306446636471234,-0.0381682925904159,-0.0446208870613222,-0.0410903390910318,-0.0356991189224888,-0.034284224829061,-0.0265567565895691,-0.021486757544672,-0.0151793498067685,-0.0129443764527566,-0.00982584221610883,-0.00681476990557883,-0.00571359848317243,-0.00103629032671315,0.00209563165341953,0.00314025757319247,0.00575476130206676,0.00717655667538986
20,"AND","Andorra",NA,NA,NA,NA,NA,NA,NA,NA,NA,NA,NA,NA,NA,NA,NA,NA,NA,NA,NA,NA,NA
24,"AGO","Angola",0.0524896985637984,0.031246801691192,0.00279715187185858,-0.0307933637134618,-0.0417788733720366,-0.0462508006445392,-0.0509968775431823,-0.0634726687257352,-0.0788843509379903,-0.0887305709136342,-0.0907769660422404,-0.0856198881919126,-0.0778049666659394,-0.0723725270080863,-0.0595078390578684,-0.0402608846387562,-0.0263724233760306,-0.0176452307013919,-0.0133422550623368,-0.0149388102738065,-0.0130078795961942
660,"AIA","Anguilla",NA,NA,NA,NA,NA,NA,NA,NA,NA,NA,NA,NA,NA,NA,NA,NA,NA,NA,NA,NA,NA
28,"ATG","Antigua and Barbuda",-0.00727826241693663,-0.00480385229718994,-0.00016678114905988,0.00729113214668375,0.0119318256361807,0.0104113669496155,0.00972777465313568,0.00243699420525467,-0.00638225972199413,-0.0126990804670489,-0.00830994398693119,-0.00365235176465495,0.00298549521877378,0.0126965846540328,0.0224922747625715,0.0280516039006327,0.0296912500194908,0.0218053695511942,0.00778477976351288,-0.00905791898318065,-0.0156316721776646
32,"ARG","Argentina",-0.0296000468495012,-0.0193226450068495,-0.00970308892510585,0.00372756766244375,0.0104993559543793,0.0133872535411081,0.0150741918679009,0.0125150366261808,0.00176898430043915,-0.0116659249367234,-0.0194714815926896,-0.0308621280438359,-0.0411003439490172,-0.0406494635972536,-0.0373013881318328,-0.0288584769433951,-0.0229301993230014,-0.0143968010070437,-0.0103132083690788,-0.00456248888165611,0.00159822430697898
51,"ARM","Armenia",-0.0111875347089291,-0.0346454441795747,-0.0573647607390654,-0.0436977401446549,-0.0512905288398078,-0.0568048343962843,-0.0531137877969279,-0.0598452951852038,-0.0582931941228085,-0.053642923135884,-0.0486887478416135,-0.0387565991803505,-0.0250413599798902,-0.0154342262599187,-0.00980616751316221,-0.0060529540426113,-0.00426172975312999,-0.00098783061038199,-0.00482557386732385,-0.00392864289125472,-0.00829662777310103
533,"ABW","Aruba",0.0175873151920989,0.0710449685571428,0.115846250760782,0.146699423952703,0.171923871366293,0.173723588914779,0.165650734594058,0.142660333139869,0.106824960866736,0.0581924002892455,0.00567640038654682,0.00316959349168777,0.00028242649921717,-0.0318754837212957,-0.0772779226954802,-0.111861255805623,-0.134358725433854,-0.148324064695527,-0.148456059453781,NA,NA
36,"AUS","Australia",-0.020916290698904,-0.0194735318966766,-0.0157951823445002,-0.012151492050237,-0.0173268703175818,-0.0191077000525779,-0.0250833208457205,-0.0258883808165434,-0.0283499103873315,-0.03247755450573,-0.0318618063193743,-0.0310020088897153,-0.0187116651772996,-0.00868685726714069,-0.0170860925506626,-0.0198209712926701,-0.0261913230829971,-0.030016920978323,-0.0301895215133214,-0.0335748873391515,-0.0370757498544825
40,"AUT","Austria",-0.0175968878782662,-0.0209289978002749,-0.019271129152384,-0.0202545953988545,-0.0164624243268202,-0.014890371691091,-0.0117765833970213,-0.00748535960370311,-0.00718114465803787,-0.00826695043823467,-0.00797182902957105,-0.00437774399013979,-0.00347294120568287,-0.00635231896032651,-0.00403118474799213,-0.00451832680967545,-0.00406008861647811,-0.00477564482409443,-0.00935002554462738,-0.0184526416083427,-0.0211869660251449
31,"AZE","Azerbaijan",0.0109463301110284,-0.0155486058121043,-0.0473662677738674,-0.0693766880477357,-0.078852318991673,-0.0778094740871162,-0.0811071158332575,-0.0924533875294473,-0.108757395541436,-0.114060134787142,-0.123375808878951,-0.12754773248586,-0.12253278068001,-0.109469256587584,-0.0901506178948407,-0.0627970194167689,-0.0356192076390754,-0.0157898592962336,-0.00767921690806606,0.00427315254243021,0.00796360504404126
44,"BHS","Bahamas",-0.0185085293005585,-0.0225018909505732,-0.0252173611056491,-0.022500407133823,-0.0183872700519951,-0.0132585805636962,-0.0143740778387287,-0.0176909730851749,-0.0290786275400955,-0.00963948943616799,-0.0113008519172423,0.00426138530752174,0.00203628174113812,0.00139858111604041,0.0237868678940727,0.0329918620692622,0.026241371438702,0.00897031500842371,-0.00578970444926352,-0.00465574591151208,-0.0189103810269761
48,"BHR","Bahrain",-0.0194426072915934,-0.0143298318739344,-0.0222986899981243,-0.0295955753374493,-0.0354585485220632,-0.0396134003173695,-0.0412115365755422,-0.0428125185231837,-0.0377887163376952,-0.0280113405906023,-0.0181064302260433,-0.008983109019854,-0.00678897335615258,-0.00475041654232111,-0.00164755130779937,-0.00242747864661974,-0.00265239097491821,-0.0100507060679915,-0.0123816727718276,-0.0174227962580393,-0.0205347209450329
50,"BGD","Bangladesh",-0.0218481376987005,-0.022166594866818,-0.0215805564995069,-0.0210911266400052,-0.0219872414865706,-0.0226563036730552,-0.0220840341224104,-0.022004134090982,-0.0238888146414237,-0.026293574747104,-0.0270566887459904,-0.0277873392096407,-0.0279921522070727,-0.0279713766679379,-0.0288846218197841,-0.0295391014699454,-0.0296534861034148,-0.0307105426060443,-0.033120790424932,-0.0346494197010379,-0.0354683091883774
52,"BRB","Barbados",-0.018827287963336,-0.0153406583299152,-0.00109920647886186,0.00794135299580012,0.0238167307479691,0.0201089569118578,0.016408342054913,0.00646320828054159,-0.00402767114936575,-4.11226348997484e-05,0.00786754180768101,0.00893628970441651,0.0132596251048058,0.0139743028444432,0.0145630881807102,0.00835701480053674,0.000956532491744877,-0.00990544521904124,-0.025658541223947,-0.0298343799284694,-0.0274229263173967
112,"BLR","Belarus",-0.0286339590380169,-0.0409325546263587,-0.0516776454573326,-0.0587028147359256,-0.0648395356843372,-0.0687535933178487,-0.0668452711067309,-0.0618368080608815,-0.0612613649590994,-0.0618640076088612,-0.0602612109069374,-0.0597590163006591,-0.0514656291300247,-0.0422312031682053,-0.0321222133327194,-0.0223168586306944,-0.0136073120938358,-0.00471739862515907,-0.000786929339250397,0.00118079901447055,0.00150035211312982
56,"BEL","Belgium",-0.00838127776436726,-0.012974685056333,-0.0163803488979535,-0.0215194188489096,-0.0239692255292046,-0.0260766546483194,-0.0286288476123238,-0.0285839428704905,-0.0314069398348268,-0.0298305856218065,-0.0283951481726648,-0.0235411795262956,-0.0222365734839909,-0.0246090903804994,-0.0212548424972711,-0.0202581424914497,-0.0186454371353486,-0.0186310277000771,-0.0210240856712763,-0.0199503774016958,-0.0195195664451734
84,"BLZ","Belize",-0.0359844258542711,-0.032602172848369,-0.0212999473130739,-0.0175781522357669,-0.0155501315151834,-0.0231645309922156,-0.0260240546265893,-0.035592585117418,-0.0316738028263402,-0.0304033007452965,-0.0235185828343843,-0.0178104318617907,-0.00387117956514427,-4.59936697099206e-05,0.0107547267669359,0.00362376002270337,0.0071887053156825,0.00632284225252744,0.00767243752039648,0.00219169578039091,0.00680000921621327
204,"BEN","Benin",-0.00456049747366194,-0.00602432586026724,-0.0131934335027606,-0.0143882437500595,-0.0167596499009485,-0.0161537538354681,-0.0157399739184148,-0.0100620054108939,-0.00390621509421407,-0.00189324053202755,0.00190231790640216,0.00906917716126077,0.0069549661721382,0.00572895920118044,0.00214518957506815,-0.00524076074520285,-0.00697593266864094,-0.00461897374155162,-0.00162841627440635,-0.0044595630535853,-0.00829496138345409
60,"BMU","Bermuda",NA,NA,NA,NA,NA,NA,NA,NA,NA,NA,NA,NA,NA,NA,NA,NA,NA,NA,NA,NA,NA
64,"BTN","Bhutan",0.00655995843259993,0.000455979686620811,-0.00869236653343419,-0.0209381767266388,-0.0392335420331689,-0.058269956424204,-0.0616824026973781,-0.0635819944736091,-0.0666289856101957,-0.0681388061098985,-0.061432703077786,-0.053929713580096,-0.0456836669320059,-0.037205421830612,-0.0293425561701012,-0.0255874210066589,-0.0171663647673832,-0.00985682098747298,-0.00897584620216285,-0.012283383598745,-0.012277201624784
68,"BOL","Bolivia",0.0474292324796179,0.0460301528705882,0.0282991742034286,0.00916105711609716,-0.00564491288660407,-0.0103546778614556,-0.0196533385933598,-0.0191758730634963,-0.00855488179697617,0.00230739621299336,0.0134214806630317,0.0239135937834096,0.0184653567282149,0.00728014059782267,-0.0046792501369729,-0.00885672835355122,-0.0100875293740252,-0.00944587856699164,-0.011690872917328,-0.015212146446297,-0.0166511605857854
70,"BIH","Bosnia and Herzegovina",NA,NA,NA,NA,-0.0259026733391681,0.0011849893191358,0.0179095483317704,0.00213410478698672,-0.0038144138688313,-0.00315685105924124,-0.00381379944212845,0.0056982019930043,0.015272458837601,0.0193640790493643,0.0193984890202985,0.0158723936079288,0.00615867395605174,0.0029654099513452,-0.00573838160715145,-0.0136799442690569,-0.0153631784827726
72,"BWA","Botswana",-0.0345686333186708,-0.0335127282193085,-0.0277520062871373,-0.0247361148142834,-0.0525287722329235,-0.0700404692219958,-0.0755232111510653,-0.0682768659951301,-0.0733936044468706,-0.0461574716736201,-0.0530663676835856,-0.0182977506439445,0.0315017289687087,0.0472380433648016,0.0191481408387171,-0.0135804911911682,-0.0443587276901269,-0.0659200962459089,-0.0823640743004416,-0.0753117096081674,-0.103597211431314
76,"BRA","Brazil",-0.00328204500233964,-0.00323504811608166,-0.00149678823279598,0.00114987519717613,0.00368749138821811,0.00423498465871308,0.00275422543948967,-0.00186409068552196,-0.00798966678712187,-0.0133577945722071,-0.0182256193741599,-0.0210140515669209,-0.0229959502868556,-0.0227669602722962,-0.0195865737363753,-0.0133219339066252,-0.00581659463157014,0.00141555470315846,0.00659670263499668,0.00756535671751224,0.00602528205801911
92,"VGB","British Virgin Islands",NA,NA,NA,NA,NA,NA,NA,NA,NA,NA,NA,NA,NA,NA,NA,NA,NA,NA,NA,NA,NA
96,"BRN","Brunei Darussalam",-0.0234450819301901,-0.00692216945505431,-5.18360249501804e-05,-0.00341254742312391,-0.00115249390643968,-0.00152000543547348,-0.00424218266905041,-0.00448565960738856,0.012128792131461,0.0386842611751803,0.0441364014521459,0.0495446463318732,0.0582373001717462,0.0538321379598869,0.039273935314821,0.0274736517381797,0.00391405934752309,-0.0149544521898869,-0.012821969283326,0.000134523912529216,0.0145574461967644
100,"BGR","Bulgaria",-0.022583060286978,-0.0263625360265203,-0.0320414681775366,-0.0385397729326077,-0.0310389310604312,-0.0356932716171301,-0.0401396477909423,-0.0477945547993223,-0.0449694232725297,-0.0481984933466253,-0.051747283429755,-0.0522578345470486,-0.0434741299214464,-0.0405688874594545,-0.0380831081208851,-0.0332770830106492,-0.0270546711469609,-0.0261902011556404,-0.020618540612532,-0.0216136224094987,-0.0294933571935225
854,"BFA","Burkina Faso",-0.0306917721215269,-0.0315563365536546,-0.03736759570979,-0.0391553901696489,-0.0329415111395752,-0.0231377454856235,-0.0144086632457149,-0.0121142384808683,-0.00897820180405795,-0.00819450532389465,-0.0110268642771248,-0.0113574833732645,-0.0180177192908447,-0.0258988208020882,-0.0265834777355884,-0.0258798937227607,-0.0250792160189872,-0.0256069258895427,-0.0255803064810156,-0.0273336413816447,-0.0273999414653637
108,"BDI","Burundi",0.0372421112339865,0.0340111650151085,0.0292763001045075,0.0179529010926585,0.0085267086581533,-0.000436394163023435,-0.00345294943634855,-0.00122841329066914,0.00359876255678238,0.00482789333640432,0.000210480426344084,-0.000578134803643438,0.00275044825648063,-0.00232796874234809,-0.000571589795746452,-0.00226197601734801,-0.000650118723665605,0.00486638485953228,0.0147809686246814,0.0222032486640391,0.0225298122296744
132,"CPV","Cabo Verde",-0.0662621536798879,-0.069083245890415,-0.0617844746026793,-0.0453196727896227,-0.0277428610597307,-0.0197032694044085,-0.00413866806797669,0.00367458495619788,0.00357393239712622,-0.00395780804051726,-0.00576308470375331,-0.00790738606784724,-0.00818841395728931,-0.0139716188935189,-0.0194741498252906,-0.0256572823720711,-0.0225576436706945,-0.0169795412276535,-0.0152092413602325,-0.0115474008545116,-0.00500254982368031
116,"KHM","Cambodia",NA,NA,NA,-0.0227156360042365,-0.0494391663868674,-0.0596164345197029,-0.0632897916485272,-0.0650326836630908,-0.0653397010118898,-0.0617510288965507,-0.0503251864856039,-0.0434723332728458,-0.0378718741091288,-0.0342867046556211,-0.0302818283404805,-0.0316065767334609,-0.0324893698729013,-0.0324851281832282,-0.032305083388569,-0.0345550662379058,-0.0275186470929443
120,"CMR","Cameroon",0.000111682673319402,-0.00671663702249092,-0.0172536987554182,-0.0253614864063797,-0.0257762007122877,-0.0330062153884904,-0.0356327901722864,-0.0378200570516064,-0.0397551513196763,-0.0402434519843068,-0.0382528572414257,-0.0330374147464761,-0.0313089586368501,-0.0322317249049824,-0.0305338482185002,-0.030799455119912,-0.0247701906412722,-0.0225328427039799,-0.0233802889082703,-0.0239880222061349,-0.0237343784840033
124,"CAN","Canada",NA,NA,NA,NA,NA,NA,NA,-0.0231107685557329,-0.0262137113253915,-0.0288020191090244,-0.0302827498832197,-0.0316288144618436,-0.0324402273200425,-0.0329496785718866,-0.0302082934243583,-0.0260123754480419,-0.0207230848943223,-0.0155204983987433,-0.0118629062917521,-0.00893633704062358,-0.00627995386301916
136,"CYM","Cayman Islands",NA,NA,NA,NA,NA,NA,NA,NA,NA,NA,NA,NA,NA,NA,NA,NA,NA,NA,NA,NA,NA
140,"CAF","Central African Republic",0.0048759760819066,0.00585901141305989,-0.00575452759953499,-0.0200542281143318,-0.0134061370567473,-0.019033611534735,-0.0247265831950816,-0.0226962927593151,-0.0215016976740473,-0.0129782222091589,-0.0281014394483255,-0.0244857280895865,-0.0288424882874998,-0.0508621883688911,-0.0224241704940583,-0.00610052339064093,0.0106199010010302,0.0269740853914644,0.0343105039078608,0.0434156794211915,0.0236407257810787
148,"TCD","Chad",0.0425271092199824,0.0312702668010256,0.0196471686502873,0.00350894645608402,-0.00522822792887057,-0.0273837211072181,-0.0491371270970264,-0.059348897332868,-0.064905238134111,-0.0679753871482998,-0.0628299943975663,-0.0496854989961499,-0.0385614547617301,-0.0253218821648405,-0.0125424653390563,-0.0101822062291971,-0.0102989270139605,-0.00158090602861527,0.0108566229420615,0.0235303156782773,0.0331992811705895
152,"CHL","Chile",-0.00384452388944623,0.00383569334335943,0.00109798281139728,-0.00473618931273179,-0.0125882735944451,-0.0190432536268358,-0.0264138577553591,-0.0310943627475792,-0.0300709436065271,-0.0292631076065162,-0.0239593788211659,-0.0207184799684155,-0.0194696831924867,-0.0179311513259582,-0.0177468457556561,-0.0195638943059234,-0.0206668790114238,-0.0211102704183764,-0.0185344056371416,-0.016459860030575,-0.0151450967350325
156,"CHN","China",-0.0694740783811142,-0.069048010284028,-0.0669163542703474,-0.0636495235378763,-0.0566490709224934,-0.0467836483091308,-0.0340269349926631,-0.0220495561108125,-0.0155463801236052,-0.0139666831982806,-0.0157852842571023,-0.0197522080539161,-0.0250024955162811,-0.0315925904049942,-0.036068122682821,-0.038448733275958,-0.0407013334173052,-0.0434921890291871,-0.0478660253586477,-0.0515314314859062,-0.053968379467533
170,"COL","Colombia",-0.0245988021043658,-0.0233309598623088,-0.0212272567745143,-0.0178927783405689,-0.0150110589650232,-0.0148955670775038,-0.0178108222512869,-0.0224159439684763,-0.026897445122685,-0.0271012080504985,-0.0259083439907454,-0.0230550578827605,-0.0226824798212339,-0.0223274593793799,-0.0197780362692296,-0.0202371533124146,-0.0217590413938011,-0.0200113974537099,-0.022498730136522,-0.0222484299825861,-0.016850092223158
174,"COM","Comoros",0.0145246484743971,0.00754528643977581,0.00585803398501983,6.79093051363377e-05,-0.00466481885000558,-0.00487820090124114,-0.00611286389903698,-0.00203586600155037,-0.00660103045488181,-0.00626503773039755,-0.00250365999188251,-0.00236511615881219,-0.00383551419569672,-0.00518753810328554,-0.00367974463914944,-0.00300287530455401,-0.00103852482630618,0.0061530120046378,0.00643433154622697,0.00697026988881877,0.00556787259216973
184,"COK","Cook Islands",NA,NA,NA,NA,NA,NA,NA,NA,NA,NA,NA,NA,NA,NA,NA,NA,NA,NA,NA,NA,NA
188,"CRI","Costa Rica",-0.0296379600877399,-0.0350150224080606,-0.0365311304914642,-0.0354501365697977,-0.0341371474322677,-0.0282746532007228,-0.0290407068657476,-0.0295002211657368,-0.0267620028092949,-0.024067862422235,-0.0221599390211816,-0.024608353674334,-0.0276265152290315,-0.0300054934165426,-0.0284714106098592,-0.0267544891408275,-0.0282865846054208,-0.0286604283120847,-0.0260065026993053,-0.0203962769856464,-0.0112354722964196
384,"CIV","Cote d'Ivoire",0.00767640634626932,0.00562845273809076,0.0062498369946733,0.00679972163219422,0.00567377927475832,0.00551483355572069,0.0136067168228646,0.0183275923234525,0.0199065123960769,0.013968658373678,-0.00105800676891021,-0.0104785415204829,-0.00852010372226097,-0.00347625768439908,-0.0050502408787062,-0.00887465811090238,-0.0112609472889563,-0.0097846229699261,-0.0132548267693304,-0.019915390781674,-0.0325162210699496
191,"HRV","Croatia",NA,NA,NA,NA,NA,-0.0102178764250485,-0.0103265261960724,-0.013716241003645,-0.014200180917834,-0.01720797439814,-0.0183945553568614,-0.02055497893726,-0.0209873968152811,-0.0234166254089148,-0.0239981049826213,-0.0241139908175423,-0.0235371012428203,-0.0239655068470235,-0.0214792551389733,-0.0231288306214745,-0.0247279514073875
192,"CUB","Cuba",0.00230387246013897,-0.00662565273116533,-0.0151999271062111,-0.0261101125718641,-0.0331430718659345,-0.0400220808793431,-0.044623975867113,-0.049531758097053,-0.0566341106885115,-0.058059383055436,-0.056949541813648,-0.0489395928030661,-0.0450284909257945,-0.0375854616282243,-0.0310695694481581,-0.0253174876132326,-0.022902018224044,-0.0238920380713437,-0.0318398719262506,-0.0359402972378113,-0.0376286664442935
531,"CUW","Curacao",NA,NA,NA,NA,NA,NA,NA,NA,NA,NA,NA,NA,NA,NA,NA,NA,NA,NA,NA,NA,NA
196,"CYP","Cyprus",-0.0123197938676994,-0.0166735842510726,-0.020799965726581,-0.0244259338099342,-0.0200130498098758,-0.0151607555066193,-0.0214067899174812,-0.0207123645733869,-0.0208396083717654,-0.0189270550420811,-0.0187190402211183,-0.0177059720116355,-0.018615403224127,-0.0195469493985635,-0.0160431823750818,-0.0118453936509409,-0.0107340412069618,-0.0100402418715363,-0.0100311105601031,-0.0117841712143598,-0.0143124705983071
203,"CZE","Czech Republic",-0.0434903457618794,-0.0411606862924889,-0.0351839364260209,-0.0317548837044332,-0.026744747011382,-0.0270482895096018,-0.0307234467434312,-0.0352707295785024,-0.0378778811608869,-0.041697882124861,-0.0448674033725514,-0.0422868638527026,-0.0395580145927346,-0.0366236587374484,-0.0312394801854686,-0.0293468356958612,-0.0279113598245967,-0.0262718611660204,-0.0274162748728392,-0.0320481336011428,-0.0343113917439041
180,"COD","Dem. Rep. Congo",0.0352831861183436,0.0264689149309028,0.020092027740374,0.0215380352279084,0.0284213595005753,0.0341292676946241,0.035229599791754,0.0265154535658052,0.0123482631266842,-0.0016075662495395,-0.01804619872392,-0.0309066922891323,-0.041986079764144,-0.0419763258817715,-0.0379668409708629,-0.0339770842621737,-0.0325459137170784,-0.0297313920803068,-0.027896565074585,-0.0283438835382419,-0.0277377503297772
208,"DNK","Denmark",-0.0185257333485219,-0.032805813503505,-0.0362590771932572,-0.0426211594763588,-0.0408541645992895,-0.0414646190560691,-0.046227484406547,-0.0345169597343299,-0.0308165886499639,-0.0277306432246135,-0.0262281123008693,-0.0264249909251474,-0.0287071617369762,-0.032521009286369,-0.0291304373088562,-0.033151315836401,-0.0419162897510894,-0.0429393775322144,-0.0476943870671546,-0.0503502314088339,-0.0527720037489889
262,"DJI","Djibouti",NA,0.0400482535756008,0.0333849852090908,0.0235379457949805,0.0163521166179419,0.00666925771318505,-0.000718278006031969,-0.00723503842050299,-0.0120307533026299,-0.0169028536551006,-0.0217997171084297,-0.02355527293785,-0.0288294987762329,-0.0312773267171116,-0.0296398136626922,-0.0339421447308258,-0.0365133716555061,-0.038911126715052,-0.0390528124678915,-0.041323031923767,-0.0456198101077743
212,"DMA","Dominica",0.0101717187879,0.0131075503095157,0.0142504525821849,0.00774182627089615,0.00834978555752741,0.0158866506279369,0.023578099643033,0.0247479344686641,0.0311960706573498,0.0125133000039706,0.00174480186709358,-0.00232621796202848,-0.0084731203783146,-0.0145588168193438,-0.0173178076335511,-0.0150550253796909,-0.0099993113400304,-0.00800020004518831,0.00111442451419297,0.00261928762407915,0.00171192610682125
214,"DOM","Dominican Republic",-0.00392573978531552,-0.00996287516109862,-0.0114117434551833,-0.0138626641815788,-0.0162120979135962,-0.0241149260750529,-0.0290371645137854,-0.0309566382451745,-0.03218119001387,-0.0330201435604833,-0.0353778876191021,-0.0379075060810558,-0.0375808067358872,-0.0327043168647279,-0.0260407841622596,-0.0246463950895908,-0.0257727232160274,-0.0276918390280946,-0.0298548773662304,-0.0318144909878812,-0.0321188002514027
218,"ECU","Ecuador",0.000359563847280864,-0.00690047616839773,-0.0132060656770995,-0.011374765988257,-0.00354342003310926,-0.0120111227691632,-0.010239884994922,-0.00690484829098215,-0.00757893439057356,-0.0137140742141778,-0.0127098566892473,-0.0139972769990543,-0.0129804434611195,-0.016065200922789,-0.0161155866148924,-0.0143442115853833,-0.0153386331091125,-0.017754462445871,-0.0167380709584601,-0.0201463851035477,-0.0180752836075013
818,"EGY","Egypt",-0.000651444152764302,-0.00302006649348252,-0.00725203733288726,-0.0121216477571151,-0.00749482772111498,-0.00839335629557825,-0.00358227681936263,-0.00209156189114379,-0.00114655459320678,-0.000279001564515768,-0.00156951121550908,-0.0039247334538649,-0.00901202795225819,-0.0157559088913822,-0.0192346562140659,-0.0210209774380763,-0.021284149931856,-0.019826206707883,-0.0165772425431274,-0.016091725498603,-0.0173829115166814
222,"SLV","El Salvador",0.00435462229524419,-0.00254732905401689,-0.00133372251823138,-0.00139464437598968,-0.00101741082305806,0.000356892955155175,-0.000417233570523479,-0.00191166450044444,0.000845574424765072,-0.00181756115515608,-0.00435497001590168,-0.0109905945810003,-0.0163970018959253,-0.0198220608956092,-0.0252675783927071,-0.0282769333520599,-0.0278530730402642,-0.0268361442558253,-0.0272148235405636,-0.0242563073746385,-0.0172972282213566
226,"GNQ","Equatorial Guinea",0.129403732922828,0.0113275623514912,-0.112636480249681,-0.181379347040276,-0.196706854271765,-0.17880103625853,-0.149393996384746,-0.127213357110525,-0.128020238544643,-0.120753907905689,-0.113347486547418,-0.0931397477019269,-0.0731999223211997,-0.0675446249786233,-0.0540109675630059,-0.0446022579848665,-0.0326112355106039,-0.0176659274092205,-0.0102221804024248,0.00328676751189017,0.0116106938035483
232,"ERI","Eritrea",NA,NA,-0.0215841089343943,-0.00303324871361532,0.00687816237435035,0.00802138750591985,0.0081767896859144,0.00556041653282668,0.00475172417040937,0.0102571230243149,0.00982105887775275,0.0125249204094484,-0.00259045757242549,-0.0176859217397981,-0.0193306887975621,-0.0334736946600004,-0.0311796429478558,-0.0337172079190583,-0.0256831972324499,-0.0109943046224058,-0.000438114372276477
233,"EST","Estonia",NA,NA,NA,NA,NA,-0.0676302833150234,-0.0642400720085151,-0.0603310808764449,-0.0544695260481407,-0.0489738396967413,-0.0397306072867899,-0.0242519358946779,-0.0108108278524951,-0.00477496506433406,0.00880582962636334,0.0174121825250864,0.0150314676418741,0.00430069587562887,-0.00741223365209032,-0.0173022296356948,-0.0376550323644506
748,"SWZ","Eswatini",-0.0186463514678147,-0.0170609123649166,-0.0176588795671326,-0.0180990303620161,-0.0279846470188894,-0.027735617320768,-0.0291193404868657,-0.0396066023872019,-0.0414646336675546,-0.0429815420738759,-0.0412054596058528,-0.0429043485376206,-0.0458922598262946,-0.0436064038129382,-0.0351823055933209,-0.0374093498937208,-0.0377020157165628,-0.0357769375000844,-0.0344345864175077,-0.0311895358843759,-0.030795329006721
231,"ETH","Ethiopia",-0.0200176570129704,-0.0267624586401615,-0.0281128791110012,-0.0137404626508666,-0.00857975032972713,-0.00844263578387938,-0.0132484958076838,-0.0226700025252413,-0.0307386304938989,-0.0326269771438045,-0.035882566279648,-0.0443682843605506,-0.0560725924209988,-0.059022117415529,-0.0582177971962087,-0.0589261004827535,-0.0615197016235525,-0.0630686680517251,-0.0621376477853145,-0.060801475402777,-0.0589130973215302
234,"FRO","Faeroe Islands",NA,NA,NA,NA,NA,NA,NA,NA,NA,NA,NA,NA,NA,NA,NA,NA,NA,NA,NA,NA,NA
238,"FLK","Falkland Islands",NA,NA,NA,NA,NA,NA,NA,NA,NA,NA,NA,NA,NA,NA,NA,NA,NA,NA,NA,NA,NA
242,"FJI","Fiji",-0.0122883371773967,-0.013080683165012,-0.00993939082547124,-0.0131134775173406,-0.0114976450981852,-0.00540964478059014,-0.004788628382282,-0.00279326065711605,-0.000181835581837264,-0.00520745728898553,-0.0165647607696231,-0.0161974671403202,-0.0134266490537915,-0.0174359598079527,-0.0144739534566363,-0.013513020284179,-0.00804717106400565,-0.00400504949326819,-0.0031693570550182,-0.00883555337466979,-0.00281460321357474
246,"FIN","Finland",-0.0174702329950646,-0.0319782845130888,-0.0366374510075135,-0.0397733546954607,-0.0339513379952424,-0.0238228031038479,-0.0264724030154827,-0.0165080138971266,-0.0141775073092221,-0.0186204469799998,-0.0205337758230335,-0.0215438839934193,-0.0248777636305016,-0.0270853413368732,-0.0222889032813451,-0.014983396785953,-0.0197574613255211,-0.0178595331506071,-0.0234592190180857,-0.0301411726925279,-0.0362148535534014
250,"FRA","France",-0.021573802530237,-0.0245066244047433,-0.0228394677077488,-0.0229699021971647,-0.0206954713500713,-0.0217831485963507,-0.0218568896549971,-0.019854716116106,-0.0205677888446172,-0.0192628289491036,-0.0188498343281523,-0.0196725724384663,-0.0214586239577913,-0.0220653564055947,-0.0206587863106755,-0.0220392459856867,-0.0212956025638138,-0.02139759258644,-0.0217518154620211,-0.0230967702433827,-0.0242147139836409
258,"PYF","French Polynesia",NA,NA,NA,NA,NA,NA,NA,NA,NA,NA,NA,NA,NA,NA,NA,NA,NA,NA,NA,NA,NA
266,"GAB","Gabon",0.00962422492266968,0.0182443123309368,0.0187850931317806,0.0212749318087198,0.0252210667300494,0.01863276592813,0.00905347169729254,-0.00215686940618132,-0.0303527077379034,-0.0419522300542027,-0.0498778375437822,-0.054099255488932,-0.0572095600945178,-0.059586782303644,-0.0537839708253066,-0.046871842288677,-0.0391993807797378,-0.0342539599209509,-0.043225087941786,-0.0435872155527143,-0.0459358237290234
270,"GMB","Gambia",-0.0104287046441219,-0.0115437141865261,-0.0164708163926746,-0.0202038453525181,-0.023589549290059,-0.0228636831749175,-0.0160458700447645,-0.00425838461750672,0.00145836153813494,0.00958798301637964,0.0194222110511781,0.0281935411253951,0.0249988643553742,0.0205507519820862,0.0147517572622788,0.0118150326201991,0.0117629692855035,0.00939493107339606,0.00260836483163063,-0.00826691708828908,-0.0112047461799107
268,"GEO","Georgia",0.0159045536884999,-0.0300662238754607,-0.0731011184414434,-0.0661951091285296,-0.0496884976372119,-0.0366956975870232,-0.043989081064066,-0.0409075006085524,-0.0418209010504814,-0.0448522522439635,-0.0399876898160142,-0.0312869016179583,-0.0248971831614234,-0.0199801272842445,-0.0173732090827078,-0.0117623959010048,-0.00556132862764791,0.00133563227211075,0.00159015763944215,-0.0128503613595423,-0.0197396751506824
276,"DEU","Germany",-0.0338861148618015,-0.0289645741961713,-0.0268843893604862,-0.0273241299217373,-0.0257496437605473,-0.0245760717641901,-0.0235997388934773,-0.0201417876291365,-0.0202943638544082,-0.0208175110873884,-0.0227970734701692,-0.022950215561778,-0.0249339980451375,-0.0254232986639852,-0.0224863787687833,-0.0216869859024423,-0.0201485015103967,-0.0184782710930121,-0.0201070715587828,-0.02271428412914,-0.0273532288152151
288,"GHA","Ghana",-0.011155798658474,-0.0106013878000619,-0.0119548139921444,-0.0167506464832056,-0.0206771036748011,-0.0267204788521492,-0.0307918124576122,-0.029809308347596,-0.0278064937240871,-0.0290868093482813,-0.0371190478112626,-0.0373568723888369,-0.0351095279036696,-0.0313502798533086,-0.0268797373440119,-0.0255976895166642,-0.0192695511578143,-0.00973853451914675,-0.004720305335014,-0.00200688690803474,-0.00909735448686111
300,"GRC","Greece",-0.00555710743086579,-0.00657273195544938,-0.0112975764253984,-0.0151392989501793,-0.0191938490912255,-0.0229651856916046,-0.0243235419827672,-0.0283577723703017,-0.0316302169441591,-0.0314459213760437,-0.0297629247969253,-0.0264463876790161,-0.0193487095629061,-0.00764652793035347,-0.00225795420067954,0.000277293799667122,0.00277232391964954,-0.000511613622099616,-0.00329793824599633,-0.00842588012592815,-0.011748530232758
304,"GRL","Greenland",NA,NA,NA,NA,NA,NA,NA,NA,NA,NA,NA,NA,NA,NA,NA,NA,NA,NA,NA,NA,NA
308,"GRD","Grenada",0.0232283839208889,0.0116712363643181,0.00168888530847755,-0.00573798203743558,-0.0135626626154687,-0.0160376442444171,-0.0200872170883718,-0.0176765704452007,-0.0139183717112944,-0.0109273961013557,-0.00266866829317935,0.00320933483240116,0.00890055267886036,0.0187480677650733,0.0287406035849427,0.0185059208582594,0.00450821816436542,-0.0043963064846777,-0.0150389038655016,-0.0233351239395552,-0.0253710379361324
320,"GTM","Guatemala",-0.00113357279414361,-0.000381104901022056,-0.000114205847418392,0.00288478064334141,0.00197331437262993,0.00378300443624346,0.00611530568642915,0.00290034932763716,-0.00135005016248213,-0.00772839182162199,-0.0101174425696617,-0.011172754801686,-0.0116647080305035,-0.0109909348107732,-0.010516603136532,-0.00847849870741679,-0.00198710428064819,0.00381471435362002,0.00777514139820745,0.00324968054412644,0.002716350874717
831,"GGY","Guernsey",NA,NA,NA,NA,NA,NA,NA,NA,NA,NA,NA,NA,NA,NA,NA,NA,NA,NA,NA,NA,NA
324,"GIN","Guinea",-0.0152006897860508,-0.0127872547151917,-0.00737450003918261,-0.00239542738780563,0.00157197369493467,0.00516310244966345,0.0142698394596552,0.0187604946921802,0.0140357143185512,0.0102269267660144,0.00764339548618675,0.0095460041169797,0.0113536193105066,0.0130392675579123,0.0113382550764922,0.00657732962442137,0.00400223351490814,0.00228836392413956,-0.00694219222529702,-0.0185202036359373,-0.0263189498818337
624,"GNB","Guinea-Bissau",-0.000875299812863717,0.00890204828859376,0.0214809993160672,0.0340607644626409,0.0442451190023214,0.047909342424507,0.0442858547595351,0.0315398809738237,0.00890865236560856,-0.000509705156178208,-0.00462155274589438,-0.0127427230930489,-0.017715148803867,-0.0140997620670456,-0.0104646011132751,-0.0093665182308893,-0.01148226504573,-0.0124259268703425,-0.0143390326804705,-0.0156040982642154,-0.0162071001490254
328,"GUY","Guyana",-0.00341478918470872,-0.00614974569295723,-0.00610104965786495,-0.0114785404608655,-0.0122842141996403,-0.0114447900689254,-0.0117132736361486,-0.017976359755131,-0.0211005727579262,-0.0218517284498202,-0.019061786585409,-0.0198720639382809,-0.020917572368171,-0.0245321708516596,-0.020294702145036,-0.012218079493871,-0.0067770375711812,-0.00852637258849498,-0.0097971108926771,-0.00889982896665886,-0.00645037844054086
332,"HTI","Haiti",0.0330703136363066,0.0249969072110456,0.0177557554384433,0.0150723165299584,0.00901810639074596,0.00999795588003294,0.0212201434254049,0.0291860804023307,0.0350534469635631,0.0354096985859766,0.0290972126055249,0.0238760516251961,0.0171289965328496,0.011243683325233,0.000668738368817312,-0.00837988778124577,-0.00568499642688713,-0.00227773003259235,8.58670935881545e-05,0.00172377981024141,0.00381539412273302
336,"VAT","Holy See",NA,NA,NA,NA,NA,NA,NA,NA,NA,NA,NA,NA,NA,NA,NA,NA,NA,NA,NA,NA,NA
340,"HND","Honduras",-0.00794119321658748,-0.00900340422164425,-0.00469929370899613,-0.00187990728726495,0.000483153813744419,0.00433668401446985,0.00768501691527779,0.00341460419102413,0.00159316620546579,-0.00118488959515195,-0.00477490313862339,-0.0106201363506141,-0.0126701791179363,-0.015583366465254,-0.0119770330324001,-0.00929226822598161,-0.0047582196693623,-0.00872410439807114,-0.00981896293569728,-0.0125451067220812,-0.0110774439035319
344,"HKG","Hong Kong",-0.00717335497695804,-0.0024483527078607,-0.0017144978456799,0.00570739811219134,0.0167354630847072,0.0115379045660504,0.0041375971899269,-0.0157381770759148,-0.0364851117741971,-0.0406575426271009,-0.036676467119702,-0.0407075348805352,-0.0431669005052223,-0.0418108000952189,-0.033043129204361,-0.0270380604678577,-0.0236272302865135,-0.0228180548430515,-0.0235454943995965,-0.0245420581304481,-0.0237076654684873
348,"HUN","Hungary",NA,-0.0288037472638704,-0.0307081480956666,-0.035044264724486,-0.0354468873391337,-0.0390787727351189,-0.04173362335581,-0.0405653480652542,-0.0377776469286495,-0.0368332208721829,-0.0355442929272,-0.0338330098959568,-0.0322793601064792,-0.0302831902350478,-0.0290724599653476,-0.030343004745756,-0.0294903295467768,-0.0287440846897298,-0.0265510787308638,-0.0256657384002235,-0.0269129925939492
352,"ISL","Iceland",NA,NA,NA,NA,NA,-0.0187539424773586,-0.0214571425187173,-0.0200831132409509,-0.0220107058179028,-0.0190669006747723,-0.0143665183136873,-0.00879532274447237,-0.00569492710366826,0.000705429250765333,0.00409900024690391,0.00385263505509092,-0.000280532740096651,-0.00832361581192864,-0.0191230398900181,-0.0258608576344387,-0.0322688919673294
356,"IND","India",-0.0250909051302587,-0.0287923070545246,-0.0303348143080664,-0.0314886687949362,-0.0327106979208323,-0.0337040218178356,-0.0349571502643322,-0.0358743148697395,-0.0348116169894215,-0.030769292423534,-0.0270181340635617,-0.0251695363519162,-0.0226892338857508,-0.0193151821797217,-0.0191440365851995,-0.0185739007677964,-0.0204697585391811,-0.0252394237572162,-0.0304792192514972,-0.0319984989474408,-0.0320170051266693
360,"IDN","Indonesia",-0.010874565158824,-0.00837957693997271,-0.00342253959799688,0.0018821450348272,0.00524951556849729,0.00576376799310596,0.000171089154073156,-0.0064522455728655,-0.0126427910764564,-0.0168155350239531,-0.016223101348288,-0.0187074100534053,-0.0154510256758021,-0.0120294169084258,-0.0184717042096256,-0.0235367318946904,-0.0252830182705445,-0.0250477477500025,-0.0265538975469638,-0.025010131820385,-0.0203460042561868
364,"IRN","Iran",0.018391344055299,0.0203239823941921,0.0206199617943761,0.0156114515930821,0.00910005922382906,0.00923763631969665,0.00884171922324883,0.00705445752626166,-0.000730999885892092,-0.00611052675417523,-0.0028478098967476,-0.0030301544037763,-0.0020868661337432,0.00087440065690636,0.00292174547507229,0.00565100212340486,0.00988725214366437,0.00994684617246699,0.00726294722131904,0.0114814746038914,0.0194353562273204
368,"IRQ","Iraq",-0.0525610503529144,-0.0851151908378469,-0.0833633269955113,-0.074091116240951,-0.0451322837387924,-0.0285889984086333,-0.00815957478056606,-8.23523106296964e-05,-0.00696283997847913,-0.0116874141995316,-0.0163012479405955,-0.0266358024923828,-0.0298812965735149,-0.0310532513162387,-0.00504715176866299,0.00788182197537157,0.0201970553683644,0.0274891989693462,0.0180020034390285,0.0182358677222356,0.0194831529870445
372,"IRL","Ireland",-0.0450474602912502,-0.0498868517439808,-0.0512807230691479,-0.0531473617854148,-0.052818578032669,-0.0510298231509235,-0.0515122894713881,-0.0507453017634711,-0.0508090092126143,-0.047301819619905,-0.0421134988400358,-0.0373396831197312,-0.0332106463796717,-0.0275673254194173,-0.0224828734532286,-0.0226031676748955,-0.0332049127327911,-0.0405579821446818,-0.0515647948404324,-0.0622241547974787,-0.0695157320776048
833,"IMN","Isle of Man",NA,NA,NA,NA,NA,NA,NA,NA,NA,NA,NA,NA,NA,NA,NA,NA,NA,NA,NA,NA,NA
376,"ISR","Israel",NA,NA,NA,NA,NA,-0.00563043279398023,-0.0102862175192587,-0.0124663581008297,-0.0147604199281685,-0.0140420796156535,-0.0182765784161898,-0.0200671267148711,-0.0180956953494286,-0.0149075852103558,-0.0146092520786575,-0.0193376533168036,-0.022377896480246,-0.0236915117054953,-0.0259180971420705,-0.0252314289292661,-0.0262898457160512
380,"ITA","Italy",-0.00884070303912543,-0.00886790316598463,-0.00945470006997096,-0.00974512966273622,-0.00805130091235118,-0.00811857431042773,-0.00666563705567569,-0.0073349073494966,-0.00887056316802437,-0.0102409981506681,-0.0127323173749441,-0.0151165522499249,-0.0190652246858184,-0.0224409576483378,-0.0241492050503356,-0.0268446256214533,-0.0254741011634623,-0.0247767368634643,-0.0238609892156096,-0.022058507077483,-0.0210722648566973
388,"JAM","Jamaica",0.0139527976872571,0.0197039224963778,0.0231439370029283,0.021159232452288,0.0147823041653627,0.00527483256136896,-0.00189587642470213,-0.0042615459862162,-0.00894305562017839,-0.0122904933965665,-0.0255971000745748,-0.0342222543220764,-0.0360952620574108,-0.0390793788240851,-0.0350444826812486,-0.0346471947517387,-0.0311452336679511,-0.0212871611920231,-0.0158979794564316,-0.00626872564659331,-0.00706678480128264
392,"JPN","Japan",-0.000955232226408365,-0.00134466786816689,-0.00397758304755758,-0.00522478631167567,-0.00635679565804081,-0.00499201045061748,-0.00465727009349903,-0.00536053488095545,-0.00613156835065998,-0.00892632508962554,-0.0102359023673257,-0.00999374706058265,-0.00940517567608512,-0.00641091080799427,-0.00292370324562308,-0.000745422247749761,-0.00222031917323007,-0.00437236258603413,-0.00653716666052562,-0.00948068726554596,-0.0142430944586805
832,"JEY","Jersey",NA,NA,NA,NA,NA,NA,NA,NA,NA,NA,NA,NA,NA,NA,NA,NA,NA,NA,NA,NA,NA
400,"JOR","Jordan",-0.0077291038914562,-0.00778669493516293,-0.0105197217493647,-0.0100632632959461,-0.0123627713892301,-0.0100961621604245,-0.00958475688512062,-0.0110607096765234,-0.0132647305374258,-0.018772012362955,-0.0250770675703472,-0.0299099282375662,-0.0322941282385366,-0.0286476876865537,-0.0244071401082899,-0.0151363098453481,-0.00581903328566802,-0.00193352896132548,0.00353221534516779,-0.00569760510863726,-0.014109101622937
398,"KAZ","Kazakhstan",-0.0426473586469395,-0.0572308954942997,-0.065668160614156,-0.0646316512753784,-0.0637880234304685,-0.0506934494830323,-0.0397216372577871,-0.0327139700820208,-0.026751530871458,-0.018046849607615,-0.0173375982534539,-0.0135048354925558,-0.0126493533172465,-0.0161949095040517,-0.0226165217570057,-0.0279865506635532,-0.0351235793846871,-0.0380775335887683,-0.0352905090006307,-0.0282799432203521,-0.0269758948029437
404,"KEN","Kenya",-0.00483025508130852,-0.00405220459046673,-0.00900574737342941,-0.011568910387161,-0.0119699866145293,-0.0110767588941194,-0.0124756145378331,-0.0166804928230423,-0.00850538530752543,0.00156912891936201,0.0110851200804287,0.0139229975875466,0.0120648486895489,0.0065233516311578,-0.00166785393541735,-0.00925436357283382,-0.019452343965769,-0.0318841474248338,-0.0349274237739312,-0.0346089187875486,-0.0291472264871705
296,"KIR","Kiribati",0.0096031649875421,0.00488237984605977,-0.00358242862638847,0.00164677933455626,0.0117513133717053,0.0231714449986633,0.038013332563855,0.0535719872809568,0.0577405742030779,0.0600611468903474,0.0501662497152335,0.0417208063712688,0.0232332156099986,0.0076244965000376,-0.00850700637614021,-0.0150661263690779,-0.0184537078775059,-0.0153923426268952,-0.0166237376029875,-0.00973336266083702,0.0028358325544271
689,"XKX","Kosovo",NA,NA,NA,NA,NA,NA,NA,NA,NA,NA,NA,NA,NA,NA,NA,NA,NA,NA,NA,NA,NA
414,"KWT","Kuwait",NA,NA,-0.00809111973024856,-0.0157589675236528,-0.0166272533616417,-0.0167113308231356,-0.0185165326257771,-0.0238613193537427,-0.0257422889602286,-0.0300647582933684,-0.0257064945638187,-0.0178444537847277,-0.0121079010334594,-0.00249507542536875,0.00125006604698941,-0.000310529066249621,0.00147115165231204,0.00152195564599777,0.000497325869398768,-0.00114556614648598,0.00210544535906076
417,"KGZ","Kyrgyzstan",-0.0188855597358785,-0.0385538983606907,-0.0592916135836122,-0.0574529509974107,-0.051731515166564,-0.041819593146879,-0.0373102360279836,-0.0302554567513105,-0.0241763071550035,-0.0129286542799949,-0.010674425872196,-0.0101768110728383,-0.0133151793930757,-0.000797324200334404,0.00535804419901953,0.0103884240905334,0.0127733263913397,0.00759131978794669,0.0005535695439014,0.00119629705182533,-0.00600895588402839
418,"LAO","Laos",-0.0416724879106483,-0.0432030315879759,-0.0439058902711261,-0.0419592361439861,-0.0403767980114934,-0.0368711038175293,-0.0351031441067133,-0.0338560857107898,-0.0315695314908362,-0.0321589750593408,-0.0333165332681314,-0.0317447531360042,-0.0326448317449426,-0.0313837309828398,-0.0291094993198462,-0.0267441902173121,-0.0134857053605045,0.00830146833229217,0.0293727133315522,0.0419375952379002,0.0599208653931942
428,"LVA","Latvia",NA,NA,NA,NA,NA,-0.0719176261285096,-0.0670533976760681,-0.0592188811915367,-0.0539055725021715,-0.0467774780100021,-0.0352632125133953,-0.0203005970184496,-0.00990714276999405,-0.00446835246962374,-0.00051235461653365,0.00119517488474141,-0.00117559336628748,-0.00654945659997996,-0.0168383120242162,-0.0284864695960642,-0.0317174586512678
422,"LBN","Lebanon",-0.0114410814567482,0.00926174433128324,0.0112679730870044,0.0107760645440884,0.0124258324955167,0.00492040797328941,-0.00361982541354788,-0.0220280731127077,-0.0380152156186584,-0.0414486436068224,-0.037323517360058,-0.0400640217654187,-0.0373308831732693,-0.0300114345437066,-0.0165537326132995,-0.00410423071104637,0.0100184277692865,0.0182246734781255,0.0174763649680576,0.00614635527066643,0.0053645076857225
426,"LSO","Lesotho",-0.0278546235736445,-0.0207015621466053,-0.0165374998628598,-0.0129906247471703,-0.0100536566031543,-0.00912805632779157,-0.00801875230389493,-0.0115603607987688,-0.0171734776926411,-0.0266256281255403,-0.0228300436727115,-0.0212833395426753,-0.0205486101259423,-0.0223742832919204,-0.0248242361141885,-0.0268850306045385,-0.0281229710156461,-0.0308228483331195,-0.0255163645309318,-0.0209837116779203,-0.0145865170323328
430,"LBR","Liberia",NA,NA,NA,NA,NA,NA,NA,NA,NA,NA,0.041149441066598,0.0267350701883646,0.00783465936042993,-0.0161798186359653,-0.0222741388462627,-0.0183427157256831,-0.0087606983211711,0.00386289744272572,0.00940276833001352,0.0117740054382023,0.0189775849019456
434,"LBY","Libya",NA,NA,NA,NA,NA,NA,NA,NA,NA,-0.0426580296989822,-0.0463557332855603,-0.0440641956479911,-0.016438422443628,-0.0103949517287683,0.000178194866228276,0.019031326044018,0.029812939928574,0.0301933590829084,0.0171261899003321,0.000202824771019294,-0.0245538118181837
438,"LIE","Liechtenstein",NA,NA,NA,NA,NA,NA,NA,NA,NA,NA,NA,NA,NA,NA,NA,NA,NA,NA,NA,NA,NA
440,"LTU","Lithuania",NA,NA,NA,NA,NA,-0.0654494985000525,-0.0640728838510652,-0.0600828658839112,-0.054008497489877,-0.0459151130455148,-0.0376095146972029,-0.0317720350124023,-0.0218312650168366,-0.0129262441068922,-0.0131322740567029,-0.0125082304100637,-0.0107050957543964,-0.0128481668950352,-0.0135199917436885,-0.0184949037800891,-0.023100836768902
442,"LUX","Luxembourg",-0.0766213963148978,-0.0789213740581132,-0.0743706810550253,-0.0626567026390237,-0.045541550248227,-0.0226381349762212,-0.00879730661627287,0.00250659439638867,0.00335756416354016,-0.00112711705199575,-0.0073780239905229,-0.0139137624603304,-0.0206951948413882,-0.025588220151549,-0.0315708922280422,-0.0335867901156154,-0.0360353716996348,-0.0410839022049496,-0.0470382384203073,-0.0484065922174125,-0.0466772175753459
446,"MAC","Macao",0.0263748302672593,0.0342941598867184,0.0419559206385725,0.0289296581534342,0.0115267408654895,-0.0104868256624229,-0.0349401909175546,-0.0610595097572921,-0.0916044443830476,-0.115938569516763,-0.107277565366618,-0.119214028787418,-0.124059048101759,-0.133253948119906,-0.140858711292033,-0.129423781402776,-0.0808079175753641,-0.043366921097918,-0.0179057376262641,-3.14968902458412e-05,0.0670721456475933
450,"MDG","Madagascar",-0.0071004247997245,-0.0166610568130383,-0.025975074040446,-0.0288270406930221,-0.0296687001751268,-0.0323741434913188,-0.0276906031811885,-0.0254388693826609,-0.0224936178454896,-0.021726492524222,-0.0172993815137502,-0.0134915601478424,-0.015548374378115,-0.0124149135054534,-0.0102719364677657,-0.0135049685469785,-0.0115155386551296,-0.0127745773966162,-0.0153930969233287,-0.022150861797874,-0.0256509917052157
454,"MWI","Malawi",-0.0246426677040068,-0.0233620261997449,-0.0224523268540209,-0.0122353227325208,-0.00605369323161642,0.00249502083624198,0.00482991542894839,0.00504452230553909,0.00164293104722457,-0.00162031227018344,-0.00949454491560719,-0.0151498609285223,-0.018988109088478,-0.017254004667455,-0.0152130536371906,-0.0145705093614158,-0.0116671743849485,-0.00716038061753799,-0.00300425901158075,0.00472560844438408,0.00697158136454945
458,"MYS","Malaysia",-0.00372168203826406,-0.00589090506147361,-0.00279061477898856,-0.00212017529378139,0.00456608003032266,0.00812158544040398,0.0134856360597613,0.0111237078124464,0.00714944743999424,0.00606425633773866,-0.00152101583593067,-0.00827504999289363,-0.0140819432519063,-0.0206525072260845,-0.0192267686710779,-0.0169147022537727,-0.0177969121626027,-0.0184830206992876,-0.0233695077905002,-0.0245759395982186,-0.0247945400240474
462,"MDV","Maldives",NA,NA,NA,NA,NA,0.0404941717019642,0.0428686830689278,0.0424931404833744,0.0376591983037968,0.0191145448042982,0.0179438599502184,0.0148924676573363,0.0123695561935837,0.0235238589093423,0.011546584958094,0.0146585764575511,0.01721202932944,0.0191295641247475,0.0147866306757647,0.00479118726509542,-3.50508452159337e-05
466,"MLI","Mali",-0.0124622753457415,-0.00609783971093936,-0.0146485977148613,-0.0192376701842999,-0.0250770322530447,-0.0249271630681027,-0.0237479219058192,-0.0233567572714469,-0.0221246849351791,-0.0187667837187577,-0.0151934837755495,-0.00616666378049546,-0.005861189374332,-0.00358665296894922,-0.00318659898649853,-0.000956018758925703,-0.00100503544114294,-0.00098600151682493,-0.0025573230073529,-0.00332777582352251,-0.00671139889771
470,"MLT","Malta",-0.0441158833800087,-0.0554296582250738,-0.0570109891736749,-0.061896313364867,-0.0464144216749917,-0.0339760953076277,-0.0251888097427229,-0.0199731021198615,-0.0078837145500904,-0.00783314432529048,-0.00351147120007411,-0.0149201253807295,-0.0159580524691185,-0.0207945295879003,-0.0283972432324522,-0.0358147469268493,-0.0564880678988192,-0.0807154323872481,-0.0932824829806925,-0.0898709902803188,-0.0808097494825214
584,"MHL","Marshall Islands",0.0119959348425698,0.0219860697915848,0.0308552542879272,0.0339775942092828,0.0350047761432892,0.0344148671287612,0.0244259559974667,0.0215737309965967,0.0199978715554996,0.024075805534898,0.023402601120206,0.0251178493716335,0.0240081207261891,0.0224462052301315,0.0165770820460618,0.0162902439850929,0.0105519426186205,0.00657159718340528,0.00135894659664215,0.000932323318834305,0.0146911987098444
478,"MRT","Mauritania",0.00218288213887519,0.0122019901157568,0.0230263280055005,0.0297890706369826,0.0300414578827475,0.0275989610062541,0.0151861715399353,-0.00428399348419517,-0.0161879658204698,-0.0288845339183363,-0.0345874812330048,-0.0325638057199934,-0.0278586962351499,-0.0200049874534618,-0.0140553065345911,-0.00713528738945945,-0.00166024094818717,-0.00253349035270778,-0.000176819566072406,-0.00407557259205682,-0.00568280247814767
480,"MUS","Mauritius",-0.012441749315907,-0.00832996024978683,-0.00627142207658349,-0.00209061844172953,0.00110385449465489,-0.00285179792151791,-0.00214552565487625,0.000151936860434132,-0.00227873308323079,-0.00655389106849058,-0.00961469940316195,-0.0106651002120431,-0.0139692182518214,-0.0168145683087064,-0.0192096398976325,-0.0221409968799395,-0.023447901651466,-0.0208811910164428,-0.0182024220728579,-0.0168590411333264,-0.016679493790826
484,"MEX","Mexico",-0.000112561087026286,-0.00162017874996101,-0.00244727398886813,-0.00436422353602106,-0.00382791240707159,-0.00588544179882711,-0.0026540069338683,-0.000674675145669323,0.00183350170742402,0.00627077924090158,0.0101357172220347,0.00768981420362835,0.00287437245347877,-0.00279728246437727,-0.00621289300936556,-0.0128078439563153,-0.0192485642129677,-0.0242538314299507,-0.0293451175742887,-0.0309225701458784,-0.027292951755239
583,"FSM","Micronesia",0.0420165679166811,0.0459502820109516,0.0480651676610604,0.0441958328950742,0.033927921048474,0.012208332848445,0.000829750239909943,-0.00850692329992453,-0.00629556463919156,-0.0108260085255489,-0.00268747671699998,-0.0117108720121223,-0.0115066697166103,-0.00908132112542448,0.00190979536587665,0.0147403427283077,0.0175766892552425,0.0181485645744892,0.0210074509306664,0.017546231065666,0.0384220645123596
498,"MDA","Moldova",NA,NA,NA,NA,NA,-0.100423514086255,-0.0899479752201949,-0.0672388214703999,-0.0584140245121751,-0.0482702759053529,-0.0432622182173679,-0.0430971975438287,-0.0421247603095928,-0.0405074564158183,-0.0388306874679972,-0.0385914708873346,-0.0367651500130298,-0.0341604879207017,-0.0303463679284467,-0.022104818416026,-0.0194340485042747
492,"MCO","Monaco",NA,NA,NA,NA,NA,NA,NA,NA,NA,NA,NA,NA,NA,NA,NA,NA,NA,NA,NA,NA,NA
496,"MNG","Mongolia",-0.011307356988055,-0.0227608880957206,-0.0269680103697753,-0.0319326676669222,-0.0383229817627606,-0.0496674312450598,-0.0548629020210027,-0.054919642911613,-0.0480806533144383,-0.0424860722662979,-0.0275673134963044,-0.0103411372511019,0.0089012340692034,0.0271615536046781,0.0394728790872514,0.0285591082126651,0.0122533914831338,0.00357120158851676,0.00536714050718246,-0.00183821140393836,0.00304833769131396
499,"MNE","Montenegro",NA,NA,NA,NA,NA,NA,NA,0.00355886656162863,-0.00165103500598385,-0.00329879630240892,-0.0254800088499912,-0.0286011762554099,-0.023782372786989,-0.0144365857919007,-0.00336791281665771,0.0103825053669746,0.0212831695403297,0.0192118111514306,0.013687401010966,0.0114733814140664,-0.00251305120717837
504,"MAR","Morocco",-0.00308086433146193,-0.00259306755388489,-0.00479433603649204,-0.0056035417017738,-0.0072798942479646,-0.00769392518232415,-0.00316708837086466,-0.00523943894872647,-0.0045868017607692,-0.0074763194449492,-0.0107259638903092,-0.0111685930800378,-0.0123183018252617,-0.0130115013834798,-0.0178664939991433,-0.0185568391985642,-0.0176213525023375,-0.0178419396754292,-0.0156640278278836,-0.0135206280960856,-0.0110328320267568
508,"MOZ","Mozambique",-0.0581567542223907,-0.0663918889499732,-0.0709132794934269,-0.0658258766655924,-0.0602517615723596,-0.0550448910971024,-0.0431802323059668,-0.0385374511912351,-0.0403491323836273,-0.0381829698602513,-0.0464633877046937,-0.0508578547690551,-0.0546508612048633,-0.0513445320567403,-0.0446801253410013,-0.034432378775672,-0.026892976796757,-0.0222639270111581,-0.0147818491543066,-0.00357984203796058,-0.00348266249951323
104,"MMR","Myanmar",-0.0371620255102192,-0.0423641076523791,-0.0490137875509334,-0.0570266255940047,-0.0645819321114259,-0.0700783539379849,-0.074991208636181,-0.078455756699737,-0.0820947833688465,-0.0850632185322302,-0.0846215776099609,-0.0820086351093874,-0.0789709760973358,-0.0776444661102174,-0.0757750115115716,-0.0700229649533276,-0.0623211124902309,-0.0520736379395166,-0.0426636234028415,-0.0366153423966717,-0.0279299957593897
516,"NAM","Namibia",-0.0251259292858776,-0.0194085113205177,-0.0148733471565154,-0.0228394327732916,-0.0252508354231435,-0.027782897912946,-0.0259181309071608,-0.0217784858052709,-0.025145459748151,-0.0286613930191563,-0.0206973647773306,-0.0140606849525713,0.00754702271401353,0.0201814942737681,-1.09294067129895e-05,-0.0220632944623419,-0.03821340197234,-0.0433553511329611,-0.0491763146676608,-0.0612452018809634,-0.0627908906838592
520,"NRU","Nauru",NA,NA,NA,NA,NA,NA,NA,NA,NA,NA,NA,NA,NA,NA,-0.0964585010701134,-0.100652365576202,-0.0938783906319152,-0.110717187685283,-0.0963348605187209,-0.0850738993401715,-0.0580331829349248
524,"NPL","Nepal",-0.0221150392028866,-0.0217308798957603,-0.0230548800473033,-0.024852559428496,-0.0248853039144135,-0.0278237617317922,-0.0267081176135824,-0.0265918434058016,-0.0262756043285336,-0.0255424629838742,-0.0219427367777365,-0.0200400373932114,-0.0182280782048732,-0.016840311736673,-0.0140465404445922,-0.0127569213860275,-0.0139674259283862,-0.0109390735053152,-0.0104346420273455,-0.0111582205422934,-0.00941554619824436
528,"NLD","Netherlands",-0.0254121799428579,-0.0319966374939443,-0.0359445274411159,-0.0382181330497252,-0.0367834524689797,-0.0340880991323879,-0.0311141034840461,-0.0261415738635581,-0.0240776163554909,-0.0236266837516846,-0.0230437123771645,-0.0202891243580603,-0.0216717904209041,-0.0207943178170162,-0.0178343117691778,-0.0157965265296094,-0.0142305114596116,-0.0139879197883694,-0.0166315878074798,-0.0227534692480776,-0.0272444411307007
540,"NCL","New Caledonia",NA,NA,NA,NA,NA,NA,NA,NA,NA,NA,NA,NA,NA,NA,NA,NA,NA,NA,NA,NA,NA
554,"NZL","New Zealand",-0.0175389680981586,-0.0189286056489082,-0.01818195829212,-0.0177795635151283,-0.0193029005993847,-0.0225623400177736,-0.0265212029788148,-0.0306710860710468,-0.0325333214824548,-0.0323980504383381,-0.0301243243037391,-0.0275667921730124,-0.0240997120834855,-0.0187178365517626,-0.015402441262014,-0.0126839148506553,-0.0131740104045022,-0.0160961528071201,-0.0204572570412677,-0.0240355925528917,-0.0255795211048455
558,"NIC","Nicaragua",-0.0137434687385842,-0.0107709274517304,-0.0161112735436869,-0.0140469184056536,-0.00462925908754008,0.0014403289985665,0.00144368616681367,-0.00385808135300625,-0.0086832808255991,-0.0161169023549261,-0.0167099958011693,-0.0182076607150428,-0.0180394062401671,-0.0181363564139588,-0.0155305879602295,-0.0148160956974299,-0.0123888454898,-0.0116050091534906,-0.0149621267116354,-0.0158943668608322,-0.00788549664397009
562,"NER","Niger",0.0196294483958281,0.0165989324518385,0.0121530433901902,0.00642131350445041,0.00358393527360534,0.00322983026532908,0.000733591816430623,-0.0006249826571183,0.000191166473029192,-0.00355107439556845,-0.00305929051206155,-0.00636190580167451,-0.00956547588013745,-0.0141953058144354,-0.0159282735139294,-0.0148820320317651,-0.0148528932912049,-0.0152098732992315,-0.013708926013224,-0.0133724480266063,-0.0106147318074831
566,"NGA","Nigeria",0.0244853582613365,0.0155552254034212,0.00456903575474965,-0.0205643149618669,-0.0387416331173485,-0.0554856103399576,-0.0659863748189825,-0.0707676866587708,-0.0778246611105009,-0.0851804369937859,-0.0929275968667359,-0.0852698938673137,-0.0695564262338255,-0.065448129037451,-0.0565069906800691,-0.0487111518367229,-0.0410114395388151,-0.0334708416027367,-0.02583614096158,-0.0183761407430492,-0.0197169114617551
570,"NIU","Niue",NA,NA,NA,NA,NA,NA,NA,NA,NA,NA,NA,NA,NA,NA,NA,NA,NA,NA,NA,NA,NA
408,"PRK","North Korea",NA,NA,NA,NA,NA,NA,NA,NA,NA,NA,NA,NA,NA,NA,NA,NA,NA,NA,NA,NA,NA
807,"MKD","North Macedonia",-0.00118031701751586,0.00853040388891446,0.00304538494030782,-0.00727320784952989,-0.0155322741771176,-0.0226412995059574,-0.0283121492607505,-0.030669363200708,-0.0434363877620544,-0.0480854080569226,-0.058217152462203,-0.0638175232207265,-0.0596458601624673,-0.0583931103694104,-0.0565812950830852,-0.0541671341410207,-0.0518750199560373,-0.0486604627109023,-0.0453808418606922,-0.0452411080463385,-0.0428977554614732
578,"NOR","Norway",-0.01941860496708,-0.0153838590409495,-0.010837734101497,-0.013066875500195,-0.00595998192249836,-0.00447287055676915,-0.00585491908983815,-0.00893918058771859,-0.0119627919894822,-0.00729296092815102,-0.00338089542587738,-0.00565730891209704,-0.0113214494864787,-0.0193650960456377,-0.0177701239197452,-0.0189317868796497,-0.0219615081291493,-0.0285036122011262,-0.0305878990777744,-0.0227346277826951,-0.0148184853862888
512,"OMN","Oman",-0.0128309147579747,-0.00539547258235895,0.00536436242781502,0.0153481200245811,0.032089474996682,0.0376313685663046,0.0446685408494663,0.0510889829054468,0.0532888173967956,0.0393367929616188,0.0246476327203164,0.0140756173895344,0.00529117920252942,-0.000711196570078565,0.00536089294247888,0.00340310511195274,0.00225606759411523,0.00319365878095712,0.00791797058136079,0.00710118144701033,0.00161483587779676
586,"PAK","Pakistan",-0.00309370296319877,-0.000104823334646009,-0.000964713416848673,-0.00246569037216959,-0.00327007664652623,-0.00419554671112554,-0.00785680787358012,-0.0100564336476208,-0.0112142371237556,-0.010684745238595,-0.0101186364620099,-0.00997727381382729,-0.0105535344250576,-0.0105312361598244,-0.0116754021432526,-0.0133990146202233,-0.0150316406810375,-0.0133616044461625,-0.00936644644094053,-0.0063588968741638,-0.00287558241703445
585,"PLW","Palau",NA,NA,NA,NA,NA,NA,NA,NA,NA,NA,-0.00542977600840444,0.00514186000099937,0.0130338516272714,0.0114719011237805,0.00522266376569003,-0.00676736316802129,-0.0166638038814426,-0.0232391748212943,-0.0245528972258112,-0.0309873812725747,-0.0108837465078711
591,"PAN","Panama",-0.00982318786419389,-0.01183622756516,-0.00581295597087661,-0.00252645609335933,-0.00365971288574052,-0.00872449802942366,-0.0146214833947158,-0.0167896532498824,-0.0280856754802613,-0.0351921751655117,-0.0382008189610749,-0.0402549081378117,-0.0323805172419511,-0.0327563697879865,-0.0277119885823603,-0.0308304161375239,-0.0314183904864817,-0.0326558264361347,-0.0357672253510293,-0.0424785488870674,-0.0387478148758309
598,"PNG","Papua New Guinea",-0.00289451246029804,0.0163180626766959,0.0339560417769849,0.0483114613681792,0.0497514586967125,0.0479292054901699,0.0483893291240249,0.0389594663718176,0.0277781902839949,0.0374706092331691,0.0111846969905984,-0.0155165828143808,-0.0366955404156892,-0.053040858875381,-0.0652999054716155,-0.0618440401549295,-0.0454253965998692,-0.0259736923883404,-0.00848048686971037,0.0178243357566998,0.0283477437422486
600,"PRY","Paraguay",-0.00446563865191885,-0.00327710562779593,-0.00260080392966278,-0.00213713819579286,0.00207757850480927,0.000540468656699433,0.00112579203152419,-0.00201832288502168,-0.00409103242576359,-0.0102562146107626,-0.0114342068310184,-0.0165168617550325,-0.0161920080222099,-0.0133320101369166,-0.00949672600854612,-0.0106873507463069,-0.0116871564045927,-0.0133160981751684,-0.0107468451899808,-0.0178341333516702,-0.0182373299157084
604,"PER","Peru",-0.019205436515182,-0.0160614813133264,-0.0166000597391436,-0.0165308723907676,-0.0152847035532999,-0.0166461598331451,-0.0183287538543929,-0.0252018111281125,-0.0284705488549331,-0.0331301903910389,-0.0286781256582197,-0.0240567971459485,-0.0224173392241724,-0.0213962295104351,-0.0246831668830482,-0.0213226573619554,-0.0176293233756413,-0.0173825236105672,-0.015336015321992,-0.0179036594374616,-0.0151323729288554
608,"PHL","Philippines",0.00407091661328285,-0.00109235793565732,-0.00632516822984996,-0.0105854957962059,-0.0159878117952678,-0.019895218850706,-0.0231493124957317,-0.030001298801308,-0.0340174314972611,-0.0373563515674115,-0.0361485956050731,-0.0338495032768771,-0.0314781411147386,-0.0288294365608278,-0.0260307189753072,-0.0233103099190829,-0.0205819810323564,-0.0211256372656146,-0.0209494814171507,-0.0205322435821823,-0.0200014399016593
616,"POL","Poland",-0.056312834348985,-0.0666845740982597,-0.068376389695429,-0.0674316378582485,-0.0633169114518143,-0.0605032572025689,-0.0553605839736665,-0.0471277508261794,-0.0412470059504924,-0.0391227996618446,-0.0409361856274785,-0.0425581896152033,-0.0428079983659505,-0.0431204960348175,-0.0401505268696115,-0.0397705152223532,-0.037818423427151,-0.0325854813324838,-0.0292417971283432,-0.0262099899924445,-0.0304781142744862
620,"PRT","Portugal",0.0056478154378814,0.00265892249783706,-0.00324216066486549,-0.00266105217044987,-0.00536775830571568,-0.00635446468026735,-0.00417945296596134,-0.00871447527488844,-0.0144520639667833,-0.0191611389159189,-0.0148604264157359,-0.0139776706427339,-0.0132604175893209,-0.00624923877923456,-0.000876947653060234,0.00557347762883564,0.0157228315369717,0.01923584826567,0.0214536365531439,0.0170162465370349,0.0141851724379498
634,"QAT","Qatar",NA,NA,NA,NA,NA,NA,NA,NA,NA,NA,-0.0727222349300889,-0.0759070618531914,-0.073399107957672,-0.0643361787550736,-0.0510915670782945,-0.0366518510990389,-0.0239656657911216,-0.0138814215421839,-0.00818444693207954,-0.00943242654901377,-0.00638776544823783
178,"COG","Republic of Congo",0.0504828287669112,0.0553262423135359,0.0495149632662757,0.0175392503805616,-0.00400729345313333,-0.0206360234161393,-0.0274662089381603,-0.0288386353689883,-0.027787428103641,-0.0260441180449918,-0.0193262364410409,-0.00952421374729084,-0.00319113374425306,-0.0247301455987221,-0.0362944176859914,-0.047136045928424,-0.0454738904237718,-0.0325832687721024,-0.0159946282547728,0.00154859188850565,0.0129952064516405
642,"ROU","Romania",-0.047553665755006,-0.0488866617239506,-0.0498855892234362,-0.0480736264040621,-0.0429534719040356,-0.0448052319552428,-0.0454880364017375,-0.044336471543358,-0.0440356515720287,-0.0503041548141659,-0.0597721364961703,-0.0617374403278933,-0.0571914481602199,-0.0537751973952659,-0.0511203370925514,-0.0506304377772593,-0.0477884997747938,-0.0439518896794422,-0.0402826263878104,-0.0417802084642684,-0.0471162981350773
643,"RUS","Russia",0.0142502155384687,0.00133109692264988,-0.0126870023317506,-0.0221866020208656,-0.029715771367913,-0.0363831940447392,-0.0416943574087173,-0.0450593827017792,-0.0516886281388413,-0.0524332142961699,-0.0487483498387663,-0.0446641919341506,-0.0381309437040245,-0.0308718034393868,-0.0240245522970324,-0.0185479277714715,-0.0121631448931855,-0.00638052565737801,-0.00446554479535044,-0.0037434422191932,-0.00374621336523984
646,"RWA","Rwanda",0.0181820449721788,0.00280061098443252,-0.0136747195201417,-0.0404192864332056,-0.0611939844325355,-0.0395658315045221,-0.0378777175906522,-0.0369926321034335,-0.0356301139435743,-0.037182769363739,-0.033319000884599,-0.033309159204722,-0.0359774289830649,-0.0430774415943026,-0.0441590578093209,-0.0449653463626579,-0.0430057207218593,-0.0417569018118737,-0.0387264401573237,-0.0382524072388611,-0.0396302235113651
652,"BLM","Saint Barthelemy",NA,NA,NA,NA,NA,NA,NA,NA,NA,NA,NA,NA,NA,NA,NA,NA,NA,NA,NA,NA,NA
659,"KNA","Saint Kitts and Nevis",-0.0053607043248507,-0.00419055400865498,-0.00277270046493727,0.0021891365681419,0.00722595972063433,0.0126364750919463,0.00763780426447003,5.77587408296942e-05,-0.00366800763381658,-0.00752933799589262,-0.0053586784365045,-0.00487208506132331,-0.00556546635878663,-0.00519844967697902,-0.00341457603717865,-0.000202925890793626,-0.00429054326047984,-0.0100329126942669,-0.00937969505471559,-0.0116543046577984,-0.00862075417769514
662,"LCA","Saint Lucia",0.04827851886067,0.0400565103775909,0.0322600733700475,0.00303331906175597,-0.00548941643933076,-0.0138110979153614,-0.0167703659022529,-0.0153587816577014,-0.02134395465914,-0.0353345905734327,-0.0371184635891023,-0.0314662365745948,-0.0275519312003069,-0.030110113049351,-0.0230251402088759,-0.0127876630384519,-0.00259225678437014,0.00341926486828648,-0.000260450332849493,-0.00627991894736102,-0.00608392762817433
670,"VCT","Saint Vincent and the Grenadines",0.0284024080911944,0.0204069047088156,0.0208339689061403,0.0143964864092785,0.00747956250491977,0.00986649931189842,0.00854765936357649,0.00191572286136754,-0.000119075786029876,-0.00978171168813036,0.0049726957723244,-0.00267812220867736,-0.00594745243147698,4.19923319385784e-05,-0.00563744632398999,0.00378792970780162,-0.00035675899752452,-0.00217331924379971,0.00265623166625395,-0.00817464798398859,0.00741276692712578
882,"WSM","Samoa",-0.00934903213663141,-0.0137616020244054,-0.0152984801645285,-0.0176526796478139,-0.0205019902649307,-0.0206161326319887,-0.0219263100251802,-0.0240946311934038,-0.0269920182763078,-0.0271407628708229,-0.0199565437384249,-0.0123140393910127,-0.00354229743701873,0.00528226422885814,0.0137276634865404,0.0210565827703151,0.0283208006653528,0.0299005238095373,0.0237627656732762,0.0177756414231252,0.0228650404052253
674,"SMR","San Marino",NA,NA,NA,NA,NA,NA,NA,-0.022429832573196,-0.0235614279881574,-0.0245089610811021,-0.0252748699128826,-0.0193001683461267,-0.0111771071570561,-0.00112779652932171,0.00419263023290384,0.00541584732775324,0.00729839079999284,0.0050170253761479,-0.00122317122327187,-0.0100484160896346,-0.0232635452546772
678,"STP","Sao Tome and Principe",NA,NA,NA,NA,NA,NA,NA,NA,NA,NA,NA,-0.00871985516925811,-0.0141667561708272,-0.0131127425884064,-0.0124209542903518,-0.0115229428781284,-0.0116898794602207,-0.0114767692241192,-0.0108520834596199,-0.0157063409970046,-0.0206799203379729
682,"SAU","Saudi Arabia",-0.0208674711394894,-0.0219736966607658,-0.0131854419790537,0.00160011288096107,0.0165403054343809,0.0358968050221609,0.0385723948842029,0.0448803573475303,0.0341960540027029,0.0185175232738244,0.00876319299365291,0.00935923042201692,0.00359025790638423,0.0065607282537461,0.00111742301961559,0.00314189788037988,0.00380424695003168,0.000830099480368274,-0.00561406154520683,-0.012653427945812,-0.0138851532473943
686,"SEN","Senegal",-0.012819733079239,-0.0150953291939445,-0.0190271205552319,-0.0226943169964451,-0.0268858652539024,-0.0237944872455619,-0.0227137478603769,-0.0203955127402147,-0.0207243598348751,-0.022325898272667,-0.0218825632054299,-0.0111062721324424,-0.00155195196081825,0.00186261953579381,0.00209832714819869,0.00305992034475677,0.00321643709549568,-8.69224012086667e-05,-0.00872231608946916,-0.0181680315890401,-0.0272588614101504
688,"SRB","Serbia",NA,NA,NA,NA,NA,-0.00757875405986708,-0.0177114674176877,-0.0168715077731314,-0.0180325656064693,-0.0193465783491915,-0.0310484526269664,-0.0337986898084959,-0.0312521205658748,-0.0295705070106341,-0.0248923734222571,-0.0232235981196554,-0.0226410267598759,-0.0151157707380746,-0.0109177198596458,-0.0106380743971051,-0.00939082506810918
690,"SYC","Seychelles",0.0671377625933653,0.083906452162551,0.104735864461945,0.100844555141126,0.0921822857005177,0.0977223835965744,0.0818256660448144,0.0595192398240003,0.0301098259948374,0.0111590922890459,-0.0145978803758878,-0.0427523741791113,-0.0751122109918637,-0.0965359879595488,-0.12003341294205,-0.102774046218107,-0.0875894007115908,-0.0583185410745946,-0.038571490582917,-0.0224254619647657,-0.014674061968846
694,"SLE","Sierra Leone",-0.00930203525216233,-0.0177151955922791,-0.014594748265278,-0.00948146354725077,0.00117535151304171,0.0146567971752485,0.0267294499045794,0.0344294949191191,0.0309962635525638,0.0151923772372162,-0.00191841043331298,-0.0231808216717742,-0.0261838183593494,-0.0331422333695309,-0.0433133714333279,-0.046843141262795,-0.0376839945450448,-0.0171431462365254,-0.0067561616419276,-0.00694067449182156,-0.0091497724296431
702,"SGP","Singapore",-0.0542093051516432,-0.051945311787709,-0.0435970336420425,-0.0400461777535464,-0.0330244934644647,-0.0256048103771228,-0.0511281087949805,-0.0628730853715662,-0.0632383685201794,-0.0570806403026466,-0.0292378330673331,-0.027919622319042,-0.0448723737201171,-0.0477082199194686,-0.0381783217922999,-0.0314800132092028,-0.0338929465800182,-0.0522356499093595,-0.066408384555664,-0.0697982233314088,-0.0428229898306157
534,"SXM","Sint Maarten",NA,NA,NA,NA,NA,NA,NA,NA,NA,NA,NA,NA,NA,NA,NA,NA,NA,NA,NA,NA,NA
703,"SVK","Slovakia",NA,NA,-0.0535416395407241,-0.0476696911621548,-0.0421277361275121,-0.0403257310364125,-0.0389236975734368,-0.0401837758878931,-0.0483175503737532,-0.0554647189189829,-0.0588678465779222,-0.060606040658897,-0.0580253606209171,-0.0549597676462429,-0.0490868052089535,-0.0446820809169514,-0.038953727945214,-0.0324879464831318,-0.0305385019109955,-0.0301192036095355,-0.0321163871390581
705,"SVN","Slovenia",NA,NA,NA,NA,NA,-0.034442575806291,-0.0331194333483956,-0.0309689822776879,-0.0296123574084159,-0.027148580171148,-0.0259028450009376,-0.0270273842978914,-0.0261826505929018,-0.0234193156152264,-0.0208801440286287,-0.0236941541054759,-0.0244285971786337,-0.0254368442351911,-0.0290550755316773,-0.0317328002965265,-0.0359309402253671
90,"SLB","Solomon Islands",-0.0112302716498981,0.00550988281060705,0.0271913996375643,0.0437698106011883,0.0551388329087485,0.0593492283806596,0.0540602881526977,0.0439602513072075,0.031523750250197,0.01539948474064,-0.00254431014363543,-0.0140266496003952,-0.0197725561900628,-0.019865557877744,-0.0190620084817603,-0.0208061001936856,-0.0253056878044703,-0.0306563839061212,-0.0351357282708846,-0.0379848258879566,-0.0268007515781417
706,"SOM","Somalia",NA,NA,NA,NA,NA,NA,NA,NA,NA,NA,NA,NA,NA,NA,NA,NA,NA,NA,NA,NA,NA
710,"ZAF","South Africa",0.0018560509792751,0.000204773706586003,-0.00423752736345639,-0.012981424749803,-0.015492133161928,-0.0144817704012333,-0.0154888806144481,-0.0166275398566215,-0.015754872564514,-0.0134591447004327,-0.0104102052310943,-0.0104989115468076,-0.0149938089593474,-0.0231073892293325,-0.0270074853639258,-0.0241556714113516,-0.0271681449499894,-0.0273672081404305,-0.0262030609000881,-0.0238105670307639,-0.0172031614357401
410,"KOR","South Korea",-0.0138944382137669,-0.014366881238756,-0.0190543488059228,-0.0245015417141163,-0.026664801035449,-0.0287896561364656,-0.0326192239495129,-0.035576611500556,-0.034435983545329,-0.0345987858224744,-0.0335952528382873,-0.0271159452739219,-0.0204027037853353,-0.0150496881880853,-0.0109505072304802,-0.00756311195999448,-0.00770352053000001,-0.0087337365107848,-0.010766784031049,-0.0127464231657849,-0.0173147441567019
728,"SSD","South Sudan",NA,NA,NA,NA,NA,NA,NA,NA,NA,NA,NA,NA,NA,NA,NA,NA,NA,NA,NA,NA,NA
724,"ESP","Spain",-0.00253761613559,-0.0026216744908435,-0.00403886563293954,-0.00357476839930682,-0.00533379802010259,-0.00447819143473571,-0.0035865818219043,-0.00725823867736008,-0.00903463297728446,-0.0143434688244927,-0.0198510677938438,-0.025901430382831,-0.0306547208508408,-0.0317008250267433,-0.0338560238782977,-0.0330576766526288,-0.0287698140969825,-0.0268301500130015,-0.020297236897461,-0.0180092335609219,-0.0207348946817439
144,"LKA","Sri Lanka",-0.0267889407789141,-0.0242075730927963,-0.0219666649417286,-0.015877574739543,-0.0141255604976076,-0.0117415393950643,-0.0117231590220032,-0.0145510904588486,-0.0200472135959203,-0.0280802573879155,-0.0333749038670372,-0.0375957046582408,-0.0375781748729748,-0.0362089722479949,-0.037612019351887,-0.0335932132178947,-0.0249555838737495,-0.0174020384085897,-0.015078623861783,-0.0124725977789586,-0.00741484203819354
275,"PSE","State of Palestine",NA,NA,NA,NA,NA,NA,NA,NA,NA,NA,NA,NA,NA,NA,NA,NA,NA,NA,NA,NA,NA
729,"SDN","Sudan",-0.00459567577323039,-0.00657210999993207,-0.0125046724477097,-0.0177437008121712,-0.0228352405638383,-0.0213392476911858,-0.0221525519845165,-0.025906788637918,-0.0333270406400846,-0.0416275170027447,-0.045501459118293,-0.0471253287775475,-0.0475189438237512,-0.0425032182829682,-0.0374068022246646,-0.0314936477034041,-0.0242674567255875,-0.0201067659302803,-0.0184307958257279,-0.0189094157126494,-0.0175222442363997
740,"SUR","Suriname",-0.00234639629209688,-0.0152834037217983,-0.0213810221267864,-0.0414979184886084,-0.0551823555014002,-0.0676374855073293,-0.0756365342860883,-0.0745637275607294,-0.0737511842590682,-0.0649263051484819,-0.0517688662595578,-0.0319601878632606,-0.0114832155977503,-0.00184177477044767,0.00601857220699453,0.0121819255487556,0.0138204051032496,0.0118482063628165,0.00761342164381085,0.00823354328100034,0.00960170534261851
752,"SWE","Sweden",-0.0174467805353995,-0.02704315904343,-0.032116639274922,-0.0324824712543565,-0.031482858085484,-0.028937462157849,-0.0265062051368212,-0.0221626535647831,-0.0217633934918643,-0.0207708376658239,-0.0244741269728728,-0.0254666006930416,-0.0269017773820647,-0.025993526462025,-0.0278652657880082,-0.030665001516789,-0.038798212626452,-0.0387403032882745,-0.0427502449787535,-0.0458341060504779,-0.0480269534770723
756,"CHE","Switzerland",-0.0176207655421577,-0.0217624607275961,-0.0193854024376258,-0.0177133507844063,-0.0172614910082669,-0.0163556596056696,-0.016700142992684,-0.0162978485569997,-0.0195885464768741,-0.0199361385605552,-0.0180256561291964,-0.0231183593420304,-0.0251608121958338,-0.0263361616938931,-0.0234475087339698,-0.0257571600684489,-0.0256030335451627,-0.0263934513779261,-0.0307849489623933,-0.034143516309855,-0.0316951822243281
760,"SYR","Syria",-0.0195446853896053,-0.0130613068161424,-0.011861324117545,-0.0274551299173614,-0.0263694681456988,-0.0312525747331561,-0.0384570860288379,-0.0437876317584679,-0.0395911411615676,-0.0364872503261702,-0.030636455186494,-0.0229512186399378,NA,NA,NA,NA,NA,NA,NA,NA,NA
158,"TWN","Taiwan",-0.0110441932470642,-0.00792857530850888,-0.00347220216484789,-0.000291410992406038,0.00366470317498391,0.00371256644384954,0.000801602591289363,-0.00674994987808697,-0.0111631360720068,-0.0175110098092839,-0.0247537949728671,-0.029914760434847,-0.0321594235390454,-0.0342461516976523,-0.0332536754419211,-0.0310663979992568,-0.0296296224996103,-0.0275892336900063,-0.0204991449535197,-0.0169655121502369,-0.0155983289673272
762,"TJK","Tajikistan",0.0357410065678621,0.00178123564203081,-0.0298247627157989,-0.0446204768993477,-0.0628168406417166,-0.0769352419600173,-0.0826897825000088,-0.0733694823215476,-0.0627683877861938,-0.0521608022315043,-0.0408369371626144,-0.0323270278579723,-0.0307502392479735,-0.0332896542602793,-0.0384245473658438,-0.0340164828099582,-0.0286285733076872,-0.0184540900239928,-0.00471652234648445,8.80555053199839e-05,-0.00195191903001191
834,"TZA","Tanzania",-0.00852016759927632,-0.012890210256564,-0.0173834787723558,-0.0193378804483861,-0.0183877599655784,-0.0210133032919866,-0.0187578678145121,-0.0242982897125077,-0.0301334323181002,-0.031312430733144,-0.0317696748239266,-0.033477180067127,-0.0353434161740314,-0.0328806343332847,-0.0271868681232095,-0.0251167262333619,-0.0211699027847716,-0.0232682871948261,-0.0278140379340508,-0.0319125712212691,-0.0361063472658764
764,"THA","Thailand",0.000142486627696004,0.00189395108501822,0.00407356377821078,0.0031967391571377,0.00117078039444851,-0.00279198332115638,-0.00743643099444613,-0.0130495037073012,-0.0151512194222395,-0.016701394454911,-0.013547818597167,-0.0121668786856819,-0.00975871580278742,-0.00870921991095219,-0.00665372462612324,-0.00612359843805976,-0.00760429361732218,-0.0114880135111987,-0.0170312247715646,-0.0241074973017661,-0.0265949294494821
626,"TLS","Timor-Leste",NA,NA,NA,NA,NA,NA,NA,NA,NA,NA,0.160279055926722,0.143870477293158,0.112313940243757,0.0723098239016946,0.0256852301361354,-0.0038344955288897,-0.016971488106388,-0.0262420127090411,-0.0169076287552443,-0.00844447746189514,0.000803562094541244
768,"TGO","Togo",-0.00106673396301571,-0.00224080599340182,-0.00738680769381961,-0.00862118404069667,0.00393745188916395,0.00759149403285253,0.0187050974784493,0.0195416224932234,0.00878507099674031,0.00849352704905915,0.0190817979736877,0.0210906422486179,0.0165868000754208,0.00669333354607904,-0.00268382704354408,-0.0161562604038356,-0.0140847702202365,-0.0180767801531954,-0.0241041895736653,-0.0282695079324127,-0.022910375873557
776,"TON","Tonga",-0.0256164624139328,-0.0246855434844264,-0.0230799254772863,-0.0236150519430961,-0.0174127126790017,-0.00993333588297873,-0.00487921670692837,-0.00222552756042982,0.00172253523098376,0.00097171052714784,0.0102417348624539,0.0110793919427976,0.000331599880525779,-0.00791180681440551,-0.0113701419793449,-0.0152569025310446,-0.015996421601982,-0.0138635969422081,-0.0102556930838456,-0.00632928778708497,0.014477611209927
780,"TTO","Trinidad and Tobago",-0.00134303888195364,0.0060111857614169,0.0145778379586323,0.0209548366905092,0.0220001764013003,0.0201086503500514,0.0160270577052843,0.0168811802819957,0.0115860565989707,0.00926635489096106,0.00657399817237714,0.00504005691999554,0.00472519452123077,0.00239836886782618,-0.00134470799502795,-0.00549340030079848,-0.0081019564534357,-0.0115895018154217,-0.0114306680468572,-0.0158071853264746,-0.0132691056281591
788,"TUN","Tunisia",-0.0180184598731722,-0.0198621358826317,-0.0152567271049909,-0.0148061598230258,-0.012192478765313,-0.0128532515016283,-0.0140954214663408,-0.0148827547324938,-0.0180971989488529,-0.0184304414041788,-0.0198577527522836,-0.0172816860936568,-0.0149776398785544,-0.0121189885245185,-0.0113349804485287,-0.0108434810956894,-0.00904680177458983,-0.00895283064936803,-0.0109581843970482,-0.0191448321630756,-0.0239746334793595
792,"TUR","Turkey",-0.00649312737800189,-0.00318919563944942,-0.000457133647074115,-0.000413338009543573,-0.00381503291290541,-0.00924628890353707,-0.0158319688036047,-0.0186063362131481,-0.0199190961264077,-0.0205649146612599,-0.0145225587948521,-0.00849375477406911,-0.00409353104285781,-0.000473796581362151,-0.000360022841256247,-0.00341766994567627,-0.0112931291781502,-0.0153205655562968,-0.0168318365333227,-0.019401205666879,-0.0184331455248572
795,"TKM","Turkmenistan",0.0109378833670819,0.0141519678142488,0.0181911099381893,0.0210129056183823,0.0239544142360202,0.0300213705776049,0.0325705057635153,0.0241946084591631,0.00931423035005352,-0.0103632813122996,-0.0382505946136327,-0.0572605482496477,-0.0721425713103783,-0.0792965051339674,-0.0770162112449463,-0.0725985505009936,-0.0675986725246752,-0.0627931229096291,-0.0565202518989713,-0.0477455158395148,-0.0482333851964999
796,"TCA","Turks and Caicos Islands",NA,NA,NA,NA,NA,NA,NA,NA,NA,NA,NA,NA,NA,NA,NA,NA,NA,NA,NA,NA,NA
798,"TUV","Tuvalu",-0.0269098932193881,-0.0278830206575967,-0.0258761756677643,-0.0149613762194543,-0.00420088386202577,0.00171370788800274,0.0123387160299175,0.0143216803928066,0.0206053206887713,0.0129392840506937,0.00842004270840935,-0.00590681722622377,-0.0238488520129623,-0.0191532043713671,-0.0144030448730157,-0.00810310434159722,-0.00232253678435479,-0.00956113256475699,-0.00912007879401688,-0.0112626190939794,-0.0030003013734774
800,"UGA","Uganda",-0.0436300806712085,-0.0421092650443226,-0.039601750368608,-0.0364130127625378,-0.0318263076597863,-0.0294234067142654,-0.0266568387572038,-0.0323753930888191,-0.0338551433813531,-0.0251562509665809,-0.0225199790620231,-0.0174418334859574,-0.0164722516479794,-0.0160813178055674,-0.0142817825634747,-0.015104292325411,-0.0133459325510512,-0.0183721263250585,-0.0215587677378782,-0.0191428275187734,-0.0204083156261248
804,"UKR","Ukraine",0.036926805550664,0.019821347014229,-0.00290128126989886,-0.0207288668249365,-0.0362617922320357,-0.0522884043747853,-0.0576144073030708,-0.061814979804888,-0.0692770809199771,-0.0731947018641464,-0.0693506250057762,-0.0583592089046368,-0.05151632348584,-0.0415994921982324,-0.030632683605612,-0.0282090522814343,-0.0246747346126258,-0.0250089814496922,-0.0323106801393077,-0.0388797341082916,-0.0461141787315187
784,"ARE","United Arab Emirates",-0.00497688020717524,-0.00511545171442207,-0.00601867133523259,-0.0165696475469498,-0.0125994604126887,-0.00977534638411814,-0.00987082889124913,-0.0111749190687374,-0.0150953051754489,-0.0108221926311136,-0.0037842547041318,0.0105323947890568,0.0209831576931632,0.0292513512433603,0.0386353658372376,0.0384320783503194,0.0368333942407593,0.0256385215547899,0.00440765750270256,-0.0123118808848954,-0.0217209376602467
826,"GBR","United Kingdom",-0.0367512759351206,-0.0415859271802421,-0.0420646826757769,-0.0423285760234314,-0.0420860160895726,-0.0412678242651304,-0.0395294997025105,-0.035819824007576,-0.0351821046041064,-0.0334105749432224,-0.0336832459088711,-0.0317446987007943,-0.0330801604243125,-0.0323163325473644,-0.0315615285206484,-0.034019207562907,-0.0369259789124575,-0.0410111425787719,-0.045361889736856,-0.0470209432512569,-0.0491909927246789
840,"USA","United States of America",-0.020673281459066,-0.0226641964527691,-0.0240467468098493,-0.0244540881746887,-0.0240258922462109,-0.0236561529117132,-0.0233514413863705,-0.0234943661105098,-0.0221227637109811,-0.0215568308241995,-0.0221715065604886,-0.0209896519250251,-0.0210514374786309,-0.0221931468371728,-0.02213062502932,-0.0216036031950136,-0.0226518230294016,-0.0254402665302946,-0.0268306172326603,-0.026561133912293,-0.0276832506407858
858,"URY","Uruguay",-0.0275844796699548,-0.0296819305681371,-0.0257715067298081,-0.0155921249594621,-0.00444917831263358,0.00268675416859043,0.00778735948695841,0.0138550587170609,0.0090092923807561,0.00305901905355266,-0.00318406671940885,-0.0195664887535414,-0.0325291956721971,-0.038009596009105,-0.0420171428725105,-0.0417240067901506,-0.040346695692161,-0.0344516292354413,-0.0322549780513588,-0.0218174585038293,-0.0107921571905171
860,"UZB","Uzbekistan",0.0116202446033757,0.0064365031739555,8.50208676568265e-05,-0.004711966109199,-0.0092382237894173,-0.0151201946197685,-0.02407538510312,-0.0309955910747325,-0.042058017597489,-0.0481804786796632,-0.0617608881004087,-0.0734271372239461,-0.0776799318220828,-0.0750209315863475,-0.074161523727028,-0.0743757627203367,-0.074934447511369,-0.0712040480560318,-0.0675883172399623,-0.0589135596751046,-0.0574835080347986
548,"VUT","Vanuatu",-0.007184231227228,-0.0133891846217321,-0.0180345702825979,-0.0176752957022065,-0.0131164893596908,-0.0156176624191272,-0.0176120565861771,-0.0208320040751616,-0.0137139614371802,-0.00932440734631823,-0.00529721544475492,-0.00547510599408729,-0.00486497806954644,-0.0020786896536561,0.000991819768069391,0.00310755683823083,0.0017598965978558,-0.00687854592146853,-0.00723171591849603,-0.00937167075405831,-0.00994696362741154
862,"VEN","Venezuela",0.0244928963079334,0.034580577374429,0.038057256314622,0.0396219460165863,0.0461347372905645,0.0330364670157788,0.0169456837318376,-0.00612366026243005,-0.0356980166558215,-0.0500281761432896,-0.0525014885793671,-0.0552435497774132,-0.0583320423161418,-0.0442982186734385,-0.0220952426414847,-0.0114057518944695,-0.00174807957794798,0.011834119636009,0.018824360881927,0.0302981461383964,0.0605641793785703
704,"VNM","Viet Nam",-0.0208486019407014,-0.0180670147077631,-0.0151575673154873,-0.0128568349920182,-0.0113533107618606,-0.00761366187376378,-0.00669962832733817,-0.00822420221180153,-0.0108099010618679,-0.0126445661208524,-0.0123124321712713,-0.0121560730770826,-0.0132951528340886,-0.0168370390057726,-0.0193295841830682,-0.0173237789125927,-0.013751048065375,-0.0146855634333711,-0.0186790457163722,-0.0188265134966311,-0.013653890828654
876,"WLF","Wallis and Futuna Islands",NA,NA,NA,NA,NA,NA,NA,NA,NA,NA,NA,NA,NA,NA,NA,NA,NA,NA,NA,NA,NA
732,"ESH","Western Sahara",NA,NA,NA,NA,NA,NA,NA,NA,NA,NA,NA,NA,NA,NA,NA,NA,NA,NA,NA,NA,NA
887,"YEM","Yemen",-0.0137771528155681,-0.0024860497350524,0.0040102257352681,0.00562709591731814,0.00856880683043859,0.0128970739663699,0.0166749644646165,0.0228362620860545,0.0251369961321699,0.0197671039187968,0.0191083277214295,0.015619477443684,0.0135841369332876,0.00332443071358979,0.00439671615970116,0.00139268676610116,-0.00776983577761614,-0.0119611483092402,-0.0123264656017159,-0.00538243880774125,0.00490066756546303
894,"ZMB","Zambia",-0.0189694787314435,-0.0264243272243548,-0.0319944636906321,-0.0310383082769945,-0.0305874261713057,-0.0262247507521954,-0.0225667741494158,-0.0313924384522034,-0.0398831566706077,-0.0427694666418426,-0.0520436263484492,-0.0604186586357782,-0.0684356914241854,-0.0666826655919267,-0.0595011885753356,-0.0519655585322106,-0.0403665874976203,-0.033875809800142,-0.0278137616547668,-0.0228631234006431,-0.0208992667215281
716,"ZWE","Zimbabwe",-0.026961616582852,-0.0252617001739543,-0.0287819322848233,-0.0194882787520451,-0.00669346051412933,0.00674662821668837,0.0214326340290583,0.0321702702447855,0.0383464899412345,0.0462247142649161,0.0445688755033977,0.0347267001853795,0.01681651664457,-0.0142985147475289,-0.0298474340550547,-0.0446816161615576,-0.0484751970018699,-0.053379707262991,-0.0538348284931722,-0.0423286848177729,-0.0299359790727979
