"code","iso","country","MPA.raw.1990","MPA.raw.1991","MPA.raw.1992","MPA.raw.1993","MPA.raw.1994","MPA.raw.1995","MPA.raw.1996","MPA.raw.1997","MPA.raw.1998","MPA.raw.1999","MPA.raw.2000","MPA.raw.2001","MPA.raw.2002","MPA.raw.2003","MPA.raw.2004","MPA.raw.2005","MPA.raw.2006","MPA.raw.2007","MPA.raw.2008","MPA.raw.2009","MPA.raw.2010","MPA.raw.2011","MPA.raw.2012","MPA.raw.2013","MPA.raw.2014","MPA.raw.2015","MPA.raw.2016","MPA.raw.2017","MPA.raw.2018","MPA.raw.2019","MPA.raw.2020","MPA.raw.2021","MPA.raw.2022"
4,"AFG","Afghanistan",NA,NA,NA,NA,NA,NA,NA,NA,NA,NA,NA,NA,NA,NA,NA,NA,NA,NA,NA,NA,NA,NA,NA,NA,NA,NA,NA,NA,NA,NA,NA,NA,NA
8,"ALB","Albania",0,0,0,0,0,0,0,0,0,0,0,0,0,0,0.449218749327206,0.449218749327206,0.449218749327206,0.468191791133886,0.468191791133886,0.468191791133886,0.468191791133886,1.4683471897854,1.46834718978976,1.46834718978976,1.46834718978976,1.46834718978976,1.46834718978976,1.46834718978976,1.46834718978976,1.46834718978976,1.46834718978976,1.46834718978976,1.46834718978976
12,"DZA","Algeria",0,0,0,0,0,0,0,0,0,0,0,0,0,0,0.0198219504854248,0.0198219504854248,0.0198219504854248,0.0198219504854248,0.0198219504854248,0.0198219504854248,0.0198219504854248,0.0198219504854248,0.0202083186055033,0.0202083186055033,0.0202083186055033,0.0202083186055033,0.0202083186055033,0.0202083186055033,0.0202083186055033,0.0202083186055033,0.0202083186055033,0.0202083186055033,0.0202083186055033
20,"AND","Andorra",NA,NA,NA,NA,NA,NA,NA,NA,NA,NA,NA,NA,NA,NA,NA,NA,NA,NA,NA,NA,NA,NA,NA,NA,NA,NA,NA,NA,NA,NA,NA,NA,NA
24,"AGO","Angola",0.000280801898474517,0.000280801898474517,0.000280801898474517,0.000280801898474517,0.000280801898474517,0.000280801898474517,0.000280801898474517,0.000280801898474517,0.000280801898474517,0.000280801898474517,0.000280801898474517,0.000280801898474517,0.000280801898474517,0.000280801898474517,0.000280801898474517,0.000280801898474517,0.000280801898474517,0.000280801898474517,0.000280801898474517,0.000280801898474517,0.000280801898474517,0.000280801898474517,0.000280801898474517,0.000280801898474517,0.000280801898474517,0.000280801898474517,0.000280801898474517,0.000280801898474517,0.000280801898474517,0.000280801898474517,0.000280801898474517,0.000280801898474517,0.000280801898474517
660,"AIA","Anguilla",0,0,0,0,0.0585134750215439,0.0585134750215439,0.0585134750215439,0.0585134750215439,0.0585134750215439,0.0585134750215439,0.0585134750215439,0.0585134750215439,0.0585134750215439,0.0585134750215439,0.0585134750215439,0.0585134750215439,0.0585134750215439,0.0585134750215439,0.0780137037634095,0.0780137037634095,0.0780137037634095,0.0780137037634095,0.0780137037634095,0.0780137037634095,0.0780137037634095,0.0780137037634095,0.0780137037634095,0.0780137037634095,0.0780137037634095,0.0780137037634095,0.0780137037634095,0.0780137037634095,0.0780137037634095
28,"ATG","Antigua and Barbuda",0.0165146228663767,0.0165146228663767,0.0165146228663767,0.0165146228663767,0.0165146228663767,0.0165146228663767,0.0165146228663767,0.0165146228663767,0.0165146228663767,0.0165146228663767,0.0309941219223554,0.0309941219223554,0.0309941219223554,0.0309941219223554,0.0309941219223554,0.0309941219223554,0.139311534699472,0.139311534699472,0.139311534699472,0.139311534703589,0.139311534703589,0.139311534703589,0.139311534703589,0.139311534703589,0.139311534703589,0.259558961055897,0.259558961055897,0.259558961055897,0.259558961055897,0.259558961055897,0.259558961055897,0.259558961055897,0.259558961055897
32,"ARG","Argentina",0.0301878653495126,0.0304716785114003,0.0304716785115779,0.0304716785114945,0.0304716785114945,0.0304716785114945,0.0304716785114945,0.0304716784502848,0.0304821370435209,0.120574991568025,0.120895933945022,0.120895933938143,0.242539910551814,0.245623985482776,0.24562398548287,0.24562398548287,0.261398542637574,0.261398542637313,0.261398542637313,0.261433988287627,0.26143398828771,0.261433988287627,0.261678108308589,0.340248601877283,0.340248601734572,0.340248601734394,0.341992016973541,0.341992016973541,0.341992016973541,3.23644020862705,4.29505407875021,4.29505407875021,4.29505407875021
51,"ARM","Armenia",NA,NA,NA,NA,NA,NA,NA,NA,NA,NA,NA,NA,NA,NA,NA,NA,NA,NA,NA,NA,NA,NA,NA,NA,NA,NA,NA,NA,NA,NA,NA,NA,NA
533,"ABW","Aruba",0,0,0,0,0,0,0,0,0,0,0,0,0,0,0,0,0,0,0,0,0,0,0,0,0,0,0,0,0,0,0,0,0
36,"AUS","Australia",0.0164793483674691,0.0194119707668537,0.0195525572874302,0.0197700284337822,0.0198051097198912,0.0198051097198884,0.0201349674830464,0.034005580670196,0.0415173937929315,0.0671248944814237,0.0733467095823276,0.0823371868864903,0.0857614240085937,0.337495601998616,0.33759306074193,4.1758674442867,4.22219042262468,4.2962352084285,4.34780920999483,4.35238137285212,4.70175620876242,4.70570867190403,4.73480228229161,8.98850385035963,8.98853803936678,8.99032263212261,8.99034654004668,9.17601513000924,9.26686462088036,33.413745906146,33.4795974186422,33.4795974186432,33.4795974186432
40,"AUT","Austria",NA,NA,NA,NA,NA,NA,NA,NA,NA,NA,NA,NA,NA,NA,NA,NA,NA,NA,NA,NA,NA,NA,NA,NA,NA,NA,NA,NA,NA,NA,NA,NA,NA
31,"AZE","Azerbaijan",NA,NA,0.00105097328553889,0.00105097328553889,0.00105097328553889,0.00105097328553889,0.00105097328553889,0.00105097328553889,0.00105097328553889,0.00105097328553889,0.00105097328553889,0.00105097328553889,0.587867224966544,0.587867224966544,0.587867224966544,0.587867224966544,0.594417878193865,0.594417878193865,0.594417878193865,0.594417878193865,0.594417878193865,0.594417878193865,0.594417878193865,0.594417878193865,0.594417878193865,0.594417878193865,0.594417878193865,0.594417878193865,0.594417878193865,0.594417878193865,0.594417878193865,0.594417878193865,0.594417878193865
44,"BHS","Bahamas",0.111323243583905,0.111323243583905,0.111323243583905,0.111323243583905,0.111323243583905,0.11132324358421,0.11132324358421,0.11132324358421,0.111323243583905,0.111323243583905,0.111323243583905,0.111323243583905,0.111323243583905,0.132611316838446,0.132611316838446,0.132611316838446,0.132611316838446,0.132611316838446,0.132611316838446,0.165480685863104,0.185853393652198,0.186976132198983,0.186976132198983,0.186976132198983,0.186976132198983,0.186976132198983,7.12821751120124,7.12821751120124,7.12821751120124,7.12821751120124,7.12821751120124,7.12821751120124,7.12821751120124
48,"BHR","Bahrain",0,0,0,0,0,0,0,0,0.446799213840944,0.446799213840944,0.446799213840944,0.446799213840944,0.446799213840944,0.479690660127539,0.86062171909528,0.86062171909528,0.86062171909528,0.931503178399818,1.03486621989697,1.03486621989697,1.03486621989697,1.03486621989697,1.03486621989697,1.03486621989697,1.03486621989697,1.03486621989697,1.03486621989697,1.03486621989697,1.03486621989697,1.03486621989697,1.03486621989697,1.03486621989697,1.03486621989697
50,"BGD","Bangladesh",0,0,0,0,0,0,0,0,0,0,0,1.45036864440755,1.45036864440755,1.45036864440755,1.45036864440755,1.45036864440755,1.45036864440755,1.45036864440755,1.45036864440755,1.45036864440755,1.45036864440755,1.45036864440755,1.45036864440755,1.45578923421638,1.45578923421638,2.98799187184791,2.98799187184791,2.98799187184791,2.98799187184791,2.98799187184791,2.98799187184791,2.98799187184791,2.98799187184791
52,"BRB","Barbados",0.00584235087813743,0.00584235087813743,0.00584235087813743,0.00584235087813743,0.00584235087813743,0.00584235087813743,0.00584235087813743,0.00584235087813743,0.00584235087813743,0.00584235087813743,0.00584235087813743,0.00584235087813743,0.00584235087813743,0.00584235087813743,0.00584235087813743,0.00584235087813743,0.00601959042271171,0.00601959042271171,0.00601959042271171,0.00601959042271171,0.00601959042271171,0.00601959042271171,0.00601959042271171,0.00601959042271171,0.00601959042271171,0.00601959042271171,0.00601959042271171,0.00601959042271171,0.00601959042271171,0.00601959042271171,0.00601959042271171,0.00601959042271171,0.00601959042271171
112,"BLR","Belarus",NA,NA,NA,NA,NA,NA,NA,NA,NA,NA,NA,NA,NA,NA,NA,NA,NA,NA,NA,NA,NA,NA,NA,NA,NA,NA,NA,NA,NA,NA,NA,NA,NA
56,"BEL","Belgium",1.50404165364483,1.50404165364483,1.50404165364483,1.50404165364483,1.51448274588623,1.51448274588623,1.51448274588623,1.51448274588623,1.51465082711497,1.51465082711497,1.51465082711497,1.51465082711497,1.51465082711497,1.51465082711497,1.51465082710977,1.51465082710977,9.90142830478981,9.90142830478981,9.90142830478981,9.90142830478981,9.90142830478981,9.90142830478981,9.90142830478981,35.6179475016027,35.6179475016027,35.617947503043,35.617947503043,35.617947503043,35.617947503043,35.617947503043,35.617947503043,37.4210399739756,37.4210399739756
84,"BLZ","Belize",1.25259106940673,1.25259106940673,1.25259106940673,1.25259106940673,2.20231333179915,2.20231333179915,2.20231333179915,4.3333752738521,4.3333752738521,6.51482611175464,6.51482611175464,7.96782251933908,7.96782251934111,8.06023824030179,8.21855100707822,8.21855100707822,8.21855100707822,8.21855100707822,8.21855100707822,8.21855100707822,8.21855100707822,8.21855259723915,8.21855259723915,11.6054735383619,11.6054735380773,11.6054735380773,11.6054735380773,11.6054735380773,11.6054735380773,11.6054735380773,11.6054735380773,11.6054735380773,11.6054735380773
204,"BEN","Benin",0,0,0,0,0,0,0,0,0,0,0,0,0,0,0,0,0,0,0,0,0,0,0,0,0,0,0,0,0,0,0,0,0
60,"BMU","Bermuda",0,0,0,0,0,0,0,0,0,0,0,0,0,0,0,1.79613995870243e-07,1.79613995870243e-07,1.79613995870243e-07,1.79613995870243e-07,1.79613995870243e-07,1.79613995870243e-07,1.79613995870243e-07,1.79613995870243e-07,1.79613995870243e-07,1.79613995870243e-07,1.79613995870243e-07,1.79613995870243e-07,1.79613995870243e-07,1.79613995870243e-07,1.79613995870243e-07,1.79613995870243e-07,1.79613995870243e-07,1.79613995870243e-07
64,"BTN","Bhutan",NA,NA,NA,NA,NA,NA,NA,NA,NA,NA,NA,NA,NA,NA,NA,NA,NA,NA,NA,NA,NA,NA,NA,NA,NA,NA,NA,NA,NA,NA,NA,NA,NA
68,"BOL","Bolivia",NA,NA,NA,NA,NA,NA,NA,NA,NA,NA,NA,NA,NA,NA,NA,NA,NA,NA,NA,NA,NA,NA,NA,NA,NA,NA,NA,NA,NA,NA,NA,NA,NA
70,"BIH","Bosnia and Herzegovina",NA,NA,NA,0,0,0,0,0,0,0,0,0,0,0,0,0,0,0,0,0,0,0,0,0,0,0,0,0,0,0,0,0,0
72,"BWA","Botswana",NA,NA,NA,NA,NA,NA,NA,NA,NA,NA,NA,NA,NA,NA,NA,NA,NA,NA,NA,NA,NA,NA,NA,NA,NA,NA,NA,NA,NA,NA,NA,NA,NA
76,"BRA","Brazil",0.0951400006329254,0.102111628597206,0.114842949482562,0.198776401578579,0.284851393814042,0.284851393813987,0.284851393685101,0.284857949539547,0.407467344091293,0.413314416966697,0.443798973253422,0.548202820673982,0.589670902913391,0.589672476749784,0.665171949249599,0.667623856266684,0.667623856266697,0.690560910380568,0.690705085732253,0.995977834960489,1.00393246196885,1.04166841607312,1.04166841607678,1.04166841607677,1.11128747114641,1.13286580103046,1.13286613015992,1.15111910864515,1.1511191086455,25.7749333684512,25.7751722790383,25.7751722790383,25.7751722790383
92,"VGB","British Virgin Islands",0.0031499410741721,0.0031499410741721,0.00315649506397872,0.00315649506397872,0.00315649506397872,0.00315649506397872,0.00316221233033999,0.00316221233033999,0.00316221233033999,0.00316221233033999,0.00316221233033999,0.00316221233033999,0.00316221233033999,0.00316221233033999,0.00316221233033999,0.00316221233033999,0.00316221233033999,0.00316221233033999,0.00316221233033999,0.00316221233033999,0.00316221233033999,0.00316221233033999,0.00316221233033999,0.00316221233033999,0.00316221233033999,0.00316221233033999,0.00316221233033999,0.00316221233033999,0.00316221233033999,0.00316221233033999,0.00316221233033999,0.00316221233033999,0.00316221233033999
96,"BRN","Brunei Darussalam",0.118335031042063,0.118335031042063,0.118335031042063,0.118335031042063,0.118335031042063,0.118335031042063,0.118335031042063,0.118335031042063,0.118335031042063,0.118335031042063,0.118335031042063,0.118335031042063,0.118335031042063,0.118335031042063,0.118335031042063,0.118335031042063,0.118335031042063,0.118335031042063,0.118335031042063,0.118335031042063,0.118335031042063,0.118335031042063,0.118335031042063,0.118335031042063,0.118335031042063,0.118335031042063,0.118335031042063,0.118335031042063,0.118335031042063,0.118335031042063,0.118335031042063,0.118335031042063,0.118335031042063
100,"BGR","Bulgaria",0.00207406187970257,0.00207406187970257,0.00207406187970257,0.00214250796497537,0.00219515850546498,0.00222689799131391,0.00222689825547448,0.00222689825547448,0.00222689825547448,0.00222689825547448,0.00222689825547448,0.00222689825547448,0.0180066372200348,0.0191503808150047,0.0191511419921276,0.0191511419921276,0.0191511419921276,0.0191511419921276,0.0191511418309863,2.6268423923067,2.6268423923067,2.6268423923067,2.6268423923067,2.6268423923067,2.6268423923067,2.6268423923067,4.2397335165754,4.33021262745553,5.58169327412087,5.58169327412087,5.58169327411607,5.58169327412087,5.58169327412087
854,"BFA","Burkina Faso",NA,NA,NA,NA,NA,NA,NA,NA,NA,NA,NA,NA,NA,NA,NA,NA,NA,NA,NA,NA,NA,NA,NA,NA,NA,NA,NA,NA,NA,NA,NA,NA,NA
108,"BDI","Burundi",NA,NA,NA,NA,NA,NA,NA,NA,NA,NA,NA,NA,NA,NA,NA,NA,NA,NA,NA,NA,NA,NA,NA,NA,NA,NA,NA,NA,NA,NA,NA,NA,NA
132,"CPV","Cabo Verde",0,0,0,0,0,0,0,0,0,0,0,0,0,0,0,0,0,0,0,0,0,0,0,0,0,0,0,0,0,0,0,0,0
116,"KHM","Cambodia",0,0,0,0,0,0,0,0,0,0,0,0,0,0,0,0,0,0,0,0,0,0,0,0,0,0,0,0,0,0.960287140572852,0.960287140572852,0.960287140572852,0.960287140572852
120,"CMR","Cameroon",0,0,0,0,0,0,0,0,0,0,0,0,0,0,0,0,0,0,0,0,0,0,0,0,0,0,0,0,0,0,0,0,0
124,"CAN","Canada",0.0308595350305979,0.0308595350305979,0.031178794692328,0.0370346087541852,0.041919879802594,0.0419198798025862,0.0670539329495361,0.0676859610287853,0.0678624948476911,0.0984140795675363,0.0984140795689349,0.101089408163164,0.101949141483266,0.10194914148355,0.104903822116053,0.146073403981524,0.177691301957232,0.178778401067946,0.178778401067364,0.289286681383588,0.291438230704151,0.448025408795158,0.449547542477977,0.449547542477581,0.460691225302078,0.460693408779009,0.463659424802094,0.50437015220404,0.622202866408741,0.822311715449315,6.54228309670833,6.54228309671278,6.54228309671278
136,"CYM","Cayman Islands",0.0564410014473176,0.0564410014473176,0.0564410014473176,0.0564410014473176,0.0564410014473176,0.0564410014473176,0.0564410014473176,0.0564410014473176,0.0564410014473176,0.0564410014473176,0.0564410014473176,0.0564410014473176,0.0564410014473176,0.0615211512409509,0.066344745182942,0.0663447451835651,0.0663447451835651,0.0663447451835651,0.0712228343022351,0.0712228343022351,0.0712228343022351,0.0712228343028576,0.0712228343028576,0.0712228343028576,0.0712228343028576,0.0712228343022351,0.0712228343022351,0.0712228343022351,0.0712228343022351,0.0712228343022351,0.0712228343022351,0.0712228343022351,0.0712228343022351
140,"CAF","Central African Republic",NA,NA,NA,NA,NA,NA,NA,NA,NA,NA,NA,NA,NA,NA,NA,NA,NA,NA,NA,NA,NA,NA,NA,NA,NA,NA,NA,NA,NA,NA,NA,NA,NA
148,"TCD","Chad",NA,NA,NA,NA,NA,NA,NA,NA,NA,NA,NA,NA,NA,NA,NA,NA,NA,NA,NA,NA,NA,NA,NA,NA,NA,NA,NA,NA,NA,NA,NA,NA,NA
152,"CHL","Chile",4.47000206525315e-05,4.47000206525315e-05,4.47000206525315e-05,0.00010700342288141,0.00010700342288141,0.00010700342288141,0.00010700342288141,0.0040009824089437,0.00409388953653269,0.00409388953653269,0.00409388953653269,0.00409824467616516,0.00409824467616516,0.00409824467616516,0.00448900782668533,0.0371363650442071,0.0397341516463654,0.0408895410111287,0.040921951644205,0.040921951644205,0.040921951644205,4.13976212324947,4.13976212324947,4.13976212324947,4.13976212324947,4.13976212324947,4.14585456046915,12.3118187344052,12.9954151710455,36.2028726231941,40.7860381177744,40.786062183728,40.786062183728
156,"CHN","China",0,0,0,0.00197276645364131,0.00197276645364131,0.00197276645364131,0.00197276645364131,0.00197276645364131,0.00197276645364131,0.00197276645364131,0.00197276645368126,0.00197276645368126,0.00197276645368126,0.13175128992196,0.13175128992196,0.13175128992196,0.13175128992196,0.13175128992196,0.13175128992196,0.135372896078661,0.135372896078661,0.135372896078661,0.135372896078661,0.135372896078661,0.135372896078661,0.135372896078661,0.161213724804825,0.161213724804825,0.161213724804825,0.161213724804825,0.161213724804825,0.161213724804825,0.161213724804825
170,"COL","Colombia",0.23385904196201,0.23385904196201,0.23385904196201,0.23385904196201,0.23385904196201,0.23385904196201,3.67313076269876,3.67313076269876,3.67313076269876,3.75701122164576,3.75701122164576,3.75723272847056,3.75723272846994,3.75723272846994,3.75701122164516,3.76465078722858,7.7995122666116,7.7995122666116,7.7995122666116,7.7995122666116,7.7995122666116,7.8584110353856,7.85846093973081,7.85846093973081,8.07552973376306,8.16343259353779,8.16343259353668,8.16343259353668,11.905846499984,11.9923313266724,11.9923313266733,11.9923313266733,11.9923313266733
174,"COM","Comoros",0,0,0,0,0,0,0,0,0,0,0,0,0,0,0,0,0,2.13798940686042e-05,2.13798940686042e-05,2.13798940686042e-05,2.13798940686042e-05,0.0679261886643954,0.0679261886643954,0.0679261886643954,0.0679261886643954,0.0679261886643954,0.0679261886643954,0.0679261886643954,0.0679261886643954,0.0679261886643954,0.0679261886643954,0.0679261886643954,0.0679261886643954
184,"COK","Cook Islands",0,0,0,0,0,0,0,0,0,0,0,0,0,0,0,0,0,0,0,0,0,0,0,0,0,0,0,0,99.9565022877596,99.9565022877596,99.9565022877596,99.9565022877596,99.9565022877596
188,"CRI","Costa Rica",0.576298372520006,0.576298372520006,0.617223609319063,0.62584680609634,0.62584680609634,0.65279542425455,0.676894789262484,0.676894789262484,0.676894789262484,0.687195368425546,0.687195368487641,0.687195368487641,0.687195368487641,0.687195368487641,0.687195368487641,0.687195368487641,0.687195368487641,0.720341979099114,0.720341979099114,0.720341979099114,0.720341979099114,0.720341979099114,2.31537942937223,2.31537942937223,2.31537942937223,2.31537942937223,2.31537942937223,2.31537942937223,2.31537942937223,2.3165031041921,2.3165031041921,2.42525038262425,2.42525038262425
384,"CIV","Cote d'Ivoire",0.000476332079366648,0.000476332079366648,0.000476332079366648,0.000476332079366648,0.000476332079366648,0.000476332079366648,0.000476332079366648,0.000476332079366648,0.000476332079366648,0.000476332079366648,0.000476332079366648,0.000476332079366648,0.000476332079366648,0.000476332079366648,0.000476332079366648,0.000476332079366648,0.0957313198014235,0.0957313198014235,0.0957313198014235,0.0957313198014235,0.0957313198014235,0.0957313198014235,0.0957313198014235,0.0957313198014235,0.0957313198014235,0.0957313198014235,0.0957313198014235,0.0957313198014235,0.0957313198014235,0.0957313198014235,0.0957313198014235,0.0957313198014235,0.0957313198014235
191,"HRV","Croatia",0.240315804729124,0.240315804729124,0.240315804729124,0.240315804729124,0.240315804729124,0.247581445615062,0.247581445615062,0.247581445615062,0.247581445615062,0.247581445615062,0.247581445615062,0.247581445615062,0.247581445615062,0.247581445615062,0.247581445615062,0.247581445615062,0.247581445615062,0.247581445613619,0.247581445613619,0.247581445615062,0.247581445615062,0.247581445615062,0.247581445613619,0.247581445613619,0.512565866910566,7.93549406927052,7.93549406927052,7.9354940691634,7.93549406916374,7.93549406916374,7.93549389601373,7.93549389602204,7.93549389602204
192,"CUB","Cuba",0,0,0,0,0,0,0,0,0,0,0,0,0.258049215776211,0.258049215776211,0.258049215776211,0.258049215776211,0.258049215776211,0.258049215776211,0.258049215776211,0.339387753909664,0.339387753909664,0.997960394258465,0.997960394258465,1.51378322535825,1.51378322535825,1.51378322535825,1.51378322535825,1.51378322535825,1.51378322535825,1.51378322535825,1.51378322535825,1.51378322535825,1.51378322535825
531,"CUW","Curacao",0,0,0,0,0,0,0,0,0,0,0,0,0,0,0,0,0,0,0,0,0,0,0,0,0,0,0,0,0,0,0,0,0
196,"CYP","Cyprus",8.46756727826503,8.46756727826503,8.46756727826503,8.46756727826503,8.46756727826503,8.46756727826503,8.46756727826503,8.46756727826503,8.46756727826503,8.46756727826503,8.46756727826503,8.46756727826503,8.46756727826503,8.46756727826503,8.46756727826503,8.46756727826503,8.48843484796221,8.48843484796221,8.48843484796221,8.49225682662152,8.49225682662152,8.49225682662152,8.49225682662152,8.49225682662152,8.49225682662152,8.49225682668415,8.49225682668415,8.50148240626833,8.51867596919696,8.51867596919696,8.51867596919696,8.51867596919696,8.51867596919696
203,"CZE","Czech Republic",NA,NA,NA,NA,NA,NA,NA,NA,NA,NA,NA,NA,NA,NA,NA,NA,NA,NA,NA,NA,NA,NA,NA,NA,NA,NA,NA,NA,NA,NA,NA,NA,NA
180,"COD","Dem. Rep. Congo",0,0,0,0,0,0,0,0,0,0,0,0,0,0,0,0,0,0,0,0,0,0,0,0,0,0,0,0,0,0,0,0,0
208,"DNK","Denmark",6.81340904059223,6.81340904059223,6.81340904059337,6.81340905073404,6.81340905073428,6.81340905073518,6.81340905073518,6.81340905073631,6.81340905073631,6.81340905072986,6.81340905072878,6.81340905072555,6.81340905073428,6.82376707677447,8.51844474710374,10.8752161594073,11.247817440679,11.2489550891151,11.9465017574806,11.9465017574749,17.3511256719653,17.3511256720259,17.5195075416932,17.5566702602892,17.5566702654447,17.5566702654453,17.5566702654453,17.944211365038,17.9442113616237,17.9442113616237,17.9442113616237,17.9442113616237,17.9442113616237
262,"DJI","Djibouti",0,0,0,0,0,0,0,0,0,0,0,0,0,0.177296741947386,0.177296741947386,0.177296741947386,0.177296741947386,0.177296741947386,0.177296741947386,0.177296741947386,0.177296741947386,0.177296741947386,0.177296741947386,0.177296741947386,0.177296741947386,0.177296741947386,0.177296741947386,0.177296741947386,0.177296741947386,0.177296741947386,0.177296741947386,0.177296741947386,0.177296741947386
212,"DMA","Dominica",0.0197866720023221,0.0197866720023221,0.0197866720023221,0.0197866720023221,0.0197866720023221,0.0197866720023221,0.0197866720023221,0.0197866720023221,0.0197866720023221,0.0370091499867552,0.0370091499867552,0.0370091499867552,0.0370091499867552,0.0370091499867552,0.0370091499867552,0.0370091499867552,0.0370091499867552,0.0370091499867552,0.0370091499867552,0.0370091499867552,0.0370091499867552,0.0370091499867552,0.0370091499867552,0.0370091499867552,0.0370091499867552,0.0370091499867552,0.0370091499867552,0.0370091499867552,0.0370091499867552,0.0370091499867552,0.0370091499867552,0.0370091499867552,0.0370091499867552
214,"DOM","Dominican Republic",0.00261282346896381,0.00261282346896381,0.00261282346896381,0.00261282346896381,0.00261282346896381,0.00261282346896381,0.00261282346896381,0.00261282346896381,0.00261282346896381,0.00261282346896381,0.00261282346896381,0.00261282346896381,0.00261282346896381,0.00261282346896381,0.00261282346896381,9.25884548175307,9.25884548175307,9.25884548175307,9.25884548175307,9.25884548175307,12.03371705797,12.03371705797,12.033717057972,12.033717057972,12.0758352557344,12.1391127286012,12.139112728601,12.139112728601,12.139112728601,12.139112728601,12.139112728601,12.139112728601,12.139112728601
218,"ECU","Ecuador",0,0,0,0,0,0,0,0,0,10.9075321951372,10.9075321951373,10.9088266721947,10.9088266721946,10.9098360460368,10.9325456090758,10.9325456090757,10.9325456090757,10.9325456091329,10.9417773729822,10.9878846696803,11.0361193974609,11.0361193974608,11.0382533959639,11.0533632106329,11.0533632106329,11.0767271213712,11.2027498129775,11.2757491126021,11.3518960044145,11.3518960044145,11.3518960044145,11.3518960044145,11.3518960044145
818,"EGY","Egypt",0.2687592600017,0.2687592600017,0.2687592600017,0.2687592600017,0.2687592600017,0.2687592600017,0.2687592600017,0.2687592600017,0.2687592600017,0.2687592600017,0.2687592600017,0.2687592600017,0.2687592600017,0.2687592600017,0.2687592600017,0.2687592600017,0.2687592600017,0.900010193726196,0.900010193726196,0.900010193726196,0.900010193726196,1.02555405721981,1.02555405721981,1.02555405721981,1.02555405721981,1.02555405721981,1.02555405721981,1.02555405721981,1.02555405721981,1.02555405721981,1.02555405721981,1.02555405721981,1.02555405721981
222,"SLV","El Salvador",0,0,0,0,0,0,0,0,0,0,0,0,0,0,0,0,0,0,0.217626166349814,0.217626166349814,0.217626166349814,0.217626166349814,0.217626166349814,0.217626166349814,0.217626166349814,0.217626166349814,0.217626166349814,0.217626166349814,0.217703925598072,0.217703925598072,0.421700860939404,0.421700860939404,0.421700860939404
226,"GNQ","Equatorial Guinea",0,0,0,0,0,0,0,0,0,0,0,0.194412501861702,0.194412501861702,0.194412501861702,0.194412501861702,0.194412501861702,0.194412501861702,0.194412501861702,0.194412501861702,0.194412501861702,0.194412501861702,0.194412501861702,0.194412501861702,0.194412501861702,0.194412501861702,0.194412501861702,0.194412501861702,0.194412501861702,0.194412501861702,0.194412501861702,0.194412501861702,0.194412501861702,0.194412501861702
232,"ERI","Eritrea",NA,NA,NA,NA,0,0,0,0,0,0,0,0,0,0,0,0,0,0,0,0,0,0,0,0,0,0,0,0,0,0,0,0,0
233,"EST","Estonia",0,0,0,0,0,0,0,0,0.376952824683004,0.376952824683004,0.80672538701554,0.80672538701554,0.80672538701554,0.80672538701554,0.815204219674529,16.2412398346451,16.4009245984377,16.4009238383324,16.4076000417852,16.4076000417852,16.6658918027331,17.0713170211343,17.2135797182018,17.2135797182297,17.2135797182043,17.213579897292,17.9326426581786,17.9326428776542,17.9329958678108,18.0247160269506,18.167842445702,18.167842451051,18.1678424510779
748,"SWZ","Eswatini",NA,NA,NA,NA,NA,NA,NA,NA,NA,NA,NA,NA,NA,NA,NA,NA,NA,NA,NA,NA,NA,NA,NA,NA,NA,NA,NA,NA,NA,NA,NA,NA,NA
231,"ETH","Ethiopia",0,0,0,0,NA,NA,NA,NA,NA,NA,NA,NA,NA,NA,NA,NA,NA,NA,NA,NA,NA,NA,NA,NA,NA,NA,NA,NA,NA,NA,NA,NA,NA
234,"FRO","Faeroe Islands",0,0,0,0,0,0,0,0,0,0,0,0,0,0,0,0,0,0,0,0,0,0,0,0,0,0,0,0,0,0,0,0,0
238,"FLK","Falkland Islands",0,0,0,0,0,0,0,0,0,0,0,0,0,0,0,0,0,0,0,0,0,0,0,0,0,0,0,0,0,0,0,0,0
242,"FJI","Fiji",0.0328978178434785,0.0328978178434785,0.0328978178434785,0.0328978178434785,0.0328978178434785,0.0328978178434785,0.0328978178434785,0.0328978178434785,0.0399135113058057,0.0399135113058057,0.040601845095131,0.0675202789475235,0.18854978713017,0.20150906129127,0.53104012861344,0.828380257839278,0.84918493940902,0.920436949328326,0.949011622598219,0.949011622598219,0.949011622598219,0.949011622598219,0.949011622598219,0.949011622598219,0.949011622598219,0.949011622598219,0.949011622598219,0.949011622598219,0.949011622598219,0.949530418067142,0.949530418067142,0.949530418067142,0.949530418067142
246,"FIN","Finland",1.75301810255541,1.75302791077908,1.93305909739968,1.93535693382087,1.93699377815033,1.93700089093296,1.94184581199546,2.73574749891199,2.73980089867278,8.74478718249778,8.74540095975315,8.74555683990867,8.80737829545725,8.80866849660901,8.83699255134009,8.85539402379279,9.10114652979307,9.11665330651173,9.1195104701807,9.12392633693009,9.12824519904952,9.13028922168403,9.93435813366434,9.9408456702924,9.94328988730948,9.96116898671963,10.7961051541183,10.7977313069092,10.8030713558313,10.8030825482135,10.8046029024487,10.8046516128348,10.8046516129246
250,"FRA","France",2.07035889481715,2.07035889481715,2.07036435230422,2.07279479470999,2.07787233826171,2.07870809603554,2.0787354221917,2.0787354221917,2.0787354221917,2.08128240802987,2.10285682774609,2.10285697118661,2.10308604599641,2.10308670448863,2.10308794013599,2.10308823016016,2.15787692494437,19.8615407706061,19.9555916965878,20.1294215150609,20.2410759737627,25.7815808367544,25.870063468643,26.3103228898856,26.3583128594189,26.40423412321,26.4816020811785,26.5422089888903,52.7866508433426,53.0447027523118,53.0519450895704,53.0519450895677,53.0519450895677
258,"PYF","French Polynesia",0.0014841690512933,0.0014841690512933,0.0014841690512933,0.00208918412704964,0.00208918412704964,0.00208918412704964,0.00208918412704964,0.00208918412704964,0.00208918412704964,0.00208918412704964,0.00208918412704964,0.00208918412704964,0.00208918412704964,0.00208918412704964,0.00208918412704964,0.00208918412704964,0.00208918412704964,0.00208918412704964,0.00208918412704964,0.00235495265879911,0.00235495265879911,0.00235495265879911,0.00235495265879911,0.00235495265879911,0.00235495265879911,0.00235495265879911,0.00235495265879911,0.00235495264013339,0.00235495264013339,0.00235495264013339,0.00235495264013339,0.00235495264013339,0.00235495264013339
266,"GAB","Gabon",0,0,0,0,0,0,0,0,0,0,0,0,0,0.406693341569459,0.406693341569459,0.406693341569459,0.406693341569459,0.406693341569459,0.406693341569459,0.406693341569459,0.406693341569459,0.406693341569459,0.406693341569459,0.406693341569459,0.406693341569459,0.406693341569459,0.406693341569459,0.406693341569459,25.6088628023663,25.6088628023663,25.6088628023663,25.6088628023663,25.6088628023663
270,"GMB","Gambia",0,0,0,0,0,0,0,0,0,0,0,0,0,0,0,0,0,0,0,0,0,0,0,0,0,0,0,0,0,0,0,0,0
268,"GEO","Georgia",NA,NA,0,0,0,0,0,0,0,0,0,0,0,0,0,0,0,0,0,0,0,0,0,0,0,0,0,0,0,0,0,0,0
276,"DEU","Germany",13.5476439805738,14.9331155595298,15.0385822500846,15.0385822500846,15.0385822476363,15.0385822476363,15.0385822476476,15.0385822476363,15.0385822476363,15.0404175213028,15.0404175212997,15.0771678293786,15.2778611159442,15.2778611159118,15.2778611159424,29.8413056105728,29.8737402101874,29.8844749988753,38.7222103611865,42.7555916884812,42.8466666697002,42.8478629241299,42.8478629239552,42.8478629247081,42.8478629239429,42.8478629240551,42.8478629247632,44.3838571594511,44.401928348164,44.55046444642,44.6335879709209,44.633587970905,44.633587970905
288,"GHA","Ghana",0,0,0,0.113473240906391,0.113473240906391,0.113473240906391,0.113473240906391,0.113473240906391,0.113473240906391,0.113473240906391,0.113473240906391,0.113473240906391,0.113473240906391,0.113473240906391,0.113473240906391,0.113473240906391,0.113473240906391,0.113473240906391,0.113473240906391,0.113473240906391,0.113473240906391,0.113473240906391,0.113473240906391,0.113473240906391,0.113473240906391,0.113473240906391,0.113473240906391,0.113473240906391,0.113473240906391,0.113473240906391,0.113473240906391,0.113473240906391,0.113473240906391
300,"GRC","Greece",2.56725358280561,2.58521408416543,2.58521408429489,2.60686116056613,2.60686116056621,2.60686116056637,2.60686116069556,2.60686116056562,2.66516024756351,2.66516026468092,2.66516026468069,2.66516026465687,3.07450159337792,3.30368995175717,3.30369369604509,3.30369369598516,3.30369369598558,3.30369369593404,3.30369369593269,3.3036936962185,3.30369369621488,3.37297249657448,4.04402062006611,4.04764532121459,4.04764532121459,4.04764532121459,4.04764532121459,4.04764532121459,4.04764532121459,4.04764532121459,4.04764532121459,4.04764532121459,4.04764532121459
304,"GRL","Greenland",0.00520505364362575,0.00520505364362575,0.00520505364362575,0.00520505364362575,0.00520505364362575,0.00520505364362575,0.00520505364362575,0.00520505364362575,0.00520505364362575,0.00520505364362575,0.00520505364362575,0.00520505364362575,0.00520505364362575,0.00520505364362575,0.00520505364362575,0.00520505364362575,0.00520505364362575,0.00520505364362575,0.00520505364362575,0.0056663057089331,0.0056663057089331,0.0056663057089331,0.0056663057089331,0.0056663057089331,0.0056663057089331,0.0056663057089331,0.0056663057089331,0.0056663057089331,0.0056663057089331,0.0056663057089331,0.0056663057089331,0.0056663057089331,0.0056663057089331
308,"GRD","Grenada",0,0,0,0,0,0,0,0,0,0,0.0157516634178147,0.0157516634178147,0.0157516634178147,0.0157516634178147,0.0157516634178147,0.0157516634178147,0.0157516634178147,0.0157516634178147,0.0157516634178147,0.0157516634178147,0.0388784189466603,0.0388784189466603,0.0388784189466603,0.0388784189466603,0.0388784189466603,0.0388784189466603,0.0388784189466603,0.0388784189466603,0.0388784189466603,0.115674915385612,0.115674915385612,0.115674915385612,0.115674915385612
320,"GTM","Guatemala",0,0,0,0,0,0,0,0,0,0,0,0,0,0,0,0,0,0,0.01521387382289,0.01521387382289,0.01521387382289,0.01521387382289,0.01521387382289,0.01521387382289,0.01521387382289,0.01521387382289,0.01521387382289,0.01521387382289,0.01521387382289,0.01521387382289,0.01521387382289,0.01521387382289,0.01521387382289
831,"GGY","Guernsey",0,0,0,0,0,0,0,0,0,0,0,0,0,0,0,0,0.206305079099683,0.252588962230868,0.252588962230868,0.252588962230868,0.252588962230868,0.252588962230868,0.252588962230868,0.252588962230868,0.252588962230868,0.252588962230868,0.50880207439823,0.50880207439823,0.50880207439823,0.50880207439823,0.50880207439823,0.50880207439823,0.50880207439823
324,"GIN","Guinea",0,0,0,0.000784153007718808,0.00227041021970034,0.00227041021970034,0.00227041021970034,0.00227041021970034,0.00227041021970034,0.00227041021970034,0.00227041021970034,0.00227041021970034,0.00227041021970034,0.0022704102182719,0.0022704102182719,0.0022704102182719,0.0022704102182719,0.0022704102182719,0.00227041021822711,0.00227041021822711,0.00227041021822711,0.00227041021822711,0.00227041021822711,0.00227041021822711,0.00227041021822711,0.00227041021822711,0.00227041021822711,0.00227041021822711,0.00227041021822711,0.00227041021822711,0.00227041021822711,0.00227041021822711,0.00227041021822711
624,"GNB","Guinea-Bissau",0,0,0,0,0,0,0,0,0,0,0,0.27571810681971,0.27571810681971,0.27571810681971,0.27571810681971,0.27571810681971,0.27571810681971,0.27571810681971,0.27571810681971,0.27571810681971,0.27571810681971,0.27571810681971,0.27571810681971,0.27571810681971,0.27571810681971,5.30724347182702,5.30724347182702,5.30724347182702,5.30724347182702,5.30724347182702,5.30724347182702,5.30724347182702,5.30724347182702
328,"GUY","Guyana",0,0,0,0,0,0,0,0,0,0,0,0,0,0,0,0,0,0,0,0,0,0,0,0,0,0,0,0,0,0,0,0,0
332,"HTI","Haiti",0,0,0,0,0,0,0,0,0,0,0,0,0,0,0,0,0,0,0,0,0,0,0,0,0.628209103446221,0.628209103446221,0.628209103446221,0.628209103446221,0.685122617500856,0.685122617500856,0.685122617500856,0.685122617500856,0.685122617500856
336,"VAT","Holy See",NA,NA,NA,NA,NA,NA,NA,NA,NA,NA,NA,NA,NA,NA,NA,NA,NA,NA,NA,NA,NA,NA,NA,NA,NA,NA,NA,NA,NA,NA,NA,NA,NA
340,"HND","Honduras",0,0,0.228228027263804,0.228228027263804,0.241669333435083,0.241669333435083,0.241669333435083,0.241669333435083,0.241669333435083,0.241669333435083,0.308745857861204,0.308745857861204,0.308745857861204,0.308745857861204,0.887282006098811,0.887282006098811,0.887282006096911,0.887282006096911,0.887282006096911,0.887282006096911,0.887282006096911,3.95285848542456,3.95285848542456,3.95285848542456,3.97351277230698,3.97351277230698,3.97351277230698,3.97351277230698,4.38308946823481,4.38308946823481,4.38308946823481,4.38308946823481,4.38308946823481
344,"HKG","Hong Kong",NA,NA,NA,NA,NA,NA,NA,NA,NA,NA,NA,NA,NA,NA,NA,NA,NA,NA,NA,NA,NA,NA,NA,NA,NA,NA,NA,NA,NA,NA,NA,NA,NA
348,"HUN","Hungary",NA,NA,NA,NA,NA,NA,NA,NA,NA,NA,NA,NA,NA,NA,NA,NA,NA,NA,NA,NA,NA,NA,NA,NA,NA,NA,NA,NA,NA,NA,NA,NA,NA
352,"ISL","Iceland",0.338339080567225,0.338339080567225,0.338339080567225,0.338339080567225,0.338339080567225,0.339968753116801,0.34019077919548,0.340202505156106,0.340202505156106,0.340202505156106,0.340202505156106,0.340202505156106,0.340217421476076,0.340217421476076,0.340217421476076,0.340217421476076,0.340217421476076,0.348143267354404,0.348268344090197,0.357938716799328,0.358446061237099,0.358446061237099,0.358446061237099,0.360240882896565,0.36024088289124,0.397991642228813,0.397991642228813,0.397991642228813,0.397991642228813,0.397991642228813,0.398224499059152,0.398224499059152,0.398224499059152
356,"IND","India",0,0,0,0,0,0,0,0,0,0,0,0,0,0.0290359644194616,0.0290359644194616,0.0290359644194616,0.0290359645372465,0.0290359645372465,0.0290359645372465,0.0290359645372465,0.0290359645372465,0.0290359645372465,0.0290359645372465,0.0290359645372465,0.0290359645372465,0.0290359645372465,0.0290359645372465,0.0290359645372465,0.0290359645372465,0.0290359645372465,0.0290359645372465,0.0290359645372465,0.0290359645372465
360,"IDN","Indonesia",0.825174311244961,0.825178525006575,0.848523887211407,0.848523887211421,0.848523887211553,0.848523887211553,0.848523887211553,0.848550315380854,0.848550315380851,0.848550315380839,0.848630714690505,0.848630714690486,0.849673926150586,0.860603684699441,0.881794223215133,0.891011206812539,0.895790197088161,0.906321218505408,1.17934287839051,1.27907097915285,2.1232662071848,2.1352625804621,2.15184777359342,2.20814699433144,2.29989060779861,2.5896777342403,2.64054970763671,2.69149411071965,2.79891500937627,2.96256628719552,2.96256628719552,2.96256628719552,2.96256628719552
364,"IRN","Iran",0,0,0,0,0,0,0,0,0,0,0.102235583238708,0.102235583238708,0.112104456613603,0.116453341165631,0.116453341165631,0.116453341165631,0.116453341165631,0.116453341165631,0.116453341165631,0.116453341165631,0.116453341165631,0.116453341165631,0.116453341165631,0.116453341165631,0.116453341165631,0.116453341165631,0.116453341165631,0.116453341165631,0.116453341165631,0.116453341165631,0.116453341165631,0.116453341165631,0.116453341165631
368,"IRQ","Iraq",0,0,0,0,0,0,0,0,0,0,0,0,0,0,0,0,0,0,0,0,0,0,0,0,0,0,0,0,0,0,0,0,0
372,"IRL","Ireland",0.34191871886831,0.354040509019832,0.354040509019832,0.354040509019832,0.354040509019832,0.412306562846825,0.444502458291003,0.449824317581286,0.449824317581286,0.450680298979524,0.450680298979524,0.450680298979524,0.450680298979524,0.451206080054408,0.451206080054966,0.478017904394877,0.478871462678915,0.479192760189134,0.4797284901302,0.480129227874178,1.13046433738256,1.13074432713051,1.13777969090886,1.13777969090886,1.13777969090886,1.13777969090886,1.13777969090886,1.73207127619224,1.81609573378296,1.84514844818885,2.13339579775886,2.13344668829828,2.13344668829828
833,"IMN","Isle of Man",NA,NA,NA,NA,NA,NA,NA,NA,NA,NA,NA,NA,NA,NA,NA,NA,NA,NA,NA,NA,NA,NA,NA,NA,NA,NA,NA,NA,NA,NA,NA,NA,NA
376,"ISR","Israel",0.00120800255216711,0.00120800255216711,0.00120800255216711,0.00120800255216711,0.00120800255216711,0.00120800255216711,0.00120800255216711,0.00120800255216711,0.00120800255216711,0.00120800255216711,0.00120800255216711,0.00120800255216711,0.00120800255216711,0.0195302721871014,0.0195302721871014,0.0195302721871014,0.0195302721871014,0.0195302721871014,0.0195302721871014,0.0261440428105402,0.0305874935975998,0.0305874935975998,0.0305874935975998,0.0305874935975998,0.0305874935975998,0.0305874935975998,0.0305874935975998,0.0305874935975998,0.0305874935975998,0.0305874935975998,0.0305874935975998,0.0305874935975998,0.0305874935975998
380,"ITA","Italy",1.6077997670868,1.6077997670868,1.7406202225179,1.7406202225179,1.7406202225179,1.74062022022052,1.74069975454001,1.77007732197701,1.84123546639076,2.0562593640883,5.01886272119689,5.02144231159363,5.0214423115937,5.0472434572067,5.04724345720714,5.09371160704725,5.81329325267961,6.23156454784712,6.24455779460827,6.24455779460827,6.26947825678974,6.2694782567896,6.26947825678968,6.26947825678974,6.26947825678975,6.2694782567887,6.2822156976339,6.29314971218333,6.37666435927205,6.47044437695849,6.6099587353504,6.66757971773516,6.66757971773516
388,"JAM","Jamaica",0.000646078717172973,0.000646078717172973,0.000646078717172973,0.00470285175434243,0.00470285175434243,0.00470285175434243,0.00470285175434243,0.0510693461729159,0.0510693461729159,0.136128696969539,0.136128696969539,0.136128696969539,0.136128696969539,0.136128696969539,0.136128696969539,0.136128696969539,0.141087292849138,0.141087292849138,0.141087292849138,0.141087292849138,0.15221590791594,0.152497911235206,0.152497911235206,0.152497911235206,0.152497911235206,0.152497911235206,0.152497911235206,0.152497911235206,0.152497911235206,0.152497911235206,0.152497911235206,0.152497911235206,0.152497911235206
392,"JPN","Japan",6.2973860139828,6.29738601398391,6.29738601398391,6.29738601398391,6.2973898065539,6.29738980655388,6.29738980655388,6.29738980655377,6.29766991306047,6.2976862684914,6.29768626849134,6.29768626849134,6.29768626849134,6.29802176424671,6.30797695498201,6.30797695498276,6.31071175803073,6.31076183380801,6.31076183256851,6.31081818124635,6.31096865056753,6.31139088353968,6.31139229048998,6.31743145574041,7.09663170214216,7.15618422804735,7.15733776776124,7.15819345702202,7.1582619919515,7.15892403301927,7.15892403302468,12.2616050698818,12.2616050698991
832,"JEY","Jersey",0,0,0,0,0,0,0,0,0,0,0,1.37003590073795,1.37003590073795,1.37003590073795,1.37003590073795,1.37003590073795,8.19682788486673,8.19682788486673,8.19682788486673,8.19682788486673,8.19682788486673,8.19682788486673,8.19682788486673,8.19682788486673,8.19682788486673,8.19682788486673,8.19682788486673,8.19682788486673,8.19682788486673,8.19682788486673,8.19682788486673,8.19682788486673,8.19682788486673
400,"JOR","Jordan",0,0,0,0,0,0,0,0,3.08688616017772,3.08688616017772,3.08688616017772,3.08688616017772,3.08688616017772,3.08688616017772,3.08688616017772,3.08688616017772,3.08688616017772,3.08688616017772,3.08688616017772,3.08688616017772,3.08688616017772,3.08688616017772,3.08688616017772,3.08688616017772,3.08688616017772,3.08688616017772,3.08688616017772,3.08688616017772,3.08688616017772,3.08688616017772,3.08688616017772,3.08688616017772,3.08688616017772
398,"KAZ","Kazakhstan",NA,NA,48.5054191452157,48.5054191452157,48.5054191452157,48.5054191452157,48.5054191452157,48.5054191452157,48.5054191452157,48.5054191452157,48.5054191452157,48.5054191452157,48.5054191438813,48.5054191438813,48.5054191438813,48.5054191438813,48.5054191438813,48.5054191438813,48.5054191438813,48.5054191438813,48.6077183020468,48.6077183020468,48.6077183018892,48.6077183018875,48.6077183018875,48.6077183018875,48.6077183018875,48.6077183018875,48.6077183018878,48.6077183018878,48.6077183018878,48.6077183018878,48.6077183018878
404,"KEN","Kenya",0.249040681421967,0.249040681421967,0.249040681421967,0.249040681421967,0.249040681421967,0.249040681421967,0.31693363366612,0.31693363366612,0.31693363366612,0.31693363366612,0.31693363366612,0.31693363366612,0.31693363366612,0.31693363366612,0.31693363366612,0.318889471094702,0.319019580890396,0.319019580890396,0.319019580890396,0.319019580890396,0.32071104146523,0.32071104146523,0.322292924065664,0.368221893616863,0.368221893616863,0.368221893616863,0.368221893616863,0.368221893616863,0.368221893616863,0.368221893616863,0.368221893616863,0.368221893616863,0.368221893616863
296,"KIR","Kiribati",0.00471684033297179,0.00471684033297179,0.00471684033297179,0.00471684033297179,0.00471684033297179,0.00471684033297179,0.00471684033297179,0.00471684033297179,0.00471684033297179,0.00471684033297179,0.0158932283387558,0.0158932283387558,0.0158932283387558,0.0158932283387558,0.0158932283387558,0.0158932283387558,0.0158932283387558,11.5690487495566,11.5690487495566,11.5690487495566,11.5690487495566,11.5690487495566,11.5690487495566,11.5690487495566,11.5692861461118,11.5692861461118,11.5692861461118,11.5692861461118,11.5692861461118,11.5692861461118,11.5692861461118,11.5692861461118,11.5692861461118
689,"XKX","Kosovo",NA,NA,NA,NA,NA,NA,NA,NA,NA,NA,NA,NA,NA,NA,NA,NA,NA,NA,NA,NA,NA,NA,NA,NA,NA,NA,NA,NA,NA,NA,NA,NA,NA
414,"KWT","Kuwait",0,0,0,0,0,0,0,0,0,0,0,0,0,0,0,0,0,0,0,0,0,0,0,0,0,0,0,0.118429581317824,0.118429581317824,0.118429581317824,0.118429581317824,0.118429581317824,0.118429581317824
417,"KGZ","Kyrgyzstan",NA,NA,NA,NA,NA,NA,NA,NA,NA,NA,NA,NA,NA,NA,NA,NA,NA,NA,NA,NA,NA,NA,NA,NA,NA,NA,NA,NA,NA,NA,NA,NA,NA
418,"LAO","Laos",NA,NA,NA,NA,NA,NA,NA,NA,NA,NA,NA,NA,NA,NA,NA,NA,NA,NA,NA,NA,NA,NA,NA,NA,NA,NA,NA,NA,NA,NA,NA,NA,NA
428,"LVA","Latvia",0.000744678764703672,0.000744678764703672,0.000744678764703672,0.000744678764703672,0.000744678764703672,0.000744678764703672,0.000744678764703672,0.000744678764703672,0.000744678764703672,0.000744678764703672,0.000744678764703672,0.000744678764703672,0.000821265968795069,1.39415593889501,1.39415593889501,1.39415593889501,1.39415593889501,1.39415593889501,1.39415593889501,7.46554536568809,7.46554536568809,15.9822825771166,15.9822825771166,15.9822825771166,15.9874867149603,15.9874867149603,15.9874867149603,15.9874867149603,15.9874867149603,15.9874867149603,15.9874867149033,15.9874867149033,15.9874867149033
422,"LBN","Lebanon",0,0,0,0.0192349323491118,0.0192349323491118,0.0192349323491118,0.0192349323491118,0.0192349323491118,0.0192349323491118,0.202374904662325,0.202374904662325,0.202374904662325,0.202374904662325,0.202374904662325,0.202374904662325,0.202374904662325,0.202374904662325,0.202374904662325,0.202374904662325,0.202374904662325,0.202374904662325,0.202374904662325,0.202374904662325,0.202374904662325,0.202374904662325,0.202374904662325,0.202374904662325,0.202374904662325,0.202374904662325,0.202374904662325,0.202374904662325,0.215479750513272,0.215479750513272
426,"LSO","Lesotho",NA,NA,NA,NA,NA,NA,NA,NA,NA,NA,NA,NA,NA,NA,NA,NA,NA,NA,NA,NA,NA,NA,NA,NA,NA,NA,NA,NA,NA,NA,NA,NA,NA
430,"LBR","Liberia",0,0,0,0,0,0,0,0,0,0,0,0,0,0,0.0750137905957296,0.0750137905957296,0.0750137905957296,0.0991268825112992,0.0991268825112992,0.0991268825112992,0.0991268825112992,0.0991268825112992,0.0991268825112992,0.0991268825112992,0.0991268825112992,0.0991268825112992,0.0991268825112992,0.0991268825112992,0.0991268825112992,0.0991268825112992,0.0991268825112992,0.0991268825112992,0.0991268825112992
434,"LBY","Libya",0,0,0,0.623672009540911,0.623672009540911,0.623672009540911,0.623672009540911,0.623672009540911,0.623672009540911,0.623672009540911,0.623672009540911,0.623672009540911,0.623672009540911,0.623672009540911,0.623672009540911,0.623672009540911,0.623672009540911,0.623672009540911,0.623672009540911,0.623672009540911,0.623672009540911,0.623672009540911,0.623672009540911,0.623672009540911,0.623672009540911,0.623672009540911,0.623672009540911,0.623672009540911,0.623672009540911,0.623672009540911,0.623672009540911,0.623672009540911,0.623672009540911
438,"LIE","Liechtenstein",NA,NA,NA,NA,NA,NA,NA,NA,NA,NA,NA,NA,NA,NA,NA,NA,NA,NA,NA,NA,NA,NA,NA,NA,NA,NA,NA,NA,NA,NA,NA,NA,NA
440,"LTU","Lithuania",13.256305799018,13.256305799018,13.2563057967923,13.2563059986492,13.2563059986346,13.2563059986346,13.2563059986346,13.2563059986346,13.2563059986346,13.2563059986346,13.2563059986346,13.2563059986346,13.2563059986346,13.2563059986346,13.2563059986346,13.2563061544708,13.9094550000911,13.9094550000911,13.9094550000911,13.9094550000911,13.9514367083428,13.9815568690262,13.9815568690501,13.9815568690262,18.6601279517139,18.6601279517139,20.709389970052,20.709389970052,20.709389970052,20.7093899688932,20.7093899688932,20.7093899701212,20.7093899701212
442,"LUX","Luxembourg",NA,NA,NA,NA,NA,NA,NA,NA,NA,NA,NA,NA,NA,NA,NA,NA,NA,NA,NA,NA,NA,NA,NA,NA,NA,NA,NA,NA,NA,NA,NA,NA,NA
446,"MAC","Macao",NA,NA,NA,NA,NA,NA,NA,NA,NA,NA,NA,NA,NA,NA,NA,NA,NA,NA,NA,NA,NA,NA,NA,NA,NA,NA,NA,NA,NA,NA,NA,NA,NA
450,"MDG","Madagascar",0.00680555794144423,0.00680555794144423,0.00680555794144423,0.00680555794144423,0.00680555794144423,0.00680555794144423,0.00680555794144423,0.00680555794144423,0.00680555794144423,0.00680555794144423,0.00680555794144423,0.00680555794144423,0.00680555794144423,0.00680555794144423,0.00680555794144423,0.00680555794144423,0.00680555794144423,0.0929279313816982,0.0929279313816982,0.14246927732099,0.205768671393066,0.316201972821968,0.423951885907696,0.424181906658454,0.424181906658454,0.424181906658454,0.424181906658454,0.424181906658454,0.784384070383356,0.784384070383356,0.784384070383356,0.784384070383356,0.784384070383356
454,"MWI","Malawi",NA,NA,NA,NA,NA,NA,NA,NA,NA,NA,NA,NA,NA,NA,NA,NA,NA,NA,NA,NA,NA,NA,NA,NA,NA,NA,NA,NA,NA,NA,NA,NA,NA
458,"MYS","Malaysia",0.0478611009455503,0.0478611009455503,0.136644430157819,0.136644430157819,0.136644430157819,0.445756367689325,0.445756367689325,0.445756367689325,0.445756367689325,0.469484483082658,0.514345213295872,0.517157790560544,0.606095192389428,0.609654494381805,0.613296860366279,0.68093804854537,0.684257637371313,0.684259084772241,1.02120513645538,1.09764256126957,1.09764256126957,1.09764256126995,1.09764256126995,1.09764256126995,1.09835823547504,1.09845339566626,1.13135820312991,2.76794647394365,2.76794647394365,2.76794647394365,2.76794647394365,2.76794647394365,2.76794647394365
462,"MDV","Maldives",0,0,0,0,0,0,0.0110858770555736,0.0110858770555736,0.0110858770555736,0.0110858770555736,0.0286093509911819,0.0286093509911819,0.0286093509911819,0.0286093509911819,0.0286093509911819,0.0293204031540921,0.0293204031540921,0.0313085255191553,0.0313085255191553,0.0313085255191553,0.0400420387922276,0.0400420387922276,0.0510900576003977,0.0512652253826451,0.0512652253826451,0.0512652253826451,0.0512652253826451,0.0512652253826451,0.0512652253826451,0.0531171820920438,0.0619870607501922,0.0664357409471555,0.0664357409471555
466,"MLI","Mali",NA,NA,NA,NA,NA,NA,NA,NA,NA,NA,NA,NA,NA,NA,NA,NA,NA,NA,NA,NA,NA,NA,NA,NA,NA,NA,NA,NA,NA,NA,NA,NA,NA
470,"MLT","Malta",3.04538814613812,3.06986401328945,3.06986401328945,3.06986401328945,3.06986401328945,3.06986401328945,3.06986401328945,3.06986401328945,3.06986401328945,3.06986401328945,3.06986401328945,3.06986401328945,3.06986661910025,3.06990982228833,3.06990982228803,3.06990982228898,3.09404160361732,3.09404160361988,3.09741412931104,3.09743796907058,3.09743796907056,3.41643635008996,3.41643635008317,3.41647482473221,3.41647482473221,3.41647482473221,3.41647482473221,7.81107433296312,7.81110315185158,7.81119337901378,7.81125998875762,7.81125998875762,7.81125998875762
584,"MHL","Marshall Islands",0.00712826684131435,0.00712826684131435,0.00712826684131435,0.00712826684131435,0.00712826684131435,0.00712826684131435,0.00712826684131435,0.00712826684131435,0.00712826684131435,0.00712826684131435,0.00712826684131435,0.00712826684131435,0.00712826684131435,0.188154948691373,0.188154948691373,0.190094982884656,0.190094982884656,0.237205033031818,0.237205033031818,0.237205033031818,0.237205033031818,0.238023830836546,0.238023830836546,0.238099233603712,0.238130297545324,0.238130297545324,0.238130297545324,0.238130297545324,0.238130297545324,0.238130297545324,0.238130297545324,0.238130297545324,0.238130297545324
478,"MRT","Mauritania",0.00024209610658573,0.00124773482100205,0.00124773482100205,0.00124773482100205,0.00124773482100205,0.00124773482100205,0.00124773482100205,0.00124773482100205,0.00124773482100205,0.00124773482100205,0.00124773482100205,0.0100707652509226,0.0100707652509226,0.0100707652509226,0.0100707652509226,0.0100707652509226,0.0100707652509226,0.0100707652509226,0.0100707652509226,0.0100707652509226,0.0100707657321646,0.0100707657321646,0.0100707657321646,0.0100707657321646,0.0100707657321646,0.0100707657321646,0.0100707657321646,0.0100707657321646,0.0100707657321646,0.0100707657321646,0.0100707657321646,0.0100707657321646,0.0100707657321646
480,"MUS","Mauritius",4.80426234307001e-05,4.80426234307001e-05,4.80426234307001e-05,4.80426234307001e-05,4.80426234307001e-05,4.80426234307001e-05,4.80426234307001e-05,4.80426234307001e-05,8.57558414203171e-05,8.57558414203171e-05,8.57558414203171e-05,0.000422532276948902,0.000422532276347216,0.000422532276347216,0.000422532276347216,0.000422532276347216,0.000422532276347216,0.000422532276347216,0.000422532276347216,0.000422532276347216,0.000422532276347216,0.000422532276347216,0.000422532276347216,0.000422532276347216,0.000422532276347216,0.000422532276347216,0.000422532276347216,0.000422532276347216,0.000422532276347216,0.000422532276347216,0.000422532276347216,0.000422532276347216,0.000422532276347216
484,"MEX","Mexico",0,0,7.84943613352008e-07,7.84943613352008e-07,7.84943613352008e-07,7.84943613352008e-07,7.84943613352008e-07,0.0664768872626797,0.0664768872626797,0.081370953446922,0.138409766830329,0.512886705502581,0.512886705502581,0.522810433360939,0.522810437175595,0.734097661040062,0.92820928621727,0.928209286217059,1.0510636063101,1.06112664924449,1.17872891863429,1.17872891863429,1.17872891863429,1.18714830948639,1.18714831318767,1.18714831318055,1.18714831318765,16.9798676542781,21.4276838034668,21.4276838034668,21.4276838034669,21.4276838034669,21.4276838034669
583,"FSM","Micronesia",0.0138238196308405,0.0138238196308405,0.0138238196308405,0.0138238196308405,0.0138238196308405,0.0138238196308405,0.0138238196308405,0.0138238196308405,0.0138238196308405,0.0138238196308405,0.0138238196308405,0.0138238196308405,0.0138238196308405,0.0138238196308405,0.0138238196308405,0.0138238196308405,0.0138238196308405,0.0138238196308405,0.0138238196308405,0.0138238196308405,0.0138238196308405,0.0138238196308405,0.0138238196308405,0.0138238196308405,0.0138238196308405,0.0138238196308405,0.0138238196308405,0.0138238196308405,0.0138238196308405,0.0138238196308405,0.0138238196308405,0.0138238196308405,0.0138238196308405
498,"MDA","Moldova",NA,NA,NA,NA,NA,NA,NA,NA,NA,NA,NA,NA,NA,NA,NA,NA,NA,NA,NA,NA,NA,NA,NA,NA,NA,NA,NA,NA,NA,NA,NA,NA,NA
492,"MCO","Monaco",0.00347485379766475,0.00347485379766475,0.00347485379766475,0.00347485379766475,0.00347485379766475,0.00347485379766475,0.00347485379766475,0.00347485379766475,0.0586376806064926,0.0586376806064926,0.0586376806064926,0.0586376806064926,0.0586376806064926,0.0586376806064926,0.0586376806064926,0.0586376806064926,0.0586376806064926,0.0586376806064926,0.0586376806064926,0.0586376806064926,0.0586376806064926,0.0586376806064926,0.0586376806064926,0.0586376806064926,0.0586376806064926,0.0586376806064926,0.0586376806064926,0.0586376806064926,0.0586376806064926,0.0586376806064926,0.0586376806064926,0.0586376806064926,0.0586376806064926
496,"MNG","Mongolia",NA,NA,NA,NA,NA,NA,NA,NA,NA,NA,NA,NA,NA,NA,NA,NA,NA,NA,NA,NA,NA,NA,NA,NA,NA,NA,NA,NA,NA,NA,NA,NA,NA
499,"MNE","Montenegro",NA,NA,NA,NA,0.0609669377049118,0.0609669377049118,0.0609669377049118,0.0609669425077193,0.0609669425077193,0.0609669425077193,0.0609669425077193,0.0609669425077193,0.0609669425077193,0.0609669425077193,0.0609669425077193,0.0609669425077193,0.0609669425077193,0.0609359575157467,0.0609359575157467,0.0609359575157467,0.0609359575157467,0.0609359575157467,0.0609359575157467,0.0609359575157467,0.0609359575157467,0.0609359575157467,0.0609359575157467,0.0609359575157467,0.0609359575157467,0.0609359575157467,0.0609359575157467,0.0609359575157467,0.0609359575157467
504,"MAR","Morocco",0,0,0,0,0,0,0,0,0,0,0,0,0,0,0,0,0.0194439085395753,0.0194439085395753,0.0194439085395753,0.0194439085395753,0.0194439085395753,0.0194439085395753,0.0194439085395753,0.0194439085395753,0.0194439085395753,0.227445559001055,0.227445559001055,0.227445559001055,0.227445559001055,0.227445559001055,0.227764445649243,0.227764445649243,0.227764445649243
508,"MOZ","Mozambique",0.216393194394363,0.216393194394363,0.216393194394363,0.216393194394363,0.216393194394363,0.216393194394363,0.216393194394363,0.216393194394363,0.216393194394363,0.216393194394363,0.216393194394363,0.216393194394363,0.216393194394363,0.216393194394363,0.216393194394363,0.216393194394363,0.216393194394363,0.216393194394363,0.216393194394363,0.216393194394363,0.338597302533556,0.338597302533556,0.338597302533556,0.338597302533556,0.338597302533556,0.338597302533556,0.338597302533556,0.338597302533556,0.338597302533556,0.338597302533556,0.338597302533556,0.338597302533556,0.338597302533556
104,"MMR","Myanmar",0,0,0,0,0,0,0,0.358663218169227,0.358663218169227,0.358663218169227,0.358663218169227,0.358663218169227,0.358663218169227,0.358663218169227,0.358663218169227,0.358663218169227,0.358663218169227,0.358663218169227,0.358663218169227,0.358663218169227,0.358663218169227,0.358663218169227,0.358663218169227,0.358663218169227,0.358663218169227,0.358663218169227,0.358663218169227,0.358663218169227,0.358663218169227,0.358663218169227,0.358663218169227,0.358663218169227,0.358663218169227
516,"NAM","Namibia",NA,0,0,0,0,0,0,0,0,0,0,0,0,0,0,0,0,0,0,0,1.67561212629289,1.67561212629289,1.67561212629289,1.67561212629289,1.67561212629289,1.67561212629289,1.67561212629289,1.67561212629289,1.67561212629289,1.67561212629289,1.67561212629289,1.67561212629289,1.67561212629289
520,"NRU","Nauru",0,0,0,0,0,0,0,0,0,0,0,0,0,0,0,0,0,0,0,0,0,0,0,0,0,0,0,0,0,0,0,0,0
524,"NPL","Nepal",NA,NA,NA,NA,NA,NA,NA,NA,NA,NA,NA,NA,NA,NA,NA,NA,NA,NA,NA,NA,NA,NA,NA,NA,NA,NA,NA,NA,NA,NA,NA,NA,NA
528,"NLD","Netherlands",5.84744861007709,5.84744861007709,5.84744933942619,5.84744933942619,5.84744933942619,5.84744933942619,6.02908888019527,6.0550487315183,6.05504873151612,6.05504873151298,6.0550487315183,8.93794583272165,8.93794583271333,8.93794583272957,8.93794583274242,8.93794583273913,8.93794583274663,8.93794583273658,8.93794583273658,8.93794756266891,15.7543805159142,15.7786341014779,15.7786344244149,15.7786344244149,15.7786344277579,15.7786344280396,40.4908613971127,44.2371050072337,44.2371050072384,44.2371050089197,44.2371050089197,44.2371050089197,44.2371050089197
540,"NCL","New Caledonia",0.0353816069268165,0.0354223573100996,0.0373355782508599,0.0373355782508599,0.0426100657132497,0.0426151854559796,0.0426151854559796,0.0426151854559796,0.0426151854559796,0.0429801904467014,0.0429801904467014,0.113589897107211,0.113589897107211,0.113589897107211,0.113589897107211,0.113589897107211,0.113589897107211,0.113589897107211,0.113589897107211,1.41497179669356,1.86737402578259,1.86737402578259,1.86737402578259,1.86737402578259,2.03983000653915,96.0886858671527,96.0886858671527,96.0886858671527,96.0886858671527,96.0886858671527,96.0886858671527,96.0886858671527,96.0886858671527
554,"NZL","New Zealand",0.00621737813701069,0.179618361979552,0.179618361979552,0.180654431590507,0.18105754784009,0.181059337167945,0.181253208323958,0.181253208323958,0.181341763973259,0.181341763973259,0.181945404892993,0.181945404892993,2.1004547819069,2.1004547819069,2.21444623374775,2.21468490038608,2.2148985860084,2.21560806943493,27.5014256660715,27.5016085985489,27.5016085985489,27.5016085985489,27.5016930177908,27.5016930177908,27.5016930177908,27.5117870397333,27.51180049603,27.51180049603,27.51180049603,27.51180049603,27.51180049603,27.51180049603,27.51180049603
558,"NIC","Nicaragua",0.1649267630555,0.1649267630555,0.1649267630555,0.1649267630555,0.1649267630555,0.1649267630555,0.1649267630555,0.196606116895948,0.196606116895948,0.196606116895948,0.196606116895948,0.196606116895948,0.196606116895948,0.196606116895948,0.196606116895948,0.196606116895948,0.196606116895948,0.196606116895948,0.196606116895948,0.196606116895948,0.196606116895948,0.878808373182297,0.878808373182297,0.878808373182297,0.878808373182297,0.878808373182297,0.878808373182297,0.878808373182297,0.878808373182297,0.878808373182297,0.878808373182297,0.878808373182297,0.878808373182297
562,"NER","Niger",NA,NA,NA,NA,NA,NA,NA,NA,NA,NA,NA,NA,NA,NA,NA,NA,NA,NA,NA,NA,NA,NA,NA,NA,NA,NA,NA,NA,NA,NA,NA,NA,NA
566,"NGA","Nigeria",0,0,0,0,0,0,0,0,0,0,0,0,0,0,0,0,0,0,0,0,0,0,0,0,0,0,0,0,0,0,0,0,0
570,"NIU","Niue",0,0,0,0,0,0,0,0,0,0,0,0,0,0,0,0,0,0,0,0,0,0,0,0,0,0,0,0,0,0,0,40.6889985564469,40.6889985564469
408,"PRK","North Korea",0.0232306318474655,0.0232306318474655,0.0232306318474655,0.0232306318474655,0.0232306318474655,0.0232306318474655,0.0232306318474655,0.0232306318474655,0.0232306318474655,0.0232306318474655,0.0232306318474655,0.0232306318474655,0.0232306318474655,0.0232306318474655,0.0232306318474655,0.0232306318474655,0.0232306318474655,0.0232306318474655,0.0232306318474655,0.0232306318474655,0.0232306318474655,0.0232306318474655,0.0232306318474655,0.0232306318474655,0.0232306318474655,0.0232306318474655,0.0232306318474655,0.0232306318474655,0.0232306318474655,0.0232306318474655,0.0232306318474655,0.0232306318474655,0.0232306318474655
807,"MKD","North Macedonia",NA,NA,NA,NA,NA,NA,NA,NA,NA,NA,NA,NA,NA,NA,NA,NA,NA,NA,NA,NA,NA,NA,NA,NA,NA,NA,NA,NA,NA,NA,NA,NA,NA
578,"NOR","Norway",0.159803279016016,0.159803279016016,0.160064706169649,0.160064901300658,0.163449780270227,0.163449780270227,0.163791070797905,0.163791074377479,0.163791096905796,0.163791096904404,0.163791096905796,0.163922292011189,0.163922292009797,0.180214524708022,0.180808251000808,0.181963417052721,0.276276351055257,0.276276351052274,0.276276872303571,0.276313824024686,4.02583435138152,4.09495234816077,4.09495234816453,4.32800921592644,4.33683506313401,4.33683506313312,4.33683688502917,4.37595493508453,4.37786720074817,4.3778672007507,4.37824503084384,4.40980199580483,4.40980199580483
512,"OMN","Oman",0,0,0,0,0,0,0,0.0380422479828604,0.0380422479828604,0.0380422479828604,0.0380422479828604,0.0380422479828604,0.0380422479828604,0.0380422479828604,0.0380422479828604,0.0380422479828604,0.0380422479828604,0.0380422479828604,0.0380422479828604,0.0380422479828604,0.0380422479828604,0.0380422479828604,0.0380422479828604,0.0380422479828604,0.0380422479828604,0.0380422479828604,0.0380422479828604,0.0380422479828604,0.0380422479828604,0.0380422479828604,0.0380422479828604,0.0380422479828604,0.0380422479828604
586,"PAK","Pakistan",4.19156512273087e-05,4.19156512273087e-05,4.19156512273087e-05,4.19156512273087e-05,4.19156512273087e-05,4.19156512273087e-05,4.19156512273087e-05,4.19156512273087e-05,4.19156512273087e-05,4.19156512273087e-05,4.19156512273087e-05,4.19156512273087e-05,0.208807603969392,0.688531339339575,0.688531339339575,0.688531339339575,0.688531339339575,0.688531339339575,0.688531339339575,0.688531339339575,0.688531339339575,0.688531339339575,0.688531339339575,0.688531339339575,0.688531339339575,0.688531339339575,0.688531339339575,0.688531339339575,0.688531339339575,0.688531339339575,0.688531339339575,0.688531339339575,0.688531339339575
585,"PLW","Palau",16.2497244765648,16.2498030356113,16.2498030356113,16.2498030356113,16.2498030356113,16.2498030356113,16.2498030356113,16.2498030356113,16.2499622681285,16.2499622681285,16.2579242496431,16.3876739575483,16.38779893657,16.387968511236,16.387968511236,16.3994458657912,16.3999000783883,16.4010896592247,16.4012659405016,16.4016899688887,16.4016899688887,16.4016899688887,16.4016899688887,16.4016899688887,16.4016899688887,16.4016899688887,97.9676184711506,97.9676184711506,97.9676184711506,97.9676184711506,97.9676184711506,97.9676184711506,97.9676184711506
591,"PAN","Panama",0.0401045814034882,0.0401045814034882,0.0401045814034882,0.0816272928493282,0.0816272928493282,0.208499720728918,0.208499720728918,0.208499720728918,0.208499720728918,0.208499720728918,0.208499720728918,0.208499720728918,0.208499720728918,0.208499720728918,0.208499720728918,0.816029782589585,0.816029782589585,0.816029782589585,0.816029782589585,0.826851206292208,0.952781029553074,0.955512682016294,0.955512682016294,0.955512682016294,0.955512682016294,0.955512682016294,25.7416106353695,25.7420628775956,25.7420628775956,25.7420628775956,25.7431942880687,25.7431942880687,25.7431942880687
598,"PNG","Papua New Guinea",0.115390475235093,0.115390475235093,0.115390475235093,0.115390475235093,0.115390475235093,0.115390475235093,0.115390475235093,0.115390475235093,0.115390475235093,0.115390475235093,0.115390475235093,0.115390475235093,0.115390475235093,0.115439652273003,0.115439652273003,0.115439652273003,0.115439652273003,0.115873211180818,0.115873211180818,0.115873211180818,0.115873211180818,0.115873211180818,0.115873211180818,0.115873211180818,0.115873211180818,0.115873211180818,0.115873211180818,0.115873211180818,0.115873211180818,0.115873211180818,0.115873211180818,0.115873211180818,0.115873211180818
600,"PRY","Paraguay",NA,NA,NA,NA,NA,NA,NA,NA,NA,NA,NA,NA,NA,NA,NA,NA,NA,NA,NA,NA,NA,NA,NA,NA,NA,NA,NA,NA,NA,NA,NA,NA,NA
604,"PER","Peru",0,0,0,0,0,0,0,0,0,0,0,0,0,0,0,0,0,0,0,0,0.156915098636712,0.156915097188971,0.159279841482277,0.159279841482277,0.159279844787951,0.159279844787951,0.159279844787951,0.159279841482277,0.159279844787951,0.159279844787951,0.159279844787951,0.159279844787951,0.159279844787951
608,"PHL","Philippines",0.000881847207978301,0.00135230740250091,0.00135230740250091,0.00135230740250091,0.00135230740250091,0.00366666566098591,0.00366666566098591,0.00366666566098591,0.00366666566098591,0.00366666566098591,0.0525735356279569,0.0525735356279569,0.165036422482043,0.165036422482043,0.165036422482043,0.165036422482043,0.165036422482043,0.165036422482043,0.165036422482043,0.165036422482043,0.165036422482043,0.339815020027887,0.339815020027887,0.341290222189667,0.341359789709252,0.341359789709252,0.341359789709252,0.386078103413242,0.386078103413242,1.45834846480064,1.45834846480064,1.45834846480064,1.45834846480064
616,"POL","Poland",0.000322073968261872,0.000322073968261872,0.000322073968261872,0.000322073968261872,0.000322073968261872,0.000322073968261872,0.000322073968261872,0.000322073968261872,0.000322073968261872,0.000322073968261872,0.000322073968261872,0.000322073968261872,0.000322073968261872,0.000322073968261872,0.000322073968261872,23.7558847463738,23.8466367849315,23.8468358542972,23.846835854913,24.004999385448,24.0243391974727,24.0243391974727,24.0243391975556,24.0243391975521,24.0243391974961,24.0243391974961,24.0243391972943,24.0243391972539,24.0243391972908,24.0243391941523,24.0243391941365,24.0243391942257,24.0243391941454
620,"PRT","Portugal",2.17686857197659,2.18243051599167,2.18243051599167,2.18243051599167,2.18243051599167,2.18243051599167,2.18243051599167,2.18243051599167,2.18338082159902,2.18338082159902,2.19234229416149,2.19234229416149,2.19234229416149,2.19234229416149,2.19234229416149,2.19307189876984,2.19307189876983,2.25991040761845,2.49203321667603,2.49860911278147,2.50082199988265,2.50082199988265,2.83013221511455,2.83013221511455,2.83013221511475,2.83013221876329,3.00382226553634,4.32825979402551,4.32840233753425,4.32916006870746,4.32916006868883,4.32916006868883,4.32916006868883
634,"QAT","Qatar",0,0,0,0,0,0,0,0,0,0,0,0,0,0,0,0,0,0,0,0,0,0,0,0,0,0,0,0,0,0,0,0,0
178,"COG","Republic of Congo",0,0,0,0,0,0,0,0,0,0,0,0,0,0,0,0,0,0,0,0,0,0,0,0,0,0,0,0,0,0,0,0,0
642,"ROU","Romania",0,0,0,0,0,0,0,0,0,0,0,0.246091252159337,0.246091252159337,0.246091252159337,0.246091252159337,0.246091252159337,0.246091252159337,0.25759897756907,5.15621645079375,5.15621645079375,12.98255697237,12.98255697237,12.98255697237,12.9825569723649,13.4850594561893,13.4850594561893,13.4850594561893,13.4850594561893,13.4850594561893,20.9679426425919,20.9679426425919,20.9679426425919,20.9679426425919
643,"RUS","Russia",NA,NA,0.067920425544328,0.067920425544328,0.0684765815932425,0.0888045178596526,0.0888045178596526,0.0888045178596526,0.0889522492283587,0.0889522492283587,0.0889522492281763,0.0889522492281763,0.0889522492281763,0.0889603093559738,0.0889603093559738,0.0889603093559738,0.0889667801819629,0.0889667801819629,0.0889694294961294,0.0889694294961617,0.0891036273874466,0.0891042840855482,0.0891042840857304,0.0891042840855482,0.0891042840242899,0.089104284024426,0.089104284024426,0.0891569200171485,0.0909332300845789,0.0909332300845789,0.0909332300845789,0.0909332300845789,0.0909332300845789
646,"RWA","Rwanda",NA,NA,NA,NA,NA,NA,NA,NA,NA,NA,NA,NA,NA,NA,NA,NA,NA,NA,NA,NA,NA,NA,NA,NA,NA,NA,NA,NA,NA,NA,NA,NA,NA
652,"BLM","Saint Barthelemy",0,0,0,0,0,0,0,0.26426904015146,0.26426904015146,0.26426904015146,0.26426904015146,0.26426904015146,0.26426904015146,0.26426904015146,0.26426904015146,0.26426904015146,0.26426904015146,0.26426904015146,0.26426904015146,0.26426904015146,0.26426904015146,98.3661522308631,98.3661522308631,98.3661522308631,98.3661522308631,98.3661522308631,98.3661522308631,98.3661522308631,98.3661522308631,98.3661522308631,98.3661522308631,98.3661522308631,98.3661522308631
659,"KNA","Saint Kitts and Nevis",0.000249222249550968,0.000249222249550968,0.000249222249550968,0.000249222249550968,0.000249222249550968,0.000249222249550968,0.000249222249550968,0.000249222249550968,0.000249222249550968,0.000249222249550968,0.000249222249550968,0.000249222249550968,0.000249222249550968,0.000249222249550968,0.000249222249550968,0.000249222249550968,0.000249222249550968,0.000249222249550968,0.000249222249550968,0.000249222249550968,0.000249222249550968,0.000249222249550968,0.000249222249550968,0.000249222249550968,0.000249222249550968,0.000249222249550968,0.000249222249550968,4.41317074194758,4.41317074194758,4.41317074194758,4.41317074194758,4.41317074194758,4.41317074194758
662,"LCA","Saint Lucia",0.0026553169124763,0.00828867809283845,0.00828867809283845,0.00828867809283845,0.00828867809283845,0.00828867809283845,0.114281816175721,0.114281816175721,0.114281816175721,0.170251916098213,0.170251916098213,0.170251916098213,0.170251916098213,0.17573414783116,0.17573414783116,0.17573414783116,0.17573414783116,0.17573414783116,0.175734145100962,0.175734145100962,0.175734145100962,0.175734145100962,0.175734145100962,0.175734145100962,0.175734145100962,0.175734145100962,0.175734145100962,0.175734145100962,0.175734145100962,0.175734145100962,0.175734145100962,0.175734145100962,0.175734145100962
670,"VCT","Saint Vincent and the Grenadines",0.214296011492272,0.214296011492272,0.214296011492272,0.214296011492272,0.214296011492272,0.214296011492272,0.214296011492272,0.214296011492272,0.214296011492272,0.214296011492272,0.214296011492272,0.214296011492272,0.214296011492272,0.214296011492272,0.214296011492272,0.214296011492272,0.214296011492272,0.214296011492272,0.214296011492272,0.214296011492272,0.214296011492272,0.214296011492272,0.214296011492272,0.214296011492272,0.214296011492272,0.214296011492272,0.214296011492272,0.214296011492272,0.214296011492272,0.214296011492272,0.214296011492272,0.214296011492272,0.214296011492272
882,"WSM","Samoa",0.00731537476946513,0.0343765567891941,0.0343765567891941,0.0343765567891941,0.0343765567891941,0.0450421418354266,0.0450421418354266,0.0489757461757393,0.0590150144517514,0.0675456043155377,0.0770685993133522,0.0777276101445764,0.0779012417619684,0.0782358043774595,0.0786596852002971,0.0788099974072045,0.0791832928838228,0.0800818996373421,0.0811426265959301,0.0811426265959301,0.0811426265959301,0.0811426265959301,0.0811426265959301,0.0811426265959301,0.0811426265959301,0.0811426265959301,0.0811426265959301,0.0811426265959301,0.0811426265959301,0.0811426265959301,0.0811426265959301,0.0811426265959301,0.0811426265959301
674,"SMR","San Marino",NA,NA,NA,NA,NA,NA,NA,NA,NA,NA,NA,NA,NA,NA,NA,NA,NA,NA,NA,NA,NA,NA,NA,NA,NA,NA,NA,NA,NA,NA,NA,NA,NA
678,"STP","Sao Tome and Principe",0,0,0,0,0,0,0,0,0,0,0,0,0,0,0,0,0,0,0,0,0,0,0,0,0,0,0,0,0,0,0,0,0
682,"SAU","Saudi Arabia",2.0701473949891,2.0701473949891,2.0701473949891,2.0701473949891,2.0701473949891,2.0701473949891,2.0701473949891,2.0701473949891,2.0701473949891,2.0701473949891,2.0701473949891,2.0701473949891,2.0701473949891,2.0701473949891,2.0701473949891,2.0701473949891,2.0701473949891,2.0701473949891,2.0701473949891,2.0701473949891,2.0701473949891,2.0701473949891,2.0701473949891,2.0701473949891,2.0701473949891,2.0701473949891,2.0701473949891,2.0701473949891,2.0701473949891,2.0701473949891,2.0701473949891,2.0701473949891,2.0701473949891
686,"SEN","Senegal",0.274585280997339,0.274585280997339,0.274585280997339,0.274585280997339,0.274585280997339,0.274585280997339,0.274585280997339,0.274585280997339,0.274585280997339,0.274585280997339,0.274585280997339,0.274585280997339,0.274585280997339,0.274585280997339,0.274585280997339,0.703235603307531,0.703235603307531,0.703235603307531,0.703235603307531,0.703235603307531,0.703235603307531,0.703235603307531,0.703235603307531,0.703235603307531,0.703235603307531,1.0117684715522,1.0117684715522,1.0117684715522,1.0117684715522,1.0117684715522,1.0117684715522,1.26188126692133,1.26188126692133
688,"SRB","Serbia",NA,NA,NA,NA,NA,NA,NA,NA,NA,NA,NA,NA,NA,NA,NA,NA,NA,NA,NA,NA,NA,NA,NA,NA,NA,NA,NA,NA,NA,NA,NA,NA,NA
690,"SYC","Seychelles",0.184989399930884,0.184989399930884,0.185093933183028,0.185093933183028,0.185093933183028,0.185093933183028,0.185093933183028,0.185093933183028,0.185155877948976,0.185155877948976,0.185155877948976,0.185155877948976,0.185155877948976,0.185155877948976,0.185155877948976,0.185155877948964,0.185155877948964,0.185155877948964,0.185155877948964,0.185155877948964,0.185155877948964,0.185233328952138,0.185233328952138,0.185233328952138,0.185233328952138,0.185233328952138,0.185233328952138,0.185233328952138,0.185233328952138,0.185233328952138,0.185233328952138,32.5879132270614,32.5879132270614
694,"SLE","Sierra Leone",0,0,0,0,0,0,0,0,0,0,0,0,0,0,0,0,0,0,0,0,0,0,0,0.568355039971398,0.568355039971398,0.568355039971398,0.568355039971398,0.568355039971398,0.568355039971398,0.568355039971398,0.568355039971398,0.568355039971398,0.568355039971398
702,"SGP","Singapore",0,0,0,0,0,0,0,0,0,0,0,0,0,0,0,0,0,0,0,0,0,0,0,0,0,0,0,0,0,0,0,0,0
534,"SXM","Sint Maarten",0,0,0,0,0,0,0,0,3.57776801232779,3.57776801232779,3.57776801232779,3.57776801232779,3.57776801232779,3.57776801232779,3.57776801232779,3.57776801232779,3.57776801232779,3.57776801232779,3.57776801232779,3.57776801232779,3.57776801232779,3.57776801232779,3.57776801232779,3.57776801232779,3.57776801232779,3.57776801232779,3.57776801232779,3.57776801232779,3.57776801232779,3.57776801232779,3.57776801232779,3.57776801232779,3.57776801232779
703,"SVK","Slovakia",NA,NA,NA,NA,NA,NA,NA,NA,NA,NA,NA,NA,NA,NA,NA,NA,NA,NA,NA,NA,NA,NA,NA,NA,NA,NA,NA,NA,NA,NA,NA,NA,NA
705,"SVN","Slovenia",0,2.78128918241808,2.87606942424851,2.87606942424851,2.8760694234357,2.8760694234357,2.8760694234357,2.8760694234357,2.8760694234357,2.8760694234357,2.8760694234357,2.8760694234357,2.8760694234357,2.8760694234357,2.8760694234357,4.00810411426377,4.00810411426377,4.00810411426377,4.00810411426377,4.00810411426377,4.00810411426377,4.00810411426377,4.00810411426377,4.00810411107581,4.98173136799446,4.98173136799446,4.98173126443411,4.98173126443411,4.98173126443411,4.98173125099158,4.98173125099158,4.98173125099158,4.98173125099158
90,"SLB","Solomon Islands",0.000930783145899324,0.000930783145899324,0.000930783145899324,0.000930783145899324,0.000930783145899324,0.0121357221214915,0.0214845213271937,0.0214845213271937,0.0214845213271937,0.022918370445422,0.022918370445422,0.022918370445422,0.022918370445422,0.022918370445422,0.0229200541179274,0.0230091910357753,0.0231037632974804,0.0233457864387847,0.068553263198254,0.0766411345751065,0.0766411345751065,0.0766411345751065,0.0766411345751065,0.0766411345751065,0.0766411345751065,0.0766411345751065,0.0766411345751065,0.0766411345751065,0.0766411345751065,0.0766411345751065,0.0766411345751065,0.0766411345751065,0.0766411345751065
706,"SOM","Somalia",0,0,0,0,0,0,0,0,0,0,0,0,0,0,0,0,0,0,0,0,0,0,0,0,0,0,0,0,0,0,0,0,0
710,"ZAF","South Africa",0.0389464647323961,0.0531352913203766,0.0531352913203766,0.0531352913159553,0.0531352913159553,0.0531352913159553,0.0531352913159553,0.0531352913159553,0.0531352913159553,0.0531352913159553,0.0531352913159553,0.126163159738821,0.133372250453482,0.133372250453482,0.133372250453482,0.274660304592257,0.274660304592257,0.274660304592257,0.274660304592257,0.27666177246792,0.27666177246792,0.27666177246792,0.29252932633892,0.29252932633892,11.2544023435875,11.2544023435875,11.2544023435875,11.2544023435875,11.2544023435875,11.2544023435875,14.6911690138138,14.6911690138138,14.6911690138138
410,"KOR","South Korea",1.18367774093582,1.18367774093582,1.18367774093284,1.18367774093284,1.18367774093262,1.18367774093284,1.18367774093262,1.18367774093284,1.18662794595601,1.18662794595601,1.19437425720111,1.29988945320151,1.29988961557533,1.30241996593198,1.34621563895638,1.36346902178217,1.36347813541661,1.36451813601937,1.37940098911341,1.43891523139765,1.44034086216392,1.44479127315095,1.44637157628383,1.46249572917662,1.4644537331746,1.47259129738301,1.47262105396136,1.49278089893941,1.49483396371763,1.72275076559651,1.72323897804088,1.72327273657795,1.72327273657795
728,"SSD","South Sudan",NA,NA,NA,NA,NA,NA,NA,NA,NA,NA,NA,NA,NA,NA,NA,NA,NA,NA,NA,NA,NA,NA,NA,NA,NA,NA,NA,NA,NA,NA,NA,NA,NA
724,"ESP","Spain",4.45564552609119,4.45564552599788,4.54450032851842,4.57608628059945,4.57608628059945,4.59043122339508,4.6041677104915,4.60503267181565,4.60666379637012,4.60690618052175,4.60734235790706,4.60734259012763,4.62509088194888,4.62986390085209,4.66670221463835,4.67613500025072,4.6762391224088,4.73709266428127,4.74160033612121,4.97810647685465,4.98178264223101,4.98890508416729,5.1554535598654,5.17879358237999,5.17883417362323,8.10304783571217,8.11370662057132,8.27132875422353,8.27132875421831,12.5498727979003,12.5549666511735,12.5565053225298,12.5565053225298
144,"LKA","Sri Lanka",0.00145784647721751,0.00145784647721751,0.00145784647721751,0.0578844594006999,0.0578844594006999,0.0578844594006999,0.0578844594006999,0.0578844594006999,0.0578844594006999,0.0578844594006999,0.0578844594006999,0.0578844594006999,0.0579368286877567,0.0583565872596196,0.0587811969233381,0.0587811969233381,0.0587811969233381,0.0587811969233381,0.0587811969233381,0.0587811969233381,0.0587811969233381,0.0733315162294956,0.0733315162294956,0.0733315162294956,0.0733315162294956,0.0733315162294956,0.0733315162294956,0.0733315162294956,0.0733315162294956,0.0733315162294956,0.0733315162294956,0.0733315162294956,0.0733315162294956
275,"PSE","State of Palestine",0,0,0,0,0,0,0,0,0,0,0,0,0,0,0,0,0,0,0,0,0,0,0,0,0,0,0,0,0,0,0,0,0
729,"SDN","Sudan",0,0,0.014461299280368,0.014461299280368,0.014461299280368,0.014461299280368,0.014461299280368,0.014461299280368,0.014461299280368,0.014461299280368,0.014461299280368,0.014461299280368,0.014461299280368,0.014461299280368,0.014461299280368,0.014461299280368,0.014461299280368,0.014461299280368,0.014461299280368,0.014461299280368,10.6914909094964,10.6914909094964,10.6914909094964,10.6914909094964,10.6914909094964,10.6914909094964,10.6914909094964,10.6914909094964,10.6914909094964,10.6914909094964,10.6914909094964,10.6914909094964,10.6914909094964
740,"SUR","Suriname",0,0,0,0,0,0,0,0,0,0,0,0,0,0,0,0,0,0,0,0,0,0,0,0,0,0,0,0,0,0,0,0,0
752,"SWE","Sweden",0.983717298780217,0.983817466721885,0.986137273248798,0.995338397809319,1.02343189193523,1.08617171645569,1.17059605856434,1.69661938111393,1.81378479968434,1.93249958389626,1.9479409542501,2.07123872147282,2.0834759881111,2.17855859935054,2.1934257524403,2.3218063991503,2.95652634321548,3.46970466610561,3.62446859889233,5.49400437956661,5.50669283596612,5.51905963269847,6.08464732967943,6.87684047867941,6.90614830562931,7.17222448506977,7.18663508549779,13.3929112598357,14.2291217837066,14.3294486180386,14.391395189976,14.7751831755241,14.7784592068474
756,"CHE","Switzerland",NA,NA,NA,NA,NA,NA,NA,NA,NA,NA,NA,NA,NA,NA,NA,NA,NA,NA,NA,NA,NA,NA,NA,NA,NA,NA,NA,NA,NA,NA,NA,NA,NA
760,"SYR","Syria",0,0,0,0,0,0,0,0.115902959736659,0.115902959736659,0.115902960600817,0.236242528196157,0.236242528196157,0.236242528196157,0.236242528196157,0.236242528196157,0.236242528196157,0.236242528196157,0.236242528196157,0.236242528196157,0.236242528196157,0.236242528196157,0.236242528196157,0.236242528196157,0.236242528196157,0.236242528196157,0.236242528196157,0.236242528196157,0.236242528196157,0.236242528196157,0.236242528196157,0.236242528196157,0.236242528196157,0.236242528196157
158,"TWN","Taiwan",0,0,0,0,0,0,1.73492741465725e-06,1.73492793120201e-06,1.73492793120201e-06,1.73492793120201e-06,1.73492793120201e-06,1.73492793120201e-06,0.00325263309057399,0.00380615482287879,0.00380615482287879,0.00380615482287879,0.00380615482287879,0.00380615482287879,0.838684375804541,0.838684375804541,0.83868437582563,0.83868437582563,0.83868437582563,0.83868437582563,0.83868437582563,0.839395616578499,0.839395616578499,0.839395616578499,0.839395616578499,0.839395616578499,0.839395616578499,0.839395616578499,0.839395616578499
762,"TJK","Tajikistan",NA,NA,NA,NA,NA,NA,NA,NA,NA,NA,NA,NA,NA,NA,NA,NA,NA,NA,NA,NA,NA,NA,NA,NA,NA,NA,NA,NA,NA,NA,NA,NA,NA
834,"TZA","Tanzania",0.351940092862096,0.351940092862096,0.351940092862096,0.351940092862096,0.351940092862096,0.352195680283242,0.352195680283242,0.352195680283242,0.546941399399631,0.546941399399631,0.546941399399631,0.954803717750157,0.954803717750157,0.954803717750157,0.954803717750157,0.954803717750157,0.954803717750157,0.954803717750157,0.954803717750157,0.954803717750157,0.954803717750157,0.955058969616701,0.955058969616701,0.955058969616701,0.955058969616701,0.955058969616701,0.955058969616701,0.955058969616701,0.955058969616701,0.955058969616701,0.955058969616701,0.955058969616701,0.955058969616701
764,"THA","Thailand",1.26340540508585,1.2997185752742,1.2997185752742,1.30475067443283,1.30475067443283,1.30475067443283,1.30475067443283,1.30475067443283,1.30475067443283,1.32636690915081,1.4421894765261,1.4421894765261,1.44412768654475,1.55714355194314,1.55714355194314,1.55714355194314,1.55714355194314,1.55714355194314,1.55714355194314,1.55807683275652,1.56518483281653,1.56518483281653,1.57266928846264,1.57266928846264,1.57375662880945,1.57375662880945,2.62105747233258,3.45113341103568,4.17820866015916,4.37956440436898,4.37956440436898,4.37956440436898,4.455022155764
626,"TLS","Timor-Leste",NA,NA,NA,NA,NA,NA,NA,NA,NA,NA,NA,NA,NA,0,0,0,0,0,0,0.725010594222891,0.725010594222891,0.725010594222891,0.725010594222891,0.725010594222891,0.725010594222891,0.725010594222891,0.725010594222891,0.726691225560954,0.726691225560954,0.726691225560954,0.726691225560954,0.726691225560954,0.726691225560954
768,"TGO","Togo",0,0,0,0,0,0,0,0,0,0,0,0,0,0,0,0,0,0,0,0,0,0,0,0,0,0,0,0,0,0,0,0,0
776,"TON","Tonga",0.0377478349160295,0.0377478349160295,0.0377478349160295,0.0377478349160295,0.0377478349160295,0.0377478349160295,0.0377478349160295,0.0377478349160295,0.0377478349160295,0.0377478349160295,0.0377478349160295,0.0377478349160295,0.0377478349160295,0.0377478349160295,0.0377478349160295,0.0377478349160295,0.0377478349160295,0.0449430063860617,0.0466028142245922,0.0515533417771697,0.0515533417771697,0.0515533417771697,0.0515533417771697,0.0515533417771697,0.0515533417771697,0.0515533417771697,0.0515533417771697,0.0515533417771697,0.0515533417771697,0.0515533417771697,0.0515533417771697,0.0515533417771697,0.0515533417771697
780,"TTO","Trinidad and Tobago",0,0,0,0,0,0,0,0,0,0,0,0,0,0,0,0,0.0419385978770322,0.0419385978770322,0.0419385978770322,0.0419385978770322,0.0419385978770322,0.0419385978770322,0.0419385978770322,0.0419385978770322,0.0419385978770322,0.0419385978770322,0.0419385978770322,0.0419385978770322,0.0419385978770322,0.0419385978770322,0.0419385978770322,0.0419385978770322,0.0419385978770322
788,"TUN","Tunisia",0.360831041953831,0.360831041953831,0.360831041953831,0.360831041953831,0.360831041953831,0.360831041953831,0.360831041953831,0.360831041953831,0.360831041953831,0.360831041953831,0.360831041953831,0.360831041953831,0.443155410604449,0.443155410604449,0.443155410604449,0.443155410604449,0.443155410604449,0.443155410604449,0.61827122442829,0.61827122442829,0.61827122442829,0.61827122442829,0.61827122442829,0.988587231109222,0.988587231109222,0.988587231109222,0.988587231109222,0.988587231109222,0.988587231109222,0.988587231109222,0.988587231109222,0.988587231109222,0.988587231109222
792,"TUR","Turkey",0,0,0,0,0,0,0,0,0,0,0,0,0,0,0,0,0,0,0,0,0,0,0,0,0,0,0,0,0,0,0,0,0
795,"TKM","Turkmenistan",NA,NA,0,0,0,0,0,0,0,0,0,0,0,0,0,0,0,0,0,3.06685373581576,3.06685373581576,3.06685373581576,3.06685373581576,3.06685373581576,3.06685373581576,3.06685373581576,3.06685373581576,3.06685373581576,3.06685373581576,3.06685373581576,3.06685373581576,3.06685373581576,3.06685373581576
796,"TCA","Turks and Caicos Islands",0.0305646245379234,0.0305646245379234,0.0305646245379234,0.0681249928408421,0.0681249928408421,0.0681249928408421,0.0681249928408421,0.0681249928408421,0.0681249928408421,0.0681249928408421,0.0681249928408421,0.0681249928408421,0.0681249928408421,0.0681249928408421,0.0681249928408421,0.0681249928408421,0.0681249928408421,0.0681249928408421,0.0681249928408421,0.0681249928408421,0.0681249928408421,0.0681249928408421,0.0681249928408421,0.0681249928408421,0.0681249928408421,0.0681249928408421,0.0681249928408421,0.0681249928408421,0.0681249928408421,0.0681249928408421,0.0681249928408421,0.0681249928408421,0.0681249928408421
798,"TUV","Tuvalu",0,0,0,0,0,0,0,0.00517455084262651,0.00517455084262651,0.00517455084262651,0.00517455084262651,0.00517455084262651,0.00517455084262651,0.00517455084262651,0.00517455084262651,0.00517455084262651,0.00517455084262651,0.00517455084262651,0.00517455084262651,0.00517455084262651,0.00517455084262651,0.00517455084262651,0.00517455084262651,0.00517455084262651,0.00517455084262651,0.00517455084262651,0.00517455084262651,0.00517455084262651,0.00517455084262651,0.00517455084262651,0.00517455084262651,0.00517455084262651,0.00517455084262651
800,"UGA","Uganda",NA,NA,NA,NA,NA,NA,NA,NA,NA,NA,NA,NA,NA,NA,NA,NA,NA,NA,NA,NA,NA,NA,NA,NA,NA,NA,NA,NA,NA,NA,NA,NA,NA
804,"UKR","Ukraine",NA,NA,5.92408673222231,5.92408673221368,5.92409881994609,5.92409881988374,6.925479376834,6.9255057616486,6.92558307760309,6.92558307761219,6.92558307761219,6.92558307761219,6.92558307761219,6.92558307761219,6.92558307761219,6.93017462573705,6.93017462575827,6.93017462579908,6.93017462579908,6.93017462579908,6.93017462579908,6.93017462579908,6.93017462579908,6.93017462579908,6.9301746257583,6.9301746257583,6.9301746257583,6.9301746257991,6.9301746257991,6.9301746257991,6.9301746257991,6.9301746257991,6.9301746257991
784,"ARE","United Arab Emirates",0,0,0,0,0,0,0.00501910610228749,0.00501910610228749,0.00501910610228749,0.00501910610228749,0.00501910610228749,0.00501910610228749,6.59123901809299,6.59123901809299,6.59123901809299,6.59123901809299,10.311416969045,10.311416969045,10.311416969045,10.311416969045,10.311416969045,10.311416969045,10.311416969045,10.311416969045,10.311416969045,10.4125066494334,10.4125066494334,10.5996742642812,10.6934216322757,10.6979693397076,10.6979693397076,10.6979693397076,10.6979693397076
826,"GBR","United Kingdom",0.0473937731887307,0.0552439315416487,0.0565726433875842,0.0569455164979241,0.0593674145088851,0.0618040569951806,0.0622967641136275,0.0632807029855191,0.0636291113899955,0.0663703555266323,0.0669278914547614,0.0680217374913021,0.0684743092179685,0.0687482562813853,0.0690122553685079,0.0734702288745311,0.288005295326344,0.288006263144721,0.288006263144765,0.426223522070078,0.426224868184729,0.426224994787434,1.17967066543064,28.8041101157558,29.0030165985796,30.3242068390561,30.3380386458254,49.401240456884,50.5604279926153,50.6178897187139,63.0699857647052,78.427498508403,78.427498508403
840,"USA","United States of America",0.735739802049748,0.769559276951116,0.769559276950747,0.946826037504403,0.948565799896016,1.01662820522869,1.01662820522955,1.01662821576949,1.0168979719194,1.01876907518339,1.01881879616841,1.01943389882227,1.03825947290708,1.03826480084473,1.03949225036837,1.03950915891986,1.03952416133425,13.3739418816531,13.3744100942092,13.3744110952414,15.0793790947662,15.0815170043773,15.0824787551591,15.0891726593758,15.1203629789172,15.1203661358454,15.1203661358457,15.2232484733469,15.2232484733489,15.2232484733485,15.2236235563087,15.2236235563087,15.2236235563087
858,"URY","Uruguay",0,0,0,0,0,0,0,0,0,0,0,0,0,0,0,0,0,0,0,0,0.107346306660476,0.107346306660476,0.145286565399061,0.145286565399061,0.145286565399061,0.300761197979536,0.300761197979536,0.300761197979536,0.326133937139829,0.326133937139829,0.326133937139829,0.326133937139829,0.326133937139829
860,"UZB","Uzbekistan",NA,NA,NA,NA,NA,NA,NA,NA,NA,NA,NA,NA,NA,NA,NA,NA,NA,NA,NA,NA,NA,NA,NA,NA,NA,NA,NA,NA,NA,NA,NA,NA,NA
548,"VUT","Vanuatu",0.00429492793025298,0.00429492793025298,0.0043783284722782,0.0043783284722782,0.0043985595131283,0.00518632020234986,0.00528242061775361,0.00528242061775361,0.00528242061775361,0.00528242061775361,0.00528242061775361,0.00528242061775361,0.00585964110051548,0.00585964110051548,0.00585964110051548,0.00585964110051548,0.00585964110051548,0.00585964110051548,0.00585964110051548,0.00585964110051548,0.00585964110051548,0.00585964110051548,0.00585964110051548,0.00585964110051548,0.00585964110051548,0.00585964110051548,0.00585964110051548,0.00585964110051548,0.00585964110051548,0.00585964110051548,0.00585964110051548,0.00585964110051548,0.00585964110051548
862,"VEN","Venezuela",1.09226452706559,1.09226452706559,1.09226452706559,1.09226452706559,1.09226452706559,1.09226452706559,1.09226452706559,1.09226452706559,1.09226452706559,1.09226452706559,1.13792498593685,1.13792498593685,1.13792498593685,1.13792498593685,1.13792498593685,1.13792498593685,1.13792498593685,1.13792498593685,1.13792498593685,1.13792498593685,1.13792498593685,1.13792498593685,1.13792498593685,1.13792498593685,1.13792498593685,1.13792498593685,1.13792498593685,1.13792498593685,1.13792498593685,1.13792498593685,1.13792498593685,1.13792498593685,1.13792498593685
704,"VNM","Viet Nam",0.0643974721894969,0.0643974721894969,0.0643974721894969,0.0643974721894969,0.0643974721894969,0.0643974721894969,0.0643974721916454,0.0643974721916454,0.0643974721894969,0.0643974721894969,0.0793591852345292,0.0793591852345292,0.0793591852345292,0.351190913668781,0.351190913693977,0.351190913693977,0.351190913623095,0.351190913623095,0.351190913693977,0.351190913693977,0.351190913623095,0.351190913623095,0.351190913693977,0.351190913693977,0.37901572627194,0.379015726208218,0.37901572627194,0.37901572627194,0.37901572627194,0.37901572627194,0.37901572627194,0.37901572627194,0.37901572627194
876,"WLF","Wallis and Futuna Islands",0,0,0,0,0,0,0,0,0,0,0,0,0,0,0,0,0,0,0,0,0,0,0,0,0,0,0,0,0,0,0,0,0
732,"ESH","Western Sahara",0,0,0,0,0,0,0,0,0,0,0,0,0,0,0,0,0.165949149578518,0.165949149578518,0.165949149578518,0.165949149578518,0.165949149578518,0.165949149578518,0.165949149578518,0.165949149578518,0.165949149578518,0.165949149578518,0.165949149578518,0.165949149578518,0.165949149578518,0.165949149578518,0.165949149578518,0.165949149578518,0.165949149578518
887,"YEM","Yemen",0,0,0,0,0,0,0,0.246849844606327,0.246849844606327,0.246849844606327,0.246849844606327,0.246849844606327,0.246849844606327,0.246849844606327,0.246849844606327,0.246849844606327,0.246849844606327,0.246849844606327,0.247568508337953,0.247568508337953,0.247568508337953,0.247568508337953,0.247568508337953,0.247568508337953,0.247568508337953,0.247568508337953,0.247568508337953,0.247568508337953,0.247568508337953,0.247568508337953,0.247568508337953,0.247568508337953,0.247568508337953
894,"ZMB","Zambia",NA,NA,NA,NA,NA,NA,NA,NA,NA,NA,NA,NA,NA,NA,NA,NA,NA,NA,NA,NA,NA,NA,NA,NA,NA,NA,NA,NA,NA,NA,NA,NA,NA
716,"ZWE","Zimbabwe",NA,NA,NA,NA,NA,NA,NA,NA,NA,NA,NA,NA,NA,NA,NA,NA,NA,NA,NA,NA,NA,NA,NA,NA,NA,NA,NA,NA,NA,NA,NA,NA,NA
