"code","iso","country","NDA.raw.1999","NDA.raw.2000","NDA.raw.2001","NDA.raw.2002","NDA.raw.2003","NDA.raw.2004","NDA.raw.2005","NDA.raw.2006","NDA.raw.2007","NDA.raw.2008","NDA.raw.2009","NDA.raw.2010","NDA.raw.2011","NDA.raw.2012","NDA.raw.2013","NDA.raw.2014","NDA.raw.2015","NDA.raw.2016","NDA.raw.2017","NDA.raw.2018","NDA.raw.2019"
4,"AFG","Afghanistan",-9999,-9999,-9999,-9999,-9999,-9999,-9999,-9999,-9999,-9999,-9999,-9999,0.0317124561772648,0.0362257551725322,0.0399929011493507,0.0427152442584968,0.0392879788526153,0.0345051715454183,0.0270780483519548,0.0140367566468391,0.00761420158031156
8,"ALB","Albania",-0.00250410375803582,0.00672938830245684,0.00296288017859037,0.000856777578092327,0.00062347968942289,0.00831913075265267,0.016891457532161,0.0162925672567777,0.00950670770772932,0.00115576364202208,-0.0110397536983481,-0.0237190527936578,-0.0358280851649693,-0.0297833940092677,-0.0224721544265473,-0.0154734072789894,-0.00414682516906159,0.00332754422464987,0.00740080433499601,0.0025586234575079,-0.00223221412480757
12,"DZA","Algeria",0.000571460611846764,0.00500400486204566,0.0121391349759945,0.0165510050141024,0.0260637491140427,0.0361755282649907,0.0318884169287623,0.024082731452836,0.022360037004395,0.023197361211543,0.0278377572522501,0.0313744784361396,0.036446663108973,0.0380611155025343,0.0395216831762406,0.0466827102001135,0.0441994532103536,0.0350753288772259,0.0318819924613418,0.0238057628798458,0.0205546005662804
20,"AND","Andorra",-8888,-8888,-8888,-8888,-8888,-8888,-8888,-8888,-8888,-8888,-8888,-8888,-8888,-8888,-8888,-8888,-8888,-8888,-8888,-8888,-8888
24,"AGO","Angola",-0.0186075103824208,-0.0180335821525486,-0.0141543907934547,-0.0015565163451282,0.0130832981229803,0.0259186362590811,0.035695725573677,0.0321654629067236,0.0288931539736306,0.0261842069927907,0.0172984449824822,0.0108382131209293,0.00507161747772011,-0.00119932805954795,0.00248202290473754,0.00485979392916214,0.00864976194041023,0.00725668684611547,0.0100296168112615,0.00293420000574507,0.00262177411200226
660,"AIA","Anguilla",-8888,-8888,-8888,-8888,-8888,-8888,-8888,-8888,-8888,-8888,-8888,-8888,-8888,-8888,-8888,-8888,-8888,-8888,-8888,-8888,-8888
28,"ATG","Antigua and Barbuda",0.0296539436425347,0.0295377616563988,0.0295388306701874,0.0288266758741906,0.0284703999448095,0.0281071262305443,0.0272403057496931,0.0261894994768066,0.0236455931065638,0.0212041254412718,0.0237563635296807,0.0126190227407164,0.00641686315425427,0.00189487519086229,0.00206068132871917,0.00379622887815079,0.0052249319096207,0.00622124187704309,-0.00210742196790194,-0.0106185778605391,-0.00379573319877455
32,"ARG","Argentina",0.00726254175144425,0.00932524348469821,0.00965475131966231,0.0102462573502615,0.0145698137484696,0.0190040680789394,0.020942556435215,0.0231853617865696,0.0265853167151267,0.0251458256919077,0.0144840492633165,0.00764193215448983,0.00125081515810055,-0.00820260065812086,-0.0082610787624891,-0.00641015237963369,-0.00656111897581019,0.000128363398366194,0.0113173134078819,0.0198374892663631,0.019542590837563
51,"ARM","Armenia",-0.056544290356748,-0.0622822325901412,-0.0575672354921753,-0.00892668302059734,0.00787817912984679,0.0177589645851799,0.0233027906940315,0.0499345700988916,0.0597243282237288,0.0609959478844468,0.0586307391831382,0.0479189739254458,0.0359237572422406,0.0392730278680671,0.038914267846385,0.0348137373400212,0.0307345481429193,0.0696333180823911,0.0740853793123035,0.0683774909204058,0.065969832215339
533,"ABW","Aruba",0.0726152606733661,0.08497275028326,0.0922030082837924,0.092490018113947,0.0937597698367232,0.0937775901958753,0.0924958476006994,0.0544350163268144,0.0376471647660643,0.0198231146545269,0.0166741695796002,0.00979749750860481,0.000315451849308035,0.000970760018502048,0.00500415504411267,0.0123722432721547,0.0198701143492048,0.0216113193434444,0.0187790536123056,-9999,-9999
36,"AUS","Australia",0.00162128867961209,0.0173631517473287,0.0352257124372795,0.0444543151366676,0.0224648175628477,0.0206704244712643,0.000946773453747385,-0.00794521728006503,-0.0281771960793437,-0.0733729217476479,-0.0776916538615851,-0.0863795124737709,-0.00982991558214172,0.0318347640800003,0.0118545703976842,0.0222128867118594,0.010754779187049,0.00405369699155744,0.0131158444293764,0.00556238446691726,-0.0115694849696253
40,"AUT","Austria",-0.0119723378259329,-0.0110794495048904,-0.00583398576563462,-0.00588144978740877,-0.00641833391856557,-0.0213846423190441,-0.0330035022759985,-0.0405539438992515,-0.0497113428956348,-0.0512490351250988,-0.052539623221598,-0.0475310544927861,-0.0352905521827866,-0.0209990825496442,-0.00574559692978021,-0.000304251288491468,0.00361418839067285,0.00662026636530855,0.00618318274357699,0.00590480373784108,0.00347581799612184
31,"AZE","Azerbaijan",-0.00179224278881344,-0.00108354009623906,-0.000309713798921812,0.0116912877611717,0.0243244842617718,0.0332478147521196,0.0398694840403089,0.0411281535369099,0.0412761210980748,0.0419700878007581,0.0408734081048236,0.0351844571486368,0.0318668222578167,0.029229957775474,0.0261857572742188,0.0245696724282685,0.0280418947043748,0.0285318351298978,0.0255176805340627,0.0284466024622805,0.0278263527531852
44,"BHS","Bahamas",0.0645140005350717,0.0721263988148086,0.0737101565662788,0.0662691047592963,0.0343728833475514,0.0170374997068108,0.0014180591130688,-0.00674899398249938,-0.0144947593368876,0.000202067787288929,-0.00439943037045012,-0.00275143241906666,0.00752237058145822,0.0204158101451091,0.0154602995233566,0.0185379916854467,0.0108631417841083,0.00616467643386009,0.000254512673589335,-0.0061275835836937,-0.0194615690904187
48,"BHR","Bahrain",0.031331457389054,0.0282984132578532,0.0227547544962541,0.0264792942470198,0.0338910530012846,0.0409289968537603,0.0470857185475968,0.0536069860229069,0.0519939295711667,0.0523598055059376,0.0438573834925049,0.0361216524051367,0.0269051150535349,0.0210857584079862,0.0203380211965376,0.021347705229158,0.0236047028982307,0.0284984044780991,0.0308018550564195,0.0382417856199293,0.0366605377064613
50,"BGD","Bangladesh",0.0268403858919135,0.0246438013198274,0.0235571455270762,0.0223290699552543,0.0184289435589713,0.0149627978461409,0.0157244668338981,0.0185479107425766,0.0182426945585417,0.0202021282541409,0.022057101926924,0.0232672423829685,0.0259047000362236,0.0263289246392009,0.0234609002556092,0.0208417881944467,0.0187391773083527,0.0151628013895586,0.0127692798212899,0.0149561867990173,0.0133459375269305
52,"BRB","Barbados",0.00830208861241122,0.00990421259285257,0.00918068365009495,-0.000369244881679449,-0.0117616911390581,-0.00791459183879314,-0.0101473153469114,-0.0149967724727595,-0.01722789845312,-0.00716101980584616,-0.000884025554347125,0.00576012412996363,0.0160816048778982,0.0148538358730894,0.0133252304507441,0.0170255084108522,0.0151383103116161,0.0118313112381114,0.000916815220092682,-0.00951216496815746,-0.0139678770308095
112,"BLR","Belarus",-0.0134985451814598,-0.0173993536606727,-0.0157903490311927,-0.017018884425529,-0.0117430810159019,-0.00861046516595685,-0.00206540108482316,0.00360407893988834,0.00763018576289376,0.0127877232730798,0.0166761462062315,0.017946902859157,0.0594877160717948,0.0894887029497826,0.109599783564351,0.118980073436314,0.119244608161397,0.110325560017315,0.0922687009763967,0.0676336523080798,0.0395770720414894
56,"BEL","Belgium",0.0222711715095352,0.0227335537831113,0.0198770711664618,0.0141711538258278,0.0030613226882843,-0.00624866292290116,-0.0154194200884042,-0.0174064901727223,-0.0170679563112328,-0.0139207090215404,-0.0139685360315271,-0.00186132528980033,0.00370710331239765,0.00994459814078885,0.010719333563207,0.00966388399839135,0.00835069357428031,0.00475179553296146,0.00241382511996946,-0.000996091463493969,-0.0190203985948781
84,"BLZ","Belize",-0.00903172732072363,-0.00312680187718846,0.0013091249865298,0.0337844843206687,0.0760249999130795,0.0627875544008403,0.0533039536549469,0.0334170702259635,0.0186934944403301,0.0032757576048581,0.00211615901404461,-0.00789001612714541,-0.00952913166535325,0.00928022620274316,0.0703621827105165,0.0799538173391199,0.091631337531495,0.0898820911594682,0.0802473927205287,0.0555631748392593,0.0475415312338827
204,"BEN","Benin",0.0419972473670596,0.0440320944294788,0.0328315336728382,0.0289976076756104,0.0166746392281916,0.00429458989837639,-0.00132950942141182,-0.00551161710285345,-0.00347077036395108,-0.00408974776145426,-0.00178904390403264,0.00619691021914237,0.00335919949025421,0.00988867660055259,0.0122623096964105,0.0101288764491292,0.0165200315730525,0.0219632900022595,0.0256746120458922,0.0290394074466021,0.0291127853825432
60,"BMU","Bermuda",-8888,-8888,-8888,-8888,-8888,-8888,-8888,-8888,-8888,-8888,-8888,-8888,-8888,-8888,-8888,-8888,-8888,-8888,-8888,-8888,-8888
64,"BTN","Bhutan",0.0399718912472167,0.0392304244899999,0.0328038284909369,0.0238337532339159,0.0125601812529192,0.000362938300112248,0.00324945063855808,0.00584555506276607,0.00850832683102865,0.00796728058972707,0.0118595496439655,0.0114748916307845,0.0081834886705221,0.00614139212104914,0.00336060763319956,0.000521233796227039,0.00138288612946647,0.000639029618767717,0.00223712049022562,0.00178925581394274,0.00198714790612931
68,"BOL","Bolivia",0.0224284438142026,0.0206758590750702,0.0182502447846011,0.02265447222494,0.023070696711597,0.0295749206743552,0.038241408946347,0.0376525964541123,0.0349466772277625,0.032749552158333,0.0307805684194278,0.0358958787854158,0.0284708571484518,0.0264378404742087,0.0186503488169256,0.0131390665434239,0.0147886999843696,0.0156465916255424,0.0131631228632199,0.00855802086196156,0.00728084300571075
70,"BIH","Bosnia and Herzegovina",-9999,-9999,-9999,-9999,0.0480581267464144,0.0550822322216393,0.0486495711689059,0.03054594130361,0.0192570308088531,0.0156578907580158,0.0287074655460646,0.0402992556845401,0.0497170280730841,0.0558353685847244,0.0495940370746,0.0538913998414472,0.0529278738704444,0.043783497747349,0.0306098576631484,0.00653765502313197,0.000217042542556944
72,"BWA","Botswana",0.0118966922617121,0.00862044598803413,0.0155228460273762,0.0198727009423829,-0.035939934564227,-0.100814207883534,-0.136818409995937,-0.111821885855879,-0.108016539158951,-0.0172100777251775,-0.0229478920399279,0.0384583349738745,0.124600624262729,0.153672465034561,0.0998909372347911,0.0248543559091507,-0.0471313801232612,-0.130057193603806,-0.176807093038269,-0.164185309448642,-0.290854926472219
76,"BRA","Brazil",0.013882337821892,0.0144056630122174,0.0171049222398767,0.0205919086342572,0.0248975801770386,0.0317401361943601,0.036169693917548,0.0333007686999562,0.0333626026277256,0.0300811199358335,0.0224101199962639,0.0209214167096217,0.0188724998871532,0.0166518425629625,0.0148718142386197,0.0170261346325025,0.0164265557975922,0.0142448396356178,0.0176570809881151,0.0152904841691575,0.0107189768562945
92,"VGB","British Virgin Islands",-8888,-8888,-8888,-8888,-8888,-8888,-8888,-8888,-8888,-8888,-8888,-8888,-8888,-8888,-8888,-8888,-8888,-8888,-8888,-8888,-8888
96,"BRN","Brunei Darussalam",0.0277465083905393,0.0352658560222292,0.0425375824383001,0.0470335714823653,0.045596550690491,0.0427778671902808,0.0341955986707954,0.0304289764074237,0.0299257494832963,0.0273637042168051,0.0231945264130993,0.0212350763654061,0.0181726775809194,0.0162166374647283,0.0162697539721581,0.012957756755186,0.00352181847952737,0.0011156622581765,-0.000351467933462461,0.000989572385464932,-0.00145648763973371
100,"BGR","Bulgaria",-0.0205067280458691,-0.017422632585359,-0.0110249427137348,-0.00572540683781239,-0.00167967946611818,0.00468553477190459,0.00678767548841308,0.00233068619823817,0.00354680517394357,-0.000645302537092981,-0.0135138739792164,-0.0256397750235591,-0.013400090507156,-0.0154985519021204,-0.00393532066222793,0.00557550530034856,0.0120654476365978,0.00712556221182181,0.00723086156752006,0.00850007618257442,0.0176458258353054
854,"BFA","Burkina Faso",0.020057530255347,0.0219917360165773,0.0188696595620252,0.0182055050316943,0.027195923903655,0.0351392229193219,0.0428172200056776,0.0437415146936275,0.0446489742973339,0.0432255976749072,0.0396518777902679,0.0395161045112031,0.0296043933985881,0.0188233143703969,0.0187065051581006,0.0185527834593415,0.0195353085421175,0.0199404642076715,0.01949235046576,0.0186902318616193,0.018267040341805
108,"BDI","Burundi",-0.00109375075010115,-0.000416975820349791,0.00337490770558757,0.00666804351824335,0.008920383273467,0.00982172428674,0.0131105038047854,0.0167728227987607,0.020495020110644,0.0231290841795384,0.0241643086751688,0.0274003331091393,0.033402874666465,0.0337328364662173,0.0371140821376021,0.0377544226354749,0.0348465232390189,0.0353034994272539,0.0388174695921897,0.040738893874855,0.0360609648524839
132,"CPV","Cabo Verde",0.0250985054200434,0.0160137136857685,0.0122527606260456,0.0234494720759117,0.0328577997931989,0.0306954490418601,0.0452348226426931,0.0320063807751318,0.0243717767533527,0.0224249151967686,0.0246161761670929,0.0261099099615725,0.0111362116096105,-0.00299783013219183,-0.0207577951406955,-0.0349081063801859,-0.0412565909026674,-0.0402196591660686,-0.0485532615546159,-0.0486185802607751,-0.0353854520277527
116,"KHM","Cambodia",-9999,-9999,-9999,0.0106854682729474,0.00898885305029662,0.00550776539387487,0.00440467724315874,0.0119093174118885,0.0183168087251597,0.0207688513387032,0.0319326690004973,0.0344692810805649,0.0331589497366929,0.0290811609909769,0.024792096177833,0.0196182457189393,0.0143620283106101,0.010138617067958,0.0129729217959937,0.012377466850408,0.0132066771514632
120,"CMR","Cameroon",0.0205107557554218,0.0303393787811916,0.0324090001855648,0.0315057471020739,0.0340869078830379,0.0273205731369877,0.0247446966217613,0.015473227215737,0.00503142831633485,-0.00211804896568612,-0.0161850845791078,-0.014030218805959,-0.0184746813782074,-0.0239966360866832,-0.0117641004744053,-0.0124147309559843,-0.00104136398457352,0.00330274647442019,0.00533973868530668,0.00559582929008018,0.00324817643028719
124,"CAN","Canada",-9999,-9999,-9999,-9999,-9999,-9999,-9999,-0.0213849134745832,-0.00143649496241481,6.40757279299908e-05,-0.00130834581687161,-0.000103391329355817,0.00255212069494259,0.00746121231355179,0.0116505320932272,0.0130251947579885,0.014754839677225,0.00998839112931349,0.0109796696734381,0.0118299483803921,0.00649978899089998
136,"CYM","Cayman Islands",-8888,-8888,-8888,-8888,-8888,-8888,-8888,-8888,-8888,-8888,-8888,-8888,-8888,-8888,-8888,-8888,-8888,-8888,-8888,-8888,-8888
140,"CAF","Central African Republic",0.0238228267552867,0.02975600918139,0.0214843751647715,0.00472506650476201,0.00583196161819499,-0.00410435567977258,-0.0150699989952076,-0.0140764282508244,-0.00994132311169878,0.00507424055531325,-0.00686762879242972,0.00355367281219987,0.00432430853270138,-0.0209770414268456,-0.0111439863721881,-0.016376118091532,-0.0155858063656427,-0.00837366641479644,-0.00481690859967748,0.0059536331433101,-0.00675104999847935
148,"TCD","Chad",0.062926731759233,0.0522426634285589,0.0436392016283349,0.0381146566679895,0.0339516690279238,0.0300195811984079,0.027246040003166,0.0296465649294222,0.0321839791796148,0.0331218035048151,0.0349914888425253,0.0438743550420828,0.0409950385547877,0.0407621403106426,0.0410125888652919,0.0411427063151764,0.0444965848537595,0.0482220351024476,0.051020128380602,0.0533886225618638,0.0517495885462846
152,"CHL","Chile",0.0405601996614975,0.0401625949524442,0.0354759477548547,0.0317763554439086,0.0258053490649575,0.0258242531148762,0.0236532250659218,0.022405321448266,0.0255081792167395,0.0303842716519682,0.0257583194786506,0.0233676147521522,0.0174673418044871,0.0138664669774491,0.00554034975659978,0.00011027784825135,-0.00668363766434725,-0.0220689616767266,-0.0231165020433159,-0.0115868208597845,-0.00794096704973083
156,"CHN","China",0.0293495582847332,0.0261062998008492,0.0221647910789442,0.0190614927519654,0.0129102759355715,0.00902295412415843,0.013200272248524,0.0200958930236774,0.0216624633990559,0.0229878986500955,0.0211238076048743,0.0171182391908333,0.0120496114977826,0.0087100867644081,0.00546694457386643,0.00347462514746377,0.00302198391925157,0.00360041353620888,0.00396460124454046,0.00474617584855275,0.00329186504749579
170,"COL","Colombia",0.00115399615933609,0.000480588615345612,0.000881405505359201,0.00139434685241424,0.00450181138828043,0.00818673551651106,0.0125113734837481,0.0162130084075929,0.0218323632949553,0.0227004488891021,0.0193459851312705,0.0171309144383462,0.0129330505424605,0.00718150851549226,-0.00123621854195564,-0.00959975777404186,-0.0210139390429516,-0.0276609019653878,-0.017098685855366,-0.00618853889389056,0.0014309116369009
174,"COM","Comoros",0.0234719750692736,0.0253925344300214,0.0260903434648374,0.0259940671925052,0.0206095705223925,0.0159560731652499,0.0134078800401116,0.0110859340375149,0.00726839267566803,0.00714499598814777,0.0102404801653295,0.011111363148651,0.0133727753913391,0.0165698345900522,0.0159720259566758,0.0139641671960673,0.0138976252971732,0.0150854283821018,0.0151176021804549,0.0158236629887614,0.0151431250196685
184,"COK","Cook Islands",-8888,-8888,-8888,-8888,-8888,-8888,-8888,-8888,-8888,-8888,-8888,-8888,-8888,-8888,-8888,-8888,-8888,-8888,-8888,-8888,-8888
188,"CRI","Costa Rica",0.00583826867192139,-0.0104337255759203,-0.0379008278657382,-0.0602096519351229,-0.0675157657590985,-0.0792042593473226,-0.0862933333208645,-0.0715105568510164,-0.0336649091840052,-0.00206429494293835,0.00758933253956329,0.0144500456384635,0.021014915201621,0.0212728138651568,0.0259853225546405,0.0205651710753996,0.0174763364392587,0.0182605695454841,0.0191931425616991,0.0231541377308062,0.0161821757525751
384,"CIV","Cote d'Ivoire",0.01512980034867,0.0136787519919224,0.0155913325062569,0.0211529267219148,0.0235721240075533,0.0172048078608116,0.0228332431747633,0.019428510294649,0.020130375798453,0.0151866820634599,0.00589771431615471,-0.0025298281876334,-0.00392657303264246,0.00246349310865313,0.00975074438657031,0.000652009065281067,0.00418505622879173,0.0127486566886137,0.0143900586812029,0.0110362671684132,0.00362434792460964
191,"HRV","Croatia",-9999,-9999,-9999,-9999,-9999,0.00603002276244102,0.00734654594681206,0.0149377696425268,0.0327682463966383,0.0406594292784526,0.0241690494440947,0.0189995930625584,0.0102131503713589,-0.00098320007560943,-0.00743855240394197,-0.00442741028324282,-0.00491164970520108,-0.0113796677855001,-0.010272031045399,-0.00284069970948777,-0.00320934853513688
192,"CUB","Cuba",-0.0218328105428699,-0.0292991039855981,-0.0295849333509051,-0.0255935336693076,-0.0323130457757151,-0.0367472264549737,-0.0471745612106124,-0.040570385598373,-0.0249238078882778,-0.0111969018169197,-0.0122821360403911,-0.0117437288097284,-0.00293700880792791,-0.00104690269960578,-0.00162010750744348,0.00223609169643635,-2.66166352772468e-05,0.000760373939111103,0.00313744091934298,0.00574974938484507,0.000710146465570327
531,"CUW","Curacao",-8888,-8888,-8888,-8888,-8888,-8888,-8888,-8888,-8888,-8888,-8888,-8888,-8888,-8888,-8888,-8888,-8888,-8888,-8888,-8888,-8888
196,"CYP","Cyprus",0.0160409282384575,0.00841472263562859,0.00278124915791333,0.00607172716976656,0.00948724082794805,0.00933918625424401,0.00645317456368266,0.00580855947994419,0.00180944748639411,-0.00337365707135466,-0.00673570037303786,-0.011534343938595,-0.0137168505555864,-0.0101272265758819,-0.0102922996806074,-0.00873623961933958,-0.00464559470722648,-0.00377017275674882,-0.00321706022497679,-0.00328177180783992,-0.00268255778886813
203,"CZE","Czech Republic",-0.0338384878371114,-0.00962880674696848,0.000722759150122654,-0.000881757073664524,-0.0069804801899357,-0.00900538398929238,-0.0107210939300377,-0.0114794062402414,-0.0141138476163006,-0.0218063645495393,0.0232298244177815,0.0152986413320351,0.0147302855864198,0.00858632275238902,0.00252226671217759,-0.00139816971265919,-0.00243120988323505,-0.00480033840626313,-0.00887296478844919,-0.0166475143574782,0.0123466609577461
180,"COD","Dem. Rep. Congo",-0.0120623964708665,-0.0089416365531613,-0.00904983476657933,-0.0105277515195664,0.00443809494560554,0.029664517709489,0.0524763055017325,0.0592206357863618,0.0533168278967666,0.0501003613155768,0.0370804580974913,0.0207536143964933,0.0024843061772255,-0.00849773289923791,-0.00930386116956338,-0.00397662079386262,0.00143303706314124,0.00693234996087044,0.00801464443220756,0.00795074422838327,0.00768790436087752
208,"DNK","Denmark",-0.0238973867956194,-0.019235289713306,-0.0167530256577887,-0.0233053380314305,-0.0238803165243802,-0.0347163351964008,-0.0419455140306298,-0.052302677183062,-0.0563436592782119,-0.0555283835439238,-0.052114140674581,-0.0438588822542857,-0.0322307669839302,-0.0206178959301033,-0.00793184961437413,-0.000963989050225597,0.00522185608537118,0.00697894885955952,0.00832265049014214,0.00650326339340368,0.00511743723158808
262,"DJI","Djibouti",-9999,0.0265800119563906,0.024029265860291,0.0187752267357031,0.0125914788254284,0.00692461591263771,0.00385192785506105,0.00186275365347077,0.000580169577387268,0.000408944095330099,0.0022150060451418,0.0021486392094201,0.0013913915407715,0.00179564353936801,0.00235523713024111,0.00321313081239571,0.00388079472142233,0.0033082048357862,0.00354537970612334,0.00406055150487483,0.00377022810094485
212,"DMA","Dominica",-0.0761616353473244,-0.0621543245503334,-0.0369716967555388,-0.0410624125386815,-0.0373753233443435,-0.0250584512607297,-0.0240694478103418,-0.0336085219308504,-0.0204058070086016,-0.0182124242532134,-0.0128007585136501,-0.00272496034897177,0.0114530771173393,0.0052817018139002,0.00469676467433255,0.00417776500634148,0.0102371560252599,0.00377119631951239,0.010470708987337,0.00596119697047359,0.00276649292045561
214,"DOM","Dominican Republic",0.0174476648502397,0.0102810082610878,0.0101728854412257,0.0147238252325987,0.0135711416678685,0.0165421602209976,0.0181844916557095,0.0239124759190845,0.0330389777351454,0.0383395130015154,0.0369626856443579,0.0321991414374061,0.0268387264957792,0.0246651674145824,0.0164991793714921,0.0118703056405383,0.00902935046654418,0.00929896983859924,0.0128797162954302,0.0160197824799182,0.0164049271058651
218,"ECU","Ecuador",0.0268916956577521,0.015268253608886,0.0185688124192562,0.0151132022395535,0.0100522666919862,0.00768465367534499,0.00264521208658541,0.00202888007487534,0.00316440868032064,0.00668282794084041,0.00647930326408441,0.00368587044320456,0.0152369348066963,0.018025713776757,0.0175709268401743,0.017877940194686,0.00931353509759725,0.00282061224914432,-0.00885165765614307,-0.0174688125609984,-0.019360354279989
818,"EGY","Egypt",0.039330427707257,0.0343662753783309,0.0282430217947029,0.0264112809807544,0.0266751500855626,0.0253109325104846,0.0284323351792839,0.0303326723026016,0.0279154254252805,0.0276451074123609,0.0245842282910145,0.0240370748600109,0.0226620191683804,0.0194829426977945,0.0148456170874276,0.0137140543893781,0.0135135498007048,0.012148207470712,0.00928034407210854,0.00688074839637842,0.00749486267850896
222,"SLV","El Salvador",0.00387507776112717,-0.00381940783755848,-0.0040526309928049,-0.00459102343631338,-0.00584291451698979,-0.00358995905908028,-0.000850549872539397,0.00707680427944313,0.0197762302540703,0.0271479834962955,0.0316175441152249,0.0273041874900277,0.0234136730618359,0.0142904083642232,-0.001754323028452,-0.023940868713181,-0.0371835537454779,-0.0578190600235093,-0.059371083438253,-0.05744901853455,-0.0555210814772914
226,"GNQ","Equatorial Guinea",0.0663471448184365,0.0724270650868504,0.0785472019186493,0.0751269726880006,0.0650426177568517,0.0707177013076232,0.0770267431739136,0.0780899844747149,0.0682834491324193,0.0656010668340528,0.0564262912940332,0.0471426296938062,0.0403601822208621,0.0267625931782496,0.0128952931334732,-0.00022823535928681,-0.00996466643194928,-0.0127285673939931,-0.0211617769982575,-0.0150863002309697,-0.010162465475777
232,"ERI","Eritrea",-9999,-9999,0.0398386733288891,0.0475878269228507,0.0349818251625433,0.022025333717137,0.00817669534973775,-0.00239505062116388,-0.00111457163701873,8.42952173074618e-05,0.00309457977956695,0.00755487307962799,0.00921973663324627,0.00899687831390983,0.00970886382195402,0.00925892459001831,0.0100252631281941,0.00765388724645799,0.00888119213625971,0.00954597577178773,0.00949315809630802
233,"EST","Estonia",-9999,-9999,-9999,-9999,-9999,0.00386047030532177,0.00551325660229596,0.00547329660452123,0.00701575928330067,0.0112679680663019,0.0105392141547518,0.0110758048435791,0.010360151125288,0.00964251805236627,0.0103482508560975,0.0119065658668911,0.0124386717362042,0.00835699037279691,0.00771037861607105,0.00833464643144266,0.00692374673777185
748,"SWZ","Eswatini",-0.0109644952571086,-0.00958846174826,-0.0124518304308547,-0.00540536760342099,-0.00814354112345025,-0.00746742458310515,-0.000534073043739986,-0.000255421211129167,0.00498170387548647,0.0087491461054261,0.00743568636403946,0.010953821049545,0.00506053815181384,0.00165814843929435,0.00144760198128457,0.000557703777537943,-0.000550074697944415,-0.0116355683117609,-0.00805223724763229,-0.00433077302266967,-0.00317121230180095
231,"ETH","Ethiopia",0.0169201633823652,0.0186090405224733,0.0212131047246393,0.0309105380240968,0.0286496880534033,0.0280170310065129,0.0268198801803667,0.0286251632100041,0.0337841151743761,0.0414211486100431,0.0473730002894066,0.0477181718046356,0.0436603746040507,0.0458427022737067,0.0422620243699467,0.0384523265908601,0.0336817389901445,0.0299162218323672,0.0298234500785115,0.0279926450415577,0.0261753023354059
234,"FRO","Faeroe Islands",-8888,-8888,-8888,-8888,-8888,-8888,-8888,-8888,-8888,-8888,-8888,-8888,-8888,-8888,-8888,-8888,-8888,-8888,-8888,-8888,-8888
238,"FLK","Falkland Islands",-8888,-8888,-8888,-8888,-8888,-8888,-8888,-8888,-8888,-8888,-8888,-8888,-8888,-8888,-8888,-8888,-8888,-8888,-8888,-8888,-8888
242,"FJI","Fiji",0.0150296840690214,0.00746080988093101,0.000736311250526978,-0.00653390537578645,-0.0234012805009205,-0.0205639183465325,-0.0163117276189627,-0.0130070461630207,-0.00928201039464719,-0.0058405762626958,-0.0101894777849191,-0.0224571389876939,-0.0144515104966464,-0.00957684250763865,-0.0144536177281503,-0.0523039228346958,-0.07115282690726,-0.0975829648866117,-0.104732511408935,-0.103999895062479,-0.091930630818886
246,"FIN","Finland",-0.00420477438940948,0.000530184957393098,0.00759531045528106,0.00908321098995768,0.011692751225842,0.0139619636437283,0.0150097808987728,0.0157013876222858,0.0184368179336205,0.0159828003018034,0.00484207123778835,0.00179396801504828,-0.00258873479981617,-0.00639697555558382,-0.00778746649258076,-0.00687902264476139,-0.00750075581875819,-0.00734694516859698,-0.0105419850203825,-0.00967706853339501,-0.0161352709798771
250,"FRA","France",-0.0209061504254101,-0.0379230788865824,-0.0519518734872413,-0.0702716806615292,-0.0822602412156282,-0.0858470382969087,-0.0819898462450798,-0.0669397140343936,-0.0408619455972452,-0.0357300314981321,-0.0364850516987687,-0.0328239842143434,-0.0324356811812284,-0.0294899157080345,-0.0210988015659157,-0.0119858968848856,-0.00423470808725929,-0.00360852121760498,0.000276447794687051,0.00161132753550142,0.000140878434031988
258,"PYF","French Polynesia",-8888,-8888,-8888,-8888,-8888,-8888,-8888,-8888,-8888,-8888,-8888,-8888,-8888,-8888,-8888,-8888,-8888,-8888,-8888,-8888,-8888
266,"GAB","Gabon",-0.00301776532343944,-0.00591971729488236,-0.00869337056370801,0.00218993921389465,0.0166490922513627,0.0361285704378278,0.0505397562231795,0.0591649137673631,0.0677739169930056,0.0774846230100068,0.0767251173209729,0.0712009256512778,0.0530798667785264,0.032961676127629,0.0288714517564772,0.0233969090189563,0.0164693587882383,0.0140778550794476,0.0145035362933728,0.0151754242273121,0.0180392385682968
270,"GMB","Gambia",0.00661430685871278,0.00709696138698246,0.00315383095865829,-0.0019763259006075,0.000286432895131306,0.00516519771985746,0.0113210272240571,0.021023917571301,0.0249342007413782,0.0309560461211318,0.0338193895054151,0.0395654593765871,0.0307483697399056,0.0128687644302361,0.00232010360139423,-0.00263913099346073,-0.00662366976454946,-0.00500585323558055,-0.00492644523869639,-0.00290959218353581,0.000580272863119236
268,"GEO","Georgia",-0.0138734034635755,-0.0116180552718241,-0.0220184644056161,-0.0161935646952944,-0.00295012733203931,0.0025983136051102,0.000816127270800715,0.00109804663023327,0.00548198956299917,0.00211984907713325,0.00231288266281937,0.00550957731330137,0.000969545285554707,0.00624002523935974,0.0150237075852866,0.0206697471681185,0.0229878067504721,0.0239558552369883,0.0189279009147687,0.0100535306648084,0.000992502300530607
276,"DEU","Germany",-0.0603568062147069,-0.0768934832370225,-0.0930209550988399,-0.102983007259749,-0.111904663247403,-0.0997990307125855,-0.0843128152628441,-0.0585110804245215,-0.0248840234857082,-0.0244053667189604,-0.0234950167822,-0.0200952331918006,-0.0216033394818449,-0.0208572698156125,-0.0172298735221728,-0.00847871175012316,-0.0038648353456125,-0.00304225453274194,-0.00318698771111409,-0.00859269996796119,-0.0126844388713263
288,"GHA","Ghana",0.0226186061825682,0.0277080618998995,0.0232194248728288,0.0162301516725931,0.0130818892585767,0.00268562520322901,0.00427078625833999,0.00554738635366125,0.00349537552635493,0.00936841871441163,0.00578398792703028,0.0133988079717364,0.0166033384621582,0.0148675594043475,0.0203406471569307,0.0143921878065452,0.0220917069641846,0.02702628433523,0.0298930627079732,0.027549774899474,0.0212779369830041
300,"GRC","Greece",-0.0253127280283312,-0.019539675410974,-0.0188889394555295,-0.0161173894316219,-0.0170488118314624,-0.0213327260705396,-0.0280888964620359,-0.0321268299869419,-0.0398222669751743,-0.0428330999596654,-0.049837230137318,-0.0413047886819198,-0.0298785484316621,-0.0223147028206088,-0.0126588681955871,-0.00854476018221656,-0.00577772098841271,-0.00429892036051773,-0.00427830111087267,-0.00734675279648611,-0.0165515821478773
304,"GRL","Greenland",-8888,-8888,-8888,-8888,-8888,-8888,-8888,-8888,-8888,-8888,-8888,-8888,-8888,-8888,-8888,-8888,-8888,-8888,-8888,-8888,-8888
308,"GRD","Grenada",0.0206033628540212,0.0161030071277277,0.0139641993990944,0.0119351042726883,0.0116629367196315,0.0133889889822048,0.0143328386168637,0.014834852469034,0.0193330384267743,0.0214719653748747,0.0256508692226147,0.0270965479274743,0.0295157392679575,0.0298486102696316,0.0353661231426039,0.0318593249949315,0.0274081712988423,0.0218353726538882,0.00730988578000602,-0.00666962861354494,-0.00757403545380793
320,"GTM","Guatemala",0.023718144015223,0.0198468538717296,0.0186396908083515,0.0179588043963288,0.0230142420307926,0.0260545182755945,0.0307025702102015,0.0299719148496027,0.029993599940483,0.0222369426116102,0.0232732960673818,0.025569505793813,0.0298576818042167,0.0298887121985771,0.0318854550822274,0.0308780171322587,0.0330798764975024,0.0321292101107098,0.0307434115185823,0.0210599000459395,0.0167614391419422
831,"GGY","Guernsey",-8888,-8888,-8888,-8888,-8888,-8888,-8888,-8888,-8888,-8888,-8888,-8888,-8888,-8888,-8888,-8888,-8888,-8888,-8888,-8888,-8888
324,"GIN","Guinea",0.00835339022912396,0.00916038547242848,0.0172533277678764,0.0289715048970027,0.0372404370996278,0.0424181974019078,0.0569418324953144,0.0575983588363072,0.0513323405002668,0.0496818532139631,0.0395210687060827,0.0291815944875657,0.0268385089347589,0.0333551917841239,0.0349107131285413,0.0305813420698067,0.0308881554619773,0.0390149173189438,0.0408748954864684,0.0376120135951563,0.0353436072073179
624,"GNB","Guinea-Bissau",0.000765761073770799,0.00161864174518733,0.0144757657599697,0.0267210571970045,0.0368886800911954,0.0414296875750699,0.040283575684686,0.0394986170205718,0.0324813408243552,0.0164128129768111,0.00762593302818138,-0.00192246629018985,0.00130048447458386,0.0107351159709301,0.0161189957017414,0.0187472817719694,0.0166526867439412,0.0174626343639148,0.0186225154521666,0.0148263773203199,0.0127964213117466
328,"GUY","Guyana",0.0338803676507791,0.0289725842192816,0.0272946161724386,0.0250086199015416,0.0230476555182533,0.0221663947442792,0.0182628937881733,0.0137272468361769,0.0116343489177806,0.0124099736942407,0.0120188299478146,0.0104223006020978,0.00528114311078598,0.00480408751445727,0.00791158206773246,0.0146461341495721,0.0162887722462628,0.0121122035879697,0.00367878599264126,0.00694469862656288,0.0045751509408527
332,"HTI","Haiti",0.0290140843557332,0.0301444854714248,0.0304143440731588,0.0351788840720644,0.0340721623234055,0.0293352328659602,0.026312144076905,0.0224055861607357,0.0199339395537519,0.0176679833679427,0.0140950464682557,0.0143341064508085,0.0137257713309267,0.0130127414222205,0.0114325418037062,0.00909785987794209,0.00998877431401857,0.0113195531244474,0.0124588067124058,0.0120660393690288,0.0121831096209881
336,"VAT","Holy See",-8888,-8888,-8888,-8888,-8888,-8888,-8888,-8888,-8888,-8888,-8888,-8888,-8888,-8888,-8888,-8888,-8888,-8888,-8888,-8888,-8888
340,"HND","Honduras",0.0223364212430353,0.027611579504633,0.0290335063538605,0.0192197948610351,0.0196999437751941,0.0152574137013441,0.0243594544938295,0.0238583607716303,0.02723171773873,0.0241839813711886,0.0207894013743835,0.021537548421815,0.024737846205227,0.0125429496199041,0.014287213493883,0.0127331592366762,0.0157225632166329,0.0203293783604819,0.0253770652411529,0.0239273897310377,0.0222629143060129
344,"HKG","Hong Kong",0.011022166220483,0.00680004656327005,0.00400617889003274,0.00357293740548736,0.00938440862836631,0.00434207033294842,0.00146360127921752,-0.00952278417152686,-0.0308430396172193,-0.0285675206605378,-0.00413074044614937,-0.000360822497102872,0.00673349348113739,0.0108214210149233,0.0169785742839166,0.0200095872776436,0.0197765311763427,0.018997498780605,0.0182388049272117,0.0134221802313905,0.0149614805384888
348,"HUN","Hungary",-9999,0.00554013478669413,0.0213755754171387,0.0373592453603071,0.0424527664486831,0.0545374392267466,0.0416833149590803,0.031717492732604,0.0226314196985336,0.00656334697769068,-0.0195593085288069,-0.0553132691593586,-0.0873215949361843,-0.057836901582245,-0.0328347107086392,-0.00915125286129549,-0.00310229084623243,-0.00125506965188746,0.0058853705785471,0.0197500234638124,0.0205149581582271
352,"ISL","Iceland",-9999,-9999,-9999,-9999,-9999,-0.00533837090364662,-0.0116919608627398,-0.00525358426018913,-0.00107706767377727,0.004210993454002,0.00274529209461205,0.00181711377564242,-0.0010385804263029,-0.00165836438652973,-0.0034097424195351,-0.00280643287323975,-0.00261700074665358,-0.000622740111542208,0.00342269972710429,0.0105212590423647,0.00970531760019711
356,"IND","India",0.0260118148975681,0.0227884800739593,0.0199624512929915,0.0149633399551969,0.0116002450441799,0.0105790646637303,0.0114349863900456,0.0142259721232323,0.0190228729536983,0.0240135302982842,0.0289610496989039,0.0319097118723775,0.0348358019378192,0.0321085225777724,0.0277872552337597,0.0231830882234261,0.0191077971567277,0.0149397830614295,0.0125982504777764,0.0113373521635278,0.00983430530429374
360,"IDN","Indonesia",0.0131993492149556,0.0111957247144341,0.00870588691736884,0.0087568283067061,0.00756654053011374,0.00825958224156587,0.0104633158670158,0.0147503444486765,0.0170570142317978,0.0201486453224737,0.022491468737172,0.0225952857722693,0.0231404900265659,0.0245109649668105,0.0226980167433488,0.0223747862204731,0.0206315942227564,0.0186857122726256,0.019700970628433,0.0215134218135231,0.022895843839255
364,"IRN","Iran",0.0222790519851706,0.0188058018916899,0.0164918504377951,0.0212020845088268,0.0209529482394,0.0407528064552722,0.0513891147658183,0.0588969831614778,0.0694423383333298,0.0624560214317809,0.044603978731574,0.0237114452088907,-0.00354572758689184,-0.0383318341167997,-0.0874207203115385,-0.0849020213364709,-0.0803086746917657,-0.0655695097079965,-0.035261128742465,-0.0187092507942862,-0.00999972030516273
368,"IRQ","Iraq",0.0266972895258715,0.0298595509009432,0.0257527955479451,0.0282915767823786,0.0101630947767548,0.000515947272978323,-0.00280095421833349,-0.00898622548678767,-0.009955955804728,-0.00611384134710577,-0.00331057285953065,-0.00112606563387518,0.0231304881039078,0.0562422785117602,0.0536923965112062,0.0481145584411922,0.0367732720016047,0.0267404709181236,0.0159909475652338,0.00799813709762609,0.0135247396789544
372,"IRL","Ireland",0.00998269759941439,0.0102537701957608,0.00757689038817655,0.00579024198938605,0.00167001498853003,-0.00321891174121948,-0.0115827733843676,-0.0219856913413924,-0.0335599111777531,-0.0356231413461782,-0.0327235814564457,-0.0330420639836768,-0.0312948819246,-0.018609446329249,-0.0108041036777364,-0.00658870682459601,-0.00278488303026821,4.28157908749505e-06,0.00369454160326788,0.0051673098548628,0.00608392308875372
833,"IMN","Isle of Man",-8888,-8888,-8888,-8888,-8888,-8888,-8888,-8888,-8888,-8888,-8888,-8888,-8888,-8888,-8888,-8888,-8888,-8888,-8888,-8888,-8888
376,"ISR","Israel",-9999,-9999,-9999,-9999,-9999,0.013911227870864,0.00962562416536072,0.0083254492939786,0.0111658458456452,0.00620702096475267,-0.00305448335836552,-0.0133697701425113,-0.0205310114067776,-0.0200824645159293,-0.0170622662652548,-0.0118873674506187,-0.00551598068693614,-0.00067543566372742,0.00809243965443551,0.00917492423500765,0.00725682405864125
380,"ITA","Italy",0.000210970223648355,0.000795778404667713,-0.000530868229510906,-0.000175812720216115,-0.000418139057770724,-0.00339001426710694,-0.00691637596346674,-0.030486340264003,-0.0562484111288428,-0.075364226352211,-0.0739763457491432,-0.0695249793770368,-0.0730691211887331,-0.0482046060568682,-0.0268679928598065,-0.0136978176718235,-0.0083722899998473,-0.0079041932016866,-0.00615674923679958,-0.0057200154909884,-0.0103084650398306
388,"JAM","Jamaica",0.0213957599980086,0.0194536359160351,0.0162514094678987,0.0129845061797438,0.0138974006168417,0.0106426195667684,0.00748734048145239,-0.00154732744927244,-0.0129341610642025,-0.0357127185257918,-0.0495431603519383,-0.0504004987158528,-0.048637988542005,-0.0328516950418994,-0.0186527521289602,-0.00944739805575141,-0.0106086572089683,-0.0123809290685891,-0.0120549017203673,-0.00806171484526011,-0.0117883701590257
392,"JPN","Japan",-0.00928652347616008,-0.0180664798829492,-0.0305277584338046,-0.0379324438310617,-0.0440077022410075,-0.0436467483632227,-0.0395572412610283,-0.0308533813727281,-0.0117183396319601,-0.0195455488100696,-0.0276862987053604,-0.0242251398757598,-0.0232500242542909,-0.0204624004419028,-0.0178423826263099,-0.0166524755640677,-0.0171936079175076,-0.0194657181532136,-0.0177960730149584,-0.0191270384535585,-0.0200396721799003
832,"JEY","Jersey",-8888,-8888,-8888,-8888,-8888,-8888,-8888,-8888,-8888,-8888,-8888,-8888,-8888,-8888,-8888,-8888,-8888,-8888,-8888,-8888,-8888
400,"JOR","Jordan",0.0169077139182763,0.00185107906936155,-0.000218264749997636,0.00289759955622637,0.00588753266499253,0.00943019236371434,0.0176527077902049,0.0176786548164352,0.0295733900546757,0.0368781310935684,0.03339504636817,0.030605047040867,0.0335326680975108,0.027324672996297,0.0276963782930266,0.0313974495002951,0.03782025757052,0.0329587685383379,0.0363516702210205,0.0360101872317549,0.0266453615752433
398,"KAZ","Kazakhstan",-0.0209047525725128,-0.0491427890452799,-0.0817001286093793,-0.0621152163719608,-0.047723853489515,-0.0106786394898138,0.0172091425505092,0.0406126146993817,0.0500765187900269,0.0495990790935574,0.0346526579776629,0.0212695089621446,0.00415567120865989,0.0114397741247265,-0.00276080904790712,-0.00531952135386339,-0.00103279804367727,0.00308244386642031,0.0164441497503944,0.0191498319536918,0.0213294069434753
404,"KEN","Kenya",-0.00427151530808394,-0.00261515249446925,-0.00250129267233239,0.000244812925943805,0.00501426209718336,0.0123239529031858,0.0172559004112716,0.0164439797066651,0.0372399953208324,0.0538728280081051,0.0660126051783374,0.0685060270681792,0.0672835892682002,0.0607695429960675,0.0521353562651687,0.0442835545733518,0.0293364402185123,0.0107435875736408,0.00978970224643905,0.0105117214423738,0.0158193394014514
296,"KIR","Kiribati",0.0147027835054789,0.0206621379633021,0.0255944672192168,0.0365809252164111,0.0449861374567657,0.0492809212554728,0.0552080083356059,0.0572409111290311,0.0545937815115793,0.0497619668880334,0.0379298243055342,0.0309686507516815,0.0247863066492342,0.0232975483256121,0.0198087192820109,0.0154720813632039,0.0154388416728357,0.0169518287369421,0.0178569132347299,0.0197164427246468,0.0183805453065851
689,"XKX","Kosovo",-8888,-8888,-8888,-8888,-8888,-8888,-8888,-8888,-8888,-8888,-8888,-8888,-8888,-8888,-8888,-8888,-8888,-8888,-8888,-8888,-8888
414,"KWT","Kuwait",-9999,-9999,0.0650918368590343,0.0568134432562779,0.0516312498314402,0.0473736523768913,0.0451098048379401,0.0421683038918026,0.0355539986349407,0.0326424013371407,0.0358854203630614,0.0324815308176296,0.0277473226537694,0.0250603975916182,0.0252239421629572,0.0214587242788964,0.0251331723582295,0.0268522959576727,0.0248793959144606,0.0232784929566199,0.0268459008554596
417,"KGZ","Kyrgyzstan",-0.0230856127084698,-0.0222619578825768,-0.0195301940890233,-0.0260985482422464,-0.00717972289896798,0.00629759337532976,0.0106811670121265,0.0126861086799661,0.0139658613841593,0.0167999082880188,0.0235152024332403,0.0279370145832343,0.0322854492233213,0.0307062099642677,0.0348590317180755,0.0362691346673225,0.0330996918563704,0.027838129616603,0.0205016438808554,0.0166687790013331,0.0164538471687472
418,"LAO","Laos",0.0124002110487584,0.00760737606210382,0.00422255029430652,0.00523076486169205,0.00664580708544826,0.0138472094617901,0.0215653840170169,0.0255420299104476,0.0350015978449669,0.0352615085392118,0.0319007469312924,0.0344891749119951,0.0304318778273933,0.0305095948174074,0.0302842618296741,0.0315779582264089,0.0333275220748339,0.0334618111566383,0.0339290714194196,0.0286325060735013,0.0244649254322635
428,"LVA","Latvia",-9999,-9999,-9999,-9999,-9999,0.00286223307929001,0.00468535955045657,0.00747997542690992,0.0108375958244387,0.0154955597767326,0.0176980146101544,0.0165686466842871,0.0177985700378351,0.0193389782463118,0.0168670821665278,0.0173051564217546,0.0188052532755079,0.018032682986747,0.0173392878620522,0.0139936267099736,0.0118818512490015
422,"LBN","Lebanon",0.0538095928567088,0.0466629225831801,0.0406282183593396,0.0310139891275918,0.0272768736389115,0.0182640127711915,0.012391006225613,0.00383808052841261,-0.00334003562676515,-0.00384131022979151,-0.000113734349105422,0.00367877759440982,0.0157956382129745,0.0265234215244798,0.0374567225876803,0.0493732600326064,0.0553368613073961,0.0552464456738466,0.0519675456484663,0.0422869821034075,0.0357443608260759
426,"LSO","Lesotho",0.00388154255962303,0.0110514923582863,0.0139832501052803,0.0141022446425043,0.0152826094956193,0.0132561829341966,0.0131138406454454,0.0103563488599039,0.00638991911249942,-0.010273694742887,-0.00352859989507357,-0.000113460757689658,0.00340945961654926,0.000217182311931463,-0.00709909944595035,-0.0251225430164854,-0.0300120073596422,-0.0369677523967624,-0.0261474587285839,-0.0262829272245908,-0.0240832576158752
430,"LBR","Liberia",-9999,-9999,-9999,-9999,-9999,-9999,-9999,-9999,-9999,-9999,0.0574804895729986,0.0602170693811108,0.060791152790767,0.0588247895737279,0.0546225215776344,0.0505552096120792,0.0482075772119008,0.0402498378050795,0.0320439398615004,0.022409248073739,0.0329519282006216
434,"LBY","Libya",-9999,-9999,-9999,-9999,-9999,-9999,-9999,-9999,-9999,0.0349139256422062,0.0422268764209557,0.0431611020147948,0.0334244571031468,0.029627254710757,0.02481729481225,0.0181537082055165,0.0102247643210054,0.00487392629261518,0.000142386830707331,-0.000655572681577765,-0.000252999776792354
438,"LIE","Liechtenstein",-8888,-8888,-8888,-8888,-8888,-8888,-8888,-8888,-8888,-8888,-8888,-8888,-8888,-8888,-8888,-8888,-8888,-8888,-8888,-8888,-8888
440,"LTU","Lithuania",-9999,-9999,-9999,-9999,-9999,0.0302525938987399,0.027043003013143,0.0268968405344665,0.0313381887115645,0.0324762814348212,0.0259189378183025,0.0200799667227309,0.0189810416127669,0.0192133342684815,0.014018606602513,0.0118981034144852,0.0124807418795998,0.00889470853971908,0.0126040625894563,0.0118838144183062,0.00648523664440748
442,"LUX","Luxembourg",-0.0102151650971123,-0.0123844178798691,-0.0116003397485628,-0.00559835025691552,-0.000691097848383555,0.0065797480172396,0.00869683685253264,0.0087088284280743,0.00736804286808601,0.00506992577873366,0.00314533457540978,0.00122442873884965,-0.00207708707839306,-0.00785850417502849,-0.0151098200660313,-0.0119201312943973,-0.0104632438046316,-0.0104987485031194,-0.0105819646763093,-0.0105093200069343,-0.0129869312625513
446,"MAC","Macao",0.0624078212653754,0.0430313903025454,0.0230678801295687,0.00712479018733725,-0.00583115939088937,-0.00570931790750469,-0.00553239065289348,-0.00189218996141527,-0.00928574659176351,-0.0154321985248732,-0.00768724810402367,-0.0374298936993392,-0.00571608011282203,0.0086616313420087,0.0180812993935089,0.0291018788514599,0.0551216404069235,0.0726179812697798,0.0760485911010313,0.0668135236440446,0.0548014403907116
450,"MDG","Madagascar",0.00204386517683353,-0.00154629132774554,-0.00927436826309352,-0.0247401356568771,-0.0243683253292242,-0.0309750775786026,-0.01032499462449,-0.00258352296480197,0.00585768831225431,0.0119468593798118,0.0183035286083659,0.0211463276860486,0.0207845637043531,0.0135911093254937,0.0114603384297247,0.00149598425113684,0.003348046313155,0.00379570999031253,0.00571522978687566,0.00342096420429838,0.00187156061018112
454,"MWI","Malawi",0.00913833164442357,0.0125481344287006,0.0136808395162462,0.0242139202896396,0.0365784306548742,0.0326980201293463,0.0329030709687201,0.038654120545411,0.0457644349501594,0.0554612999901547,0.0574650729649833,0.0659271155023406,0.0617582058976318,0.0612591608488731,0.0601578862824612,0.0612814846374443,0.057522145775518,0.0503963647600114,0.0478438514686288,0.0551584553276525,0.0571030416790832
458,"MYS","Malaysia",0.0265844738289078,0.0288874984878758,0.0262328562450027,0.029202729982946,0.034617118578754,0.0405100520021544,0.0445599039633404,0.042287625955695,0.0448477398534792,0.049483112715961,0.0429355741840021,0.0420677147861102,0.0360695574057524,0.0317874695405223,0.0255975236678847,0.0231032846021657,0.0192787018917127,0.0134679117363097,0.0084501527631291,0.00374970063828539,-0.00479259125981594
462,"MDV","Maldives",-9999,-9999,-9999,-9999,-9999,0.0789980850950223,0.0776795146205771,0.0802983321348063,0.0731732546290689,0.0645231310623822,0.052673751994913,0.0589997026997136,0.0756471392951787,0.101188883450992,0.110761150151575,0.130509146373728,0.121781972993688,0.112361787266531,0.0956038803027668,0.0723697135306023,0.0547410718783026
466,"MLI","Mali",0.0255720563171637,0.0319200559199335,0.0313617193467564,0.0297478866468404,0.0276765726588901,0.0301437248053165,0.0304917874239949,0.0307130464989429,0.0290130541597917,0.0308291346810439,0.0325909510760798,0.0367195221541834,0.0340993643512693,0.0297660261730399,0.0257408695831092,0.0263469781494234,0.0273742089755427,0.0324042183190543,0.0337812291601063,0.0359700956124744,0.0354270364066558
470,"MLT","Malta",0.00725030595429166,-0.00282392508381714,-0.0159125757367152,-0.0289343848161566,-0.023356235852316,-0.0201212392897103,-0.00736340286890683,-0.00161919009090389,0.00282294174220343,0.00627040436598425,0.00155651468749474,-0.00635384752836886,-0.0160676212380401,-0.0143314301485137,-0.00280159468754537,0.00532071589601424,0.0127344350686729,0.00923050857493757,-0.00823468187064022,-0.0316623841018297,-0.0529948100501409
584,"MHL","Marshall Islands",-0.00279445324668403,0.00681292999377314,0.0126490750436119,0.016382844394496,0.0187963680851411,0.0202209994011227,0.0210783174592295,0.0218390082156519,0.023215770452593,0.0251810894686486,0.0273346327484656,0.0402102476114794,0.0428536197201843,0.0427900893596649,0.0404370230781521,0.0361632304265251,0.0304459534245671,0.0244050549579766,0.0194698069654404,0.0168844313386485,0.0180675780321327
478,"MRT","Mauritania",0.0309178117847588,0.0400582768674425,0.0469740796576601,0.0461371442252596,0.0435249096376225,0.0355134023951891,0.02467058237383,0.0197336966507027,0.014563827461997,0.00508068582881682,0.00317289442787572,0.00770518074629623,0.0101620225125751,0.012057701080711,0.0142186511378954,0.0143729428920336,0.0168451200373039,0.0225891435414347,0.0258774538302529,0.0203793961600893,0.0178876862541963
480,"MUS","Mauritius",0.0196470161802986,0.0171014424513338,0.00284757816498526,-0.00123765161504071,-0.0052279745894871,-0.00839816263443314,-0.0114143666001902,-0.00974883179854508,-0.00584247342203572,-0.00288407846092367,0.00183919490463569,0.0057249889257307,0.000138630930284878,0.0040160501224884,0.0055879754153898,0.00979761695942005,0.00987681747372582,0.0118400511228955,0.0138609816254507,0.0118999005705347,0.00977062616234337
484,"MEX","Mexico",0.0928273265956816,0.0909850773503329,0.0802805539158664,0.0656574022487382,0.0506519978537601,0.0398942999692229,0.0372659316249673,0.0314074044874237,0.030951578535604,0.0313629052101465,0.0331308747906389,0.0336799845686724,0.0333992883945251,0.0311015743918468,0.0290606580882056,0.0230363651679026,0.0178370944937938,0.0133993828791539,0.00977559217307089,0.00597153835540931,0.00827828823781118
583,"FSM","Micronesia",0.414603011236034,0.395496630599029,0.337330674827258,0.247580806727414,0.132191820111907,0.000119755746334382,-1.11022302462516e-16,-1.11022302462516e-16,0.000831304136735822,0.00147835176586786,0.00481893329693439,0.00711656360196344,0.0116191535848058,0.0149075707387618,0.0184042156910187,0.0202377021229658,0.0209726276100684,0.0212156803766341,0.0209122486525413,0.019100067842996,0.0192163129365031
498,"MDA","Moldova",-9999,-9999,-9999,-9999,-9999,-0.0442396517402353,-0.0324733348075218,-0.0167612510568802,-0.00707833157913706,-0.00301517727325842,-0.0163577789530433,-0.0295683836754643,-0.00725964512950134,-0.00113213843216773,0.00618602284636993,0.0183593650133638,0.0229346642822901,0.0304539704543643,0.03716490691167,0.0471740773000315,0.0389601630257903
492,"MCO","Monaco",-8888,-8888,-8888,-8888,-8888,-8888,-8888,-8888,-8888,-8888,-8888,-8888,-8888,-8888,-8888,-8888,-8888,-8888,-8888,-8888,-8888
496,"MNG","Mongolia",0.0146612351365885,0.017475275785181,0.0145225935643545,0.00602384678393375,-0.00229988803363851,-0.0169831314955129,-0.0253815442811741,-0.0212689297647644,-0.00446597250484703,0.00552988911657804,0.0156480949207378,0.0190328755289815,0.0225483784595228,0.0234103866271098,0.0234938212807492,0.0240360918870905,0.0271805022404419,0.0322973807810962,0.041441573936597,0.0473297378871047,0.0525040750180559
499,"MNE","Montenegro",-9999,-9999,-9999,-9999,-9999,-9999,-9999,-0.0195775974915664,-0.00428615699303367,-0.00208240998463971,-0.00845737240436919,-0.0162431561855275,-0.0192459418159546,-0.0224139043033965,-0.0260197010394698,-0.0243926802321448,-0.0148709640044164,-0.00564243387134459,0.00581421205304067,0.00970082302102737,0.00822146944275626
504,"MAR","Morocco",0.00815106403014765,0.0176088242998413,0.0257568973527083,0.0293264921474388,0.0274639600696582,0.0303182380446039,0.0277452753138692,0.0304545987980906,0.0264824629120162,0.0226004280372087,0.0181419692057134,0.0140253479303829,0.0119436801619766,0.00758619321930176,0.00734932428955593,0.00755851841835198,0.0120779786412861,0.0101636482130028,0.013402700637503,0.0162874462606928,0.0132626536871345
508,"MOZ","Mozambique",0.000427503637491,-0.00560536192877055,-0.00261392003571581,0.00320435015422116,0.00954994855254654,0.0133241385224556,0.020641648669927,0.0215791450965201,0.016892767880226,0.0225892325012982,0.0161714380088407,0.00994429387437412,0.00441300772229658,0.00471154051903633,0.00657001117730349,0.00650132637315437,0.00653173080879155,-0.0015107832542428,-0.00993746052277085,-8.13594740795851e-06,-0.00435051483772897
104,"MMR","Myanmar",0.0211714915618553,0.022305894605122,0.0196688912020968,0.0163258990719903,0.0150686117811358,0.0175788362901754,0.0188723774814166,0.0212962786677848,0.0236619579152975,0.0245060808632425,0.0266597403605202,0.0295652064621013,0.0294214507293373,0.0277489127254413,0.0278434755573511,0.0312249373714328,0.0308336105649285,0.0313887781640594,0.0354000394309384,0.0376403134853258,0.0383519006494943
516,"NAM","Namibia",-0.00838158101144688,0.00236157562844097,0.00729644020084375,0.00197503582788494,0.000607177782257828,0.0029364567157808,0.00518096396514611,0.0171380976807862,0.0177123630366387,0.00586825999834373,0.0169167951394114,0.0276906408801205,0.059772407496522,0.0779476458687394,0.0503911831585588,0.0170160936159929,-0.0161175040234748,-0.0286783289567315,-0.0435792042844811,-0.123359576857277,-0.152977979725041
520,"NRU","Nauru",-9999,-9999,-9999,-9999,-9999,-9999,-9999,-9999,-9999,-9999,-9999,-9999,-9999,-9999,-0.00460188704001306,-0.000782282024110977,0.00123685663703443,0.00253947313920455,0.00274425940722689,0.00281550210707349,0.00201066004370642
524,"NPL","Nepal",0.0201933792857678,0.0194247383298645,0.0179490731162129,0.0136348791861443,0.00861487938094485,0.00609233144425803,0.00464823227443412,0.00470820890325374,0.00560242621666651,0.00898840319447536,0.0138580735004425,0.0190689201862344,0.0248080692398318,0.0273970262150836,0.030002417397859,0.0327397513976648,0.0328835142381256,0.0328101015818032,0.0299367136935151,0.0283492989919267,0.0264719858022
528,"NLD","Netherlands",-0.00243167309917659,-0.00911334528153479,-0.0188296471728712,-0.0269691744073287,-0.0179902963133285,-0.00692921959972458,-0.000713911994073054,0.0111859730287542,0.0168449139573719,-0.00403349746324374,-0.0228082898813236,-0.0450005709045122,-0.0724669798940014,-0.0744515696002379,-0.0623241853368268,-0.039236759737736,-0.0134196921164621,0.0139292892951475,0.0390087466266,0.0321334203785422,0.0229149371697577
540,"NCL","New Caledonia",-8888,-8888,-8888,-8888,-8888,-8888,-8888,-8888,-8888,-8888,-8888,-8888,-8888,-8888,-8888,-8888,-8888,-8888,-8888,-8888,-8888
554,"NZL","New Zealand",3.37390741682597e-05,0.000929186324001963,0.00142518590455554,0.00355203527468539,0.00536768258164222,0.00549319735791221,0.00767119108556513,0.00702018712602759,0.00534160251949101,-5.0984337225996e-05,-0.00571947530236555,-0.0150797155194019,-0.0225292517167364,-0.0182592376278496,-0.0108987197036989,-0.00640197833819785,-0.000803269969710252,0.0024457105390967,0.00567058520492369,0.00666128976757507,0.00585431652735346
558,"NIC","Nicaragua",0.000682780661369176,0.0132482223879611,0.012752865745471,0.0196793221495721,0.0331550285158408,0.0383235822376902,0.0414623772461031,0.037810145558212,0.0333506051525148,0.0242671876179146,0.0211022580069902,0.0177371645516908,0.0168876066634709,0.0211994481893065,0.0266762789867789,0.0292870133013525,0.0352499685505137,0.0385283591057559,0.0375987979397649,0.0314399594725259,0.0270266565438755
562,"NER","Niger",0.0406719056524287,0.0403022318661865,0.0406878672630233,0.0410888653499843,0.0409922669956344,0.0404877616961006,0.0412038280154703,0.0418632435327155,0.0416070152772845,0.0428876210011884,0.043877186051333,0.0410150708438006,0.0381857237240715,0.0370709542766865,0.0367241689910107,0.0367661972228508,0.037403718342057,0.0389838256652881,0.0412596961434164,0.0446367108048267,0.0475967316723398
566,"NGA","Nigeria",0.0272197450064815,0.0277771704682948,0.0274780331936073,0.026278049522334,0.0263409860554387,0.0249027782563163,0.0249224460831876,0.0239705817543734,0.021379577872521,0.0209964446691682,0.0182533368414368,0.0187356171423072,0.0195108508916326,0.0201147358005631,0.0221991777941024,0.0228864546860206,0.0250951906267771,0.0288669166494959,0.0305749195602218,0.0308191764207835,0.0267452708489124
570,"NIU","Niue",-8888,-8888,-8888,-8888,-8888,-8888,-8888,-8888,-8888,-8888,-8888,-8888,-8888,-8888,-8888,-8888,-8888,-8888,-8888,-8888,-8888
408,"PRK","North Korea",-8888,-8888,-8888,-8888,-8888,-8888,-8888,-8888,-8888,-8888,-8888,-8888,-8888,-8888,-8888,-8888,-8888,-8888,-8888,-8888,-8888
807,"MKD","North Macedonia",-0.0144892262033613,-0.0181318655077218,-0.0319545571404142,-0.0748335144098288,-0.106570961148451,-0.0902075864407433,-0.0703800618012307,-0.0441336417222507,-0.0218279756264287,-0.0101585956206846,-0.00474796791866063,0.000219259057974819,0.000196317471042651,-0.00957992418442105,-0.0183748588974635,-0.0134616366209627,-0.00947590678467822,-0.00150301078785807,0.0028840334574376,0.002693411015944,-0.0017033401382914
578,"NOR","Norway",0.00196116303138982,0.00406152542987903,0.00521237880575254,-0.000629049131740677,-0.0032808094013773,-0.00520472351926212,-0.00431726001272513,-0.00789290939451879,-0.0162936121465946,-0.0273333033723731,-0.0408345490244798,-0.0496054413671759,-0.051948074831739,-0.0473615551439329,-0.0373171186875587,-0.0230516868107629,-0.0074183610779751,-0.000126529212642629,0.00475387882921563,0.00573270644963664,0.0012675821449919
512,"OMN","Oman",0.0382276480774444,0.0319360111116549,0.0308355099700715,0.0299867719517142,0.0285497257701974,0.0294048491241545,0.0313226669945965,0.0341382520769173,0.0361206242753063,0.0382021872849816,0.0382882473028174,0.0368743286837352,0.038034996442994,0.0394755126699549,0.042910942762016,0.04522030878983,0.0464790062232008,0.0479506411454731,0.0480045750517948,0.0470310345860487,0.0422975107674217
586,"PAK","Pakistan",0.0346476181116859,0.0334588872729424,0.0295442333829277,0.0277665081861374,0.0253872844552354,0.0238315435739973,0.0269355150455284,0.0285594893025942,0.0291222325605138,0.0288239936068282,0.0325935211775603,0.0329605998663134,0.0312416377619211,0.026635392521873,0.0246345096881202,0.02182151312347,0.0206552411816132,0.0219972322911615,0.0254584636027988,0.027623848421571,0.0318144184595452
585,"PLW","Palau",-9999,-9999,-9999,-9999,-9999,-9999,-9999,-9999,-9999,-9999,-0.0230329458046755,-0.0011338211105464,0.031733587448497,0.0584214064717408,0.0527330960658119,0.0288206800045938,0.0113175315371064,-0.0111435409803767,-0.0481243045774401,-0.0872540421435453,-0.083610631896499
591,"PAN","Panama",0.00237837513543648,-0.00250971892055167,-0.00164477590678866,0.00199220205791684,0.00804774667093255,0.00945000267636908,0.0105652256910054,0.0149453121670025,0.0120472501171134,0.0131373686553253,0.0123775334471936,0.00960925969263426,0.0116148545891468,0.0148143976902597,0.0197062051906911,0.0170460979289215,0.0131330810375561,0.00836762920707601,0.000826110061685315,-0.0069027060168199,-0.0128785003355728
598,"PNG","Papua New Guinea",0.0175075894553864,0.0205061669126518,0.0226305794478261,0.0246566323616548,0.0242780937312066,0.0230998161835005,0.0217559486660817,0.0184535552596636,0.0143108456065897,0.00686327787790897,0.00102828358118812,-0.00380256927290766,-0.0121456657852045,-0.0127241833611549,-0.0111241117143656,-0.00308472998243494,0.000435077762516833,0.00188738214834872,0.00258139889347841,0.00434396963061356,0.00426433695267847
600,"PRY","Paraguay",0.0182006475885921,0.0138421499069867,0.0132774804140556,0.0101730989675457,0.0145468210618265,0.0130164531363968,0.0185301697881792,0.0182411522418124,0.0241215130652208,0.0226503759296142,0.0226726202703806,0.0194131953429575,0.025082020847963,0.026957151617317,0.0362723639728497,0.0362555454290223,0.0351362997051154,0.0309829419002792,0.0367503032561127,0.0283861039361246,0.0200440946266773
604,"PER","Peru",0.0287756661091318,0.0330287715822104,0.0317168003799659,0.0282056267960955,0.0243227946886901,0.0204292106082167,0.0182332555447966,0.0166449627588929,0.0162901243826661,0.0138173966717068,0.0159055622725368,0.0174784119901712,0.0176425600209447,0.0176992824198621,0.017067938216065,0.0144730056034275,0.0119948127628917,0.00967739708007098,0.0106978757944538,0.00651284473692981,0.00756614819808288
608,"PHL","Philippines",0.0303831795790066,0.0315843294782228,0.0268982589740663,0.0201554529211336,0.0183394190397905,0.0178519820826957,0.0139165576134628,0.0103848035361229,0.0127941147192983,0.00572105384434574,0.002674181373991,0.00381316557082978,0.00234860647051449,-0.00322107093747734,-0.000735903233191851,0.00615174728464551,0.00907101243317809,0.0114238359489875,0.0195167046938733,0.019020629290593,0.0180969923428969
616,"POL","Poland",0.00215808825320507,0.00392507735584258,0.00392032540918907,0.000513708337435581,-5.85260376517361e-05,-0.000396106732603752,0.00200898755875345,0.00432798711752791,0.0100681089674044,0.010718209310965,0.00817262960690357,0.0077229144005051,0.00631082233966151,0.00451667406222644,0.00214511861603084,-0.00137269695470431,-0.00284498530236286,-0.00111222882578091,0.00205314835613901,0.00339867674353722,0.00279637271820787
620,"PRT","Portugal",0.00269605251068916,0.00485344152122624,0.000898093884124318,0.00214854417347876,-0.00221515624279402,-0.00679133320720554,-0.0129987444179048,-0.0222664540848014,-0.0250581125947674,-0.0249584559080176,-0.0265303185164765,-0.0224719159051956,-0.0335329652175024,-0.0204242014164788,-0.0129514243498106,-0.00599489578848829,-0.00236515687560534,-0.00277937898731479,0.00039373723629299,0.00230872260675818,-8.86795234695891e-05
634,"QAT","Qatar",-9999,-9999,-9999,-9999,-9999,-9999,-9999,-9999,-9999,-9999,0.0661336963332246,0.072512855287459,0.0692085191597323,0.0736558083188554,0.0734193278577757,0.0726037756767357,0.0683226918831139,0.0649284856840764,0.0638744659581931,0.0642839241086375,0.0620583859528605
178,"COG","Republic of Congo",-0.105289027734855,-0.130329831375886,-0.12750056240588,-0.0813941248805372,-0.0112488286084406,0.0346063879825353,0.0886826720967842,0.104701177031372,0.106973467877304,0.103601810902727,0.0899620895953062,0.0674989247397972,0.0412355131446207,0.0208915799739837,0.0187320723952489,0.0104652699843604,0.0147406899472982,0.0203393085405714,0.017544655629703,0.0150377182199808,0.00821504862045264
642,"ROU","Romania",-0.0457012406154875,-0.0442942510021936,-0.0496082963142001,-0.0495572726823542,-0.03980271558208,-0.0253553205451486,-0.0128737370600363,-0.00712051772491432,-0.00051463754160521,0.00414365307830278,-0.0014843888099032,0.0042438019639599,0.00741788730234338,-0.00114089096224078,-0.00438227587038689,0.000599342552208171,0.00271943667189722,0.00249212642735963,0.00335657087102081,0.00594138489894003,-0.00526730660031378
643,"RUS","Russia",-0.00687129984966004,-0.0163669660487602,-0.0229520974682376,-0.0243990044805298,-0.0165737182072809,-0.0105197042324359,-0.00350472846989359,0.00252510169423736,0.00652459947318551,0.00762946444241486,0.00631139051985241,0.00493069595750684,0.00888945779804584,0.0110835428294109,0.0136332103981522,0.0132837816618663,0.0127884407947463,0.0112750031151487,0.0103354483304712,0.0108621438594811,0.0114298287632986
646,"RWA","Rwanda",-0.000996750199967101,0.00440744664467241,0.0170626201081456,0.0291147525617994,0.040696522743725,0.0507050428808435,0.0500166472954091,0.0516274727462878,0.0544752715417616,0.0566382529885201,0.0595344090895764,0.058348876543622,0.051807646020523,0.0445602088335975,0.038309578727717,0.0302796896724149,0.029460598243003,0.0269789529097129,0.0251337914113896,0.0220527251966787,0.018545996858105
652,"BLM","Saint Barthelemy",-8888,-8888,-8888,-8888,-8888,-8888,-8888,-8888,-8888,-8888,-8888,-8888,-8888,-8888,-8888,-8888,-8888,-8888,-8888,-8888,-8888
659,"KNA","Saint Kitts and Nevis",0.0389513379546909,0.039860948105451,0.0408555333770382,0.0181478197201428,0.00834263019411918,0.000956199490445009,-0.0153821404277556,-0.0434814892217212,-0.0574037341800171,-0.0562274345620355,-0.0408791247304782,-0.011558131400187,0.0131935193396915,0.00751570678661695,0.0027450915579994,0.00104790067876559,-0.000615780346900155,-0.0112871094607037,-0.0471401485317707,-0.0710493787255947,-0.0667903375938151
662,"LCA","Saint Lucia",0.0317613844951092,-0.00795113360004419,-0.0508353790619649,-0.137202525947162,-0.209732386301849,-0.232250347718071,-0.20870737259585,-0.148536419945773,-0.0620130575189967,-0.0465228925817435,-0.0262044603664039,-0.0025726488869721,0.0260203815930373,0.0265930857625216,0.0268440391227647,0.0304284000670758,0.0327610815272326,0.0277733341229474,0.0146693055921787,-7.48096894284076e-05,-0.00706155866475846
670,"VCT","Saint Vincent and the Grenadines",0.0267936338686874,0.0262375714912433,0.0240286750489425,0.0218588026894095,0.013950529210242,0.0136131853202308,0.0148828283908966,0.0117626713154004,0.0107261278988726,0.0125784897984684,0.0238322718462445,0.0224889862993947,0.0217118317020413,0.0225046507708002,0.0145751134108087,0.00967265363029712,0.00508821279861982,-0.00175933853331607,-0.0277621867738333,-0.0517475368260939,-0.0405715376721056
882,"WSM","Samoa",0.00776590453041659,0.00898424149668808,0.0135736390987158,0.0148328246263469,0.0171373963480732,0.0197005551376859,0.0202630508355515,0.0189538329098333,0.0140182735520664,0.00889182061989269,0.00821163631465649,0.00900677065920896,0.0155862533079811,0.0201563668702063,0.0254224817673967,0.0321300551877466,0.0414906121243392,0.0474618091026,0.0455385981328797,0.0398854509678159,0.035958298126846
674,"SMR","San Marino",-9999,-9999,-9999,-9999,-9999,-9999,-9999,-0.0192172853395246,-0.0483573022242297,-0.068906635615649,-0.0785298104815362,-0.0739202360818832,-0.0518155420338052,-0.0323826112363342,-0.01784309997834,-0.0110257738850292,-0.00442343029806513,-0.00196305548107995,0.00252510343097812,0.00429232910852528,0.00267650375253603
678,"STP","Sao Tome and Principe",-9999,-9999,-9999,-9999,-9999,-9999,-9999,-9999,-9999,-9999,-9999,0.0436738115061885,0.0384546795803256,0.0352361073022676,0.0356083673559375,0.0352273345603167,0.0348480132480196,0.0324740895656066,0.0328721135144736,0.0321935405789353,0.0322066038470106
682,"SAU","Saudi Arabia",0.00780670757156199,0.00831533907614102,0.010013905278027,0.0144223960357617,0.0187897576281071,0.0232784662631789,0.0202503250790527,0.0181220096796428,0.0177967988895593,0.0139385211993766,0.00857350659239864,0.00673018274756032,0.00798716245044906,0.0103539649764888,0.0154818884108927,0.0219255500552236,0.0276989447755538,0.0317062110443591,0.0337939685730548,0.0285899034112413,0.0246714596506341
686,"SEN","Senegal",0.0157824808549258,0.0207314930508684,0.0194283767998593,0.0126317843483517,0.00177940937160215,0.00063030175773493,0.000446803250832017,0.00372588286588038,0.000671741109608215,-0.000835834720702054,0.00248391891961841,0.0151584049876021,0.0236658023512473,0.0215442447287133,0.0140184873617402,0.0116625320582178,0.0096163763657473,0.0141152688811412,0.0136252445308596,0.0131203215379649,0.0143420991315937
688,"SRB","Serbia",-9999,-9999,-9999,-9999,-9999,0.00265195404253737,0.00661198158534892,0.00883360438077085,0.0209971350997786,0.0201390375104562,0.0207137543545948,0.00691068437763365,0.00138146479724255,0.000544297934407245,-0.00667642592363643,-0.00738951346939282,-0.0152938872478621,-0.0185431285551109,-0.0187181461977608,-0.0398427407239463,-0.0318159434390027
690,"SYC","Seychelles",0.0214225965950936,0.0321079982299679,0.0460578688253643,0.045395152375874,0.0424256551469182,0.050229101984981,0.05224186197945,0.0492404639094604,0.0366324548509946,0.0193283474763624,0.00120795220950098,-0.0107760004334654,-0.0304793535672978,-0.0543295094912066,-0.0883674263941481,-0.0668019181531987,-0.0427180841463754,-0.00599903267185177,0.00483861036195599,0.0169697264865472,0.0212089665523587
694,"SLE","Sierra Leone",-0.0317666195707774,-0.0389064984646299,-0.0369347714238152,-0.0253631579676624,0.000999783456192116,0.0536169863014428,0.102923252830651,0.135516950481787,0.150449451901027,0.130241255221604,0.104247092271531,0.0563053398170537,0.0280647879505329,0.0127363960520972,0.0102756817599601,0.0141389325530412,0.0151388958598464,0.0331675153358129,0.0455577840891488,0.0305395959699495,0.0189367352354959
702,"SGP","Singapore",0.00136619205603394,0.0685873867049913,0.148735006929321,0.0993533587454254,0.0935268854844997,-0.012890349955348,-0.142761340625972,-0.24638535809419,-0.293887656799499,-0.32102124753796,-0.363729377634478,-0.188464432582033,-0.0182587454471674,-0.115421081015125,-0.164813662800217,-0.195838457362923,-0.234867627063843,-0.235938643327272,-0.199379998251298,-0.159903561888526,-0.117762916764146
534,"SXM","Sint Maarten",-8888,-8888,-8888,-8888,-8888,-8888,-8888,-8888,-8888,-8888,-8888,-8888,-8888,-8888,-8888,-8888,-8888,-8888,-8888,-8888,-8888
703,"SVK","Slovakia",-9999,-9999,-0.00426534516708963,-0.00371249038614777,-0.00892957910855207,-0.00467291646918773,-0.00209608120004454,0.00666230262586498,0.00975804860680585,0.0115314764222831,-0.00116602305961696,-0.00688852526693698,-2.57261757612667e-06,-0.000445499925719432,0.00342147089773026,0.00992096751151661,0.0136693558609553,0.0208756379321642,0.0212673288173166,0.0217293146057904,0.00951929621807079
705,"SVN","Slovenia",-9999,-9999,-9999,-9999,-9999,-0.00171794754535122,-0.00475939615127526,-0.0147855474949961,-0.0151009746843505,-0.0120157353850519,-0.0152905010989459,-0.0128517815872716,-0.00792116919141946,-0.00546800153585575,-0.00238221617769707,-0.00124131241083458,-0.00171864043097758,-0.000861345021936465,-0.00112989420408331,-0.00105759125541273,-0.00128066084343917
90,"SLB","Solomon Islands",0.0166454289954052,0.01465504244558,0.0131219380426133,0.0116617497078115,0.0106594444082357,0.0087314675029766,0.00941107322859169,0.0108772521261695,0.0125957562512109,0.0143783932523842,0.0142245702097519,0.0124071156257972,0.0132339868494251,0.0129144299881354,0.0135715995805508,0.0139968470817706,0.0141920963724693,0.0130296629626272,0.0154110431883538,0.0168627394798513,0.0158863275825254
706,"SOM","Somalia",-8888,-8888,-8888,-8888,-8888,-8888,-8888,-8888,-8888,-8888,-8888,-8888,-8888,-8888,-8888,-8888,-8888,-8888,-8888,-8888,-8888
710,"ZAF","South Africa",0.0216067168805993,0.0137857313131968,0.00509128458071273,0.00431842740227273,0.000656323109351487,-0.00429273251996946,-0.0120795223115143,-0.0137212625689612,-0.00895693852541666,-0.00678734869137589,-0.00642342083595425,-0.0108257319320733,-0.0157272064014233,-0.00823119628720887,-0.00663736098312594,-0.00242202335795695,-0.00289568642284772,-0.00988044049704781,-0.00676850300661136,-0.00830062800295617,-0.012047163226724
410,"KOR","South Korea",0.065409088060582,0.0497679431347786,0.0365268771791163,0.0164546799534553,-0.00523282856805686,-0.0271200508373086,-0.0439811418726574,-0.0625456057504331,-0.0604594494543236,-0.0501103586839322,-0.0378985127473303,-0.0254225672116024,-0.0042162401298431,-0.00126597669386021,-0.00484760660153011,-0.00487050448840802,0.000215763146473646,0.00354431820581325,0.00642598900643288,0.00653569855811953,0.00501716107684791
728,"SSD","South Sudan",-8888,-8888,-8888,-8888,-8888,-8888,-8888,-8888,-8888,-8888,-8888,-8888,-8888,-8888,-8888,-8888,-8888,-8888,-8888,-8888,-8888
724,"ESP","Spain",0.0139358994356618,0.0201925787050843,0.0227022398153727,0.0181869140616677,0.0156361742118238,0.0114410026899054,0.00159214419007125,-0.00314918665346043,-0.00935990421253626,-0.0214794394286216,-0.0310535611879263,-0.0312699973558063,-0.0319529917847482,-0.0309706594145613,-0.0190353724680936,-0.00945851695557783,-0.00417269447228611,-0.00147485611298349,0.00471295674332284,0.00562972799942396,0.00464201688731714
144,"LKA","Sri Lanka",0.0142244375090941,0.0155528299924146,0.0125433275776434,0.0153808029964937,0.0147370551517736,0.0169328853190052,0.0206638663571579,0.0198635002643663,0.0165764399062078,0.0175307856805473,0.0171261809907175,0.0147701159429032,0.0158016528074176,0.0168173419459343,0.00610368611329459,0.00824681032085461,0.0144772370558472,0.00432872392425132,-0.0119059038704126,-0.0258950689234742,-0.036290335730305
275,"PSE","State of Palestine",-8888,-8888,-8888,-8888,-8888,-8888,-8888,-8888,-8888,-8888,-8888,-8888,-8888,-8888,-8888,-8888,-8888,-8888,-8888,-8888,-8888
729,"SDN","Sudan",0.0508958432076974,0.0456430884833887,0.0376538394383243,0.0321676712951169,0.0288939622408169,0.0268447616313654,0.0244269633530663,0.0212985867917908,0.0188455261842575,0.0158050863468879,0.0133630096130419,0.0112984560653824,0.00667576171142414,0.00628268150129174,0.00812546471856912,0.00891209232749501,0.0109841838396263,0.0131861767421269,0.0146160808730296,0.0151062602659691,0.0146060570876199
740,"SUR","Suriname",0.0181851914486002,0.0189818311226797,0.0175644513938793,0.019007026843552,0.0161810136723439,0.0218227127056436,0.0185307356183686,0.0243765523962145,0.0216544083499166,0.0286889415177618,0.0318059758778833,0.0328241931823221,0.0302859851782133,0.0270993692694605,0.0146373182562685,0.0198579264981209,0.0154716624412181,0.0146727742849329,0.00764579144460531,0.00336308618710524,0.00577974087711008
752,"SWE","Sweden",-0.00205452219303414,-0.00302077678558675,-0.0126525061039011,-0.020286242418606,-0.0222516992360463,-0.0234519657979021,0.0262131580426466,0.0641150073364423,0.0913149616296851,0.102229389779091,0.097082374119112,0.0892245869650157,0.0675678812996303,0.0338215673484412,-0.00483538748521902,-0.0768816404653034,-0.0735682196667871,-0.05543699534722,-0.0317629445196427,-0.0332088261692752,-0.0397292169570639
756,"CHE","Switzerland",-0.0182416154240341,-0.0221520379251886,-0.0221786303361119,-0.0248024584997155,-0.028411326616756,-0.0294308146991408,-0.0256827191253461,-0.0201823586013285,-0.0185778804147692,-0.0109203803796367,-0.00750692722410129,-0.00496784266324059,-0.00310788855156898,-0.00575944184486307,-0.00734852169751168,-0.00954682298364126,-0.0100328007651864,-0.00868749621113913,-0.00956592953057121,-0.00896236300540018,-0.00802735838940847
760,"SYR","Syria",0.0260191586860725,0.0265488791102364,0.0186074485499752,0.0152702198639518,0.0127260795729951,0.0133046602880904,0.0211208891899894,0.0300732719892749,0.0357826969514865,0.0380366902663634,0.0332168424127501,0.0173516516909797,-9999,-9999,-9999,-9999,-9999,-9999,-9999,-9999,-9999
158,"TWN","Taiwan",0.0300419040085576,0.0274600455182796,0.0301643397814659,0.0485901684385601,0.0583260616737633,0.0651560611958379,0.0699200062588148,0.0702056016750021,0.0652182294566837,0.0507572878321028,0.0314716898165721,0.0124277811364764,-0.00523600676932083,-0.00493061348384784,-0.0116832273776657,-0.0173597710391533,-0.018645478420496,-0.0100482323934997,1.51748443499855e-06,0.00235889526095279,0.00187986436810883
762,"TJK","Tajikistan",-0.00830878042342108,-0.0196407638600601,-0.0259834846736208,-0.0305128517398229,-0.0343845423562418,-0.0216318597377151,-0.00366853113637039,0.0126366105536,0.031322048715857,0.0491768593255926,0.0587428789132245,0.0622642968967762,0.0619377659744569,0.0632673106477097,0.0606921015806907,0.0569569624351334,0.0506070087159298,0.0457656934590436,0.0379457810855857,0.0337787620207188,0.0312968492031274
834,"TZA","Tanzania",0.0138237890163426,0.0111084447304159,0.0099303488688518,0.0136612892378758,0.0211222976766621,0.023777051385113,0.0313861417679662,0.0274217559557572,0.0250750855752242,0.0256654926273852,0.0267128622679065,0.021796071666963,0.0165311419655552,0.0173262435063075,0.0236282413806246,0.02610196111525,0.0310142574490488,0.0280604484894094,0.024579936699799,0.0203749643427702,0.0164504620747521
764,"THA","Thailand",0.0140056519084033,0.00710584870815123,0.00263417536164234,0.00309754825844144,0.0109110356378868,0.0172619112636756,0.0181148943656435,0.0192916549915123,0.0285196700040697,0.032247739708436,0.0397173001246895,0.0419932324145096,0.0415099507652903,0.0408852545539111,0.0414885188498628,0.0364108510297543,0.0225239349707189,0.00884173004056188,0.00690813751953057,-0.00122260975321196,-0.00277387519841531
626,"TLS","Timor-Leste",-9999,-9999,-9999,-9999,-9999,-9999,-9999,-9999,-9999,-9999,0.0179859294702782,0.010390704278163,0.0113958976072441,0.0168746793297128,0.0178667033102973,0.0178598905307388,0.0239510017400619,0.0288108897658506,0.0258420024464401,0.0227626354125985,0.0206577201655318
768,"TGO","Togo",0.0121883748797575,0.0239036068788938,0.0262084470811932,0.0296467206740809,0.0324565637071219,0.025486987443871,0.0309957328141097,0.0242578725004323,0.0146866907144942,0.0196363655504677,0.0205964920568764,0.023609776253857,0.0278970473598008,0.0272730549906897,0.0324218432303569,0.0231041993491796,0.0392929669557129,0.0423394815487645,0.0339669885100955,0.0265352051193841,0.0226270766341983
776,"TON","Tonga",-0.000491710345999477,-0.00444390046810572,-0.00905292279858511,-0.00943746525511602,-0.00630209385262633,-0.000414598391419886,0.00157071278867682,0.00366322075766345,0.00337261027317104,0.00334095187439476,0.00308340644865157,0.00116622130824262,-0.000215364994511887,-0.00129756127641439,-0.00149205403687081,-0.00173036531255135,-0.000296782538864142,0.00145612487393354,0.00134224967989693,0.00149440986204041,0.00164659316586979
780,"TTO","Trinidad and Tobago",0.00667429938968667,0.0155672145281913,0.0191630406066816,0.0335968860023041,0.0359916434007994,0.0366642835894959,0.0370608098459535,0.0416149328807367,0.0439002807392417,0.0413518382558258,0.0356675639014019,0.0355539987972466,0.0257729924565409,0.0259056861378064,0.0211351214071773,0.0195695412381189,0.0179079896639891,0.0137559183969802,0.0113165427122566,0.00690620801909914,0.00597536619011785
788,"TUN","Tunisia",0.0126919064283952,0.0148807490144893,0.0211035337549683,0.0217392402516232,0.0236496482130721,0.0178229936168965,0.0128195849927204,0.0147238861415191,0.0113876649336797,0.00889956032791983,0.0118249066665275,0.013810508011334,0.0146942110461459,0.0117239153208617,0.00542084212280836,0.00393461670265305,0.00304802743325294,0.00416173526679797,0.00407753927806165,0.00164602389430013,0.0047152416976326
792,"TUR","Turkey",0.011701191140578,0.011610670605495,0.00390980222486292,0.00146662502760053,0.00288028359837789,-0.00230906080018231,-0.00591698205733355,-0.00290344004729871,-0.00364397261189521,-0.00253058307142816,0.00350879920658809,0.00783652423440873,0.00580051158574757,0.0258517653384074,0.0448153915026821,0.0600409572227425,0.0676597229201865,0.0755623488616632,0.0753808912290539,0.0658746982178644,0.050439973230582
795,"TKM","Turkmenistan",0.00216358360311175,0.0182626559256149,0.0335388363984355,0.0447840745030694,0.0673442359204781,0.0852315215825992,0.0953597888352333,0.10667856517296,0.0904794563259463,0.0784734567067018,0.0629927908512433,0.0497353666010789,0.0295045325634049,0.0178791138172392,0.0117981606673492,0.00574093088646932,0.00101675229722842,0.00643339039509527,0.00400702023778843,0.00443142309610622,0.00575575638277526
796,"TCA","Turks and Caicos Islands",-8888,-8888,-8888,-8888,-8888,-8888,-8888,-8888,-8888,-8888,-8888,-8888,-8888,-8888,-8888,-8888,-8888,-8888,-8888,-8888,-8888
798,"TUV","Tuvalu",0.00871427419667969,0.00391178844190532,0.00329998197877113,0.00714285535768333,0.00860366752582542,0.00910448249579554,0.00864386927106131,0.00735698838456678,0.00815138566120011,0.00798007566483094,0.00984095339236246,0.00775952219891463,0.00613368519340085,0.0080148360722696,0.00897996303016324,0.0102585043962289,0.0103436108103105,0.00952058018110757,0.00912525251626972,0.00783473359859155,0.00722755319174162
800,"UGA","Uganda",0.0213142142738243,0.0204981552092245,0.0200806847460091,0.0199049752416671,0.0237934892356864,0.023435998589644,0.0268068607412844,0.0207536867566558,0.0232763422801499,0.0399565556933219,0.0478248869660804,0.0544114553814856,0.0549928275051541,0.054846894076888,0.0546256396751774,0.0487882265044894,0.0457693087159601,0.0328399934544943,0.0234733811312715,0.024405379382433,0.0221049636724029
804,"UKR","Ukraine",0,-0.00622815944804905,-0.0127758692829258,-0.0158586591808519,-0.0240630365061732,-0.0293797078703248,-0.020433733484408,-0.0108286471238897,0.0033303367473243,0.0121073051060014,0.00737694213098639,0.00700706724122013,0.0137473966572228,0.0206786368125615,0.0239609555221174,0.0204735364847648,0.0108243243337312,0.0069773832769382,0.0072635182141283,0.0113035466230429,0.00754452361520142
784,"ARE","United Arab Emirates",0.0504420488713233,0.0422473267451284,0.0399312988282243,0.0401758611422771,0.0414215470594999,0.0432456254780484,0.0465942527576664,0.0489718572518685,0.0503172031812191,0.0532344897369159,0.0538566555580184,0.0498859557941473,0.0450358680079377,0.0421877386140876,0.0412758211744471,0.0379466161845454,0.0348945036346573,0.0304566751754571,0.0267604831309523,0.0246851850879881,0.0259719549441761
826,"GBR","United Kingdom",-0.0632372970275736,-0.0763169717226376,-0.0831195578151162,-0.090760772768946,-0.102732698158727,-0.09989097211536,-0.0990099746037431,-0.0887066118018332,-0.0696483505949252,-0.0429287211746565,-0.0394608759810467,-0.0340259229891354,-0.030196025015095,-0.025264020526407,-0.0190689063474375,-0.00851871659969124,-0.00289027694590697,-0.000875577217965384,0.00180126586246931,0.00312112457025471,0.00213354585720116
840,"USA","United States of America",0.0106051679460446,0.0083393749613383,0.00342463143501925,-0.000740881429930587,-0.00563187694376237,-0.00840479953831977,-0.012002764420877,-0.0116146392062508,-0.00706919068335277,-0.00625739967109459,-0.008296473895909,-0.0064832253243743,-0.0066258869329412,-0.00853717607578446,-0.00637377047281348,-0.00372223191388243,-0.00250337843687968,-0.000428795003152835,0.00213148331264978,0.00327185129843466,0.000175729914490441
858,"URY","Uruguay",0.00204380675038074,-0.00745234053177964,-0.0147116338265829,-0.016087675818155,-0.00973916248898576,-0.00249847115615328,0.00209548413944605,0.0113914095390513,0.0172460939286552,0.0215244098695415,0.0228260423889062,0.0199336385488813,0.0157069490149779,0.0124533587490621,0.0103181408910924,0.00875163679605628,0.0038113199018428,0.00378756873317232,0.00161768025891917,-0.000712931699180545,-0.00298057941358913
860,"UZB","Uzbekistan",-0.0012750554991954,0.0158249484497643,0.0379785217701623,0.0407411244510454,0.0363279224043704,0.0256046389020426,0.0149558317900635,0.00026511727541001,0.00664748255264302,0.0144877414036297,0.0235368084929783,0.0313342773172463,0.0366826885367726,0.0406776221449665,0.0446458061866957,0.0437885394927107,0.0424452029786986,0.0419996478996505,0.0391932186568194,0.0358686141037159,0.0325890921984697
548,"VUT","Vanuatu",0.0184490602747507,0.00910949069098854,-0.00234018137727618,-0.0108302858773659,-0.0142213414653549,-0.0136113428203549,-0.00958241273849828,-0.00371580922370723,0.0109245389732553,0.0241958498231334,0.0319805252480456,0.0354866693792835,0.0347820513562194,0.0311756625883961,0.0270916684368081,0.0220112926171798,0.0154952020068879,0.00689720810653793,0.00887992350048061,0.0114356185005036,0.00925804592137558
862,"VEN","Venezuela",0.00184200809355572,0.00441977271835658,0.0105158856636023,0.0145201805836077,0.0182345522936762,0.0213098695326956,0.0264330004076962,0.0256045195003243,0.0249138508083477,0.025580822982864,0.0214647155616734,0.0142506411954861,0.00737063442887709,0.00585038872680554,0.00555179175914544,0.00452993282963443,0.00420970860257097,0.000738222529945709,-0.00140140185556622,-0.00116017735049968,0.000753662259269872
704,"VNM","Viet Nam",0.059725282856915,0.0577855917047565,0.0513614206394251,0.0424141162959206,0.0348527325535557,0.0345127115539283,0.0273847897265056,0.0219906992316878,0.0173264219489133,0.0100848237608597,0.0178503704695916,0.0208769107718536,0.0137111063533304,0.0107166628061952,0.016354107178689,0.0195296078374458,0.0249764851415413,0.0249334081499499,0.0271493203750766,0.020131980634766,0.0251629071261197
876,"WLF","Wallis and Futuna Islands",-8888,-8888,-8888,-8888,-8888,-8888,-8888,-8888,-8888,-8888,-8888,-8888,-8888,-8888,-8888,-8888,-8888,-8888,-8888,-8888,-8888
732,"ESH","Western Sahara",-8888,-8888,-8888,-8888,-8888,-8888,-8888,-8888,-8888,-8888,-8888,-8888,-8888,-8888,-8888,-8888,-8888,-8888,-8888,-8888,-8888
887,"YEM","Yemen",0.0316356288102353,0.0366777283198203,0.0391070223170547,0.0403205199137673,0.0419991356523097,0.042001377364308,0.0399237941438089,0.0369994004438923,0.0373372688440936,0.0375187801343351,0.0336535667721047,0.0296777969876239,0.0249820186471266,0.0187248562735178,0.0171025670541223,0.0162810285987227,0.00972688150326828,0.00412170844484794,0.00187503035248593,-0.000915723680452345,-0.00125035659001194
894,"ZMB","Zambia",-0.0113827464170248,-0.0173008284279284,-0.0196722936652194,-0.00795965050444536,0.00437894904732583,0.0135716906732428,0.0224420589143965,0.0198281894575218,0.0180329286479404,0.0188062474692132,0.0123835123861242,0.00711794319111436,-0.000151189959316404,0.000952257617509389,0.00693703456956518,0.0113424420963697,0.0184964557462051,0.0177223242763687,0.0150741631272955,0.0104410386110023,0.00369750231271593
716,"ZWE","Zimbabwe",0.012803682953652,0.0201196127935424,0.0223533870744779,0.0178551283447295,0.005543249617457,-0.0004453543962263,-0.00241297690166982,-0.0021231704092727,-0.0045897005165443,-0.0061029563317785,-0.00168542258047888,0.00810338317565473,0.0205041617964179,0.020377842220866,0.0156099364857436,0.00689795173940566,0.00270570608391529,-0.0102907223239784,-0.0215602955531313,-0.0306820916598708,-0.0291567504887755
