"code","iso","country","SDA.raw.1990","SDA.raw.1991","SDA.raw.1992","SDA.raw.1993","SDA.raw.1994","SDA.raw.1995","SDA.raw.1996","SDA.raw.1997","SDA.raw.1998","SDA.raw.1999","SDA.raw.2000","SDA.raw.2001","SDA.raw.2002","SDA.raw.2003","SDA.raw.2004","SDA.raw.2005","SDA.raw.2006","SDA.raw.2007","SDA.raw.2008","SDA.raw.2009","SDA.raw.2010","SDA.raw.2011","SDA.raw.2012","SDA.raw.2013","SDA.raw.2014","SDA.raw.2015","SDA.raw.2016","SDA.raw.2017","SDA.raw.2018","SDA.raw.2019"
4,"AFG","Afghanistan",NA,NA,NA,NA,NA,NA,NA,NA,NA,NA,NA,NA,NA,NA,NA,NA,NA,NA,NA,NA,NA,0.281108110023494,0.284587469706575,0.290304431452455,0.278285112288724,0.293993239591445,0.323577601710254,0.327865918336459,0.360217763917606,0.37999464115166
8,"ALB","Albania",NA,NA,NA,NA,NA,NA,NA,NA,NA,-0.115381253391445,-0.0645037985733342,0.0157768310750619,0.053947962803168,0.0785155526131416,0.0907044073288867,0.0904329493731399,0.0721212413762111,0.0174228393944031,-0.057963758677967,-0.119103507744592,-0.156539154434028,-0.179353473286079,-0.179952248506691,-0.178457552705383,-0.157328270058746,-0.169089882481206,-0.159565481160298,-0.122612589261148,-0.0906829381879435,-0.0664169900999569
12,"DZA","Algeria",NA,NA,NA,NA,NA,NA,NA,NA,NA,-0.00123943691960788,0.000366397214112801,0.000213864418842524,0.017911223767336,0.0303405484896735,0.0373543702800903,0.0398186853877018,0.0407198170895999,0.0393930546672407,0.0098812876754526,-0.00924343416653027,-0.0308719462462834,-0.0667642743464017,-0.080141375178821,-0.117438441766528,-0.123642026723228,-0.106952163208356,-0.0802337251007014,-0.0476552844298355,-0.0482203203040486,-0.0336390362251454
20,"AND","Andorra",NA,NA,NA,NA,NA,NA,NA,NA,NA,NA,NA,NA,NA,NA,NA,NA,NA,NA,NA,NA,NA,NA,NA,NA,NA,NA,NA,NA,NA,NA
24,"AGO","Angola",NA,NA,NA,NA,NA,NA,NA,NA,NA,0.00657584216496998,0.0212693461261118,0.0385793512741723,0.0444351422904969,0.0596888014718562,0.06402010275222,0.0569172248946592,0.0635297882452983,0.0682265981180719,0.0692709302627774,0.0894953181395268,0.103356100868127,0.112500850386882,0.116470399651109,0.141880089019784,0.154009535157335,0.140940983937646,0.1312201767114,0.0938989349427126,0.0649253128324487,0.04687310815973
660,"AIA","Anguilla",NA,NA,NA,NA,NA,NA,NA,NA,NA,NA,NA,NA,NA,NA,NA,NA,NA,NA,NA,NA,NA,NA,NA,NA,NA,NA,NA,NA,NA,NA
28,"ATG","Antigua and Barbuda",NA,NA,NA,NA,NA,NA,NA,NA,NA,0.00929124018936767,-0.000178505161469413,-0.00827383487468013,-0.0108750706159354,-0.00386725667932116,0.00255980854063576,0.00623029921979201,0.00946578573958323,0.0196306735064213,0.0330572871837809,0.0485843605112026,0.0637784395236871,0.0426030267206594,0.0359675059819757,0.0311072225632358,0.0231524968776362,0.00933188023158871,-0.00693227538266123,-0.0426152223951114,-0.0758176795627555,-0.0908514247406019
32,"ARG","Argentina",NA,NA,NA,NA,NA,NA,NA,NA,NA,0.00346310296079344,-0.00578072019500241,-0.0170729840658452,-0.0173918133788528,-0.0160483199023854,-0.00605203378010444,-0.00217977453097186,0.000806160059998895,0.0132902484388324,0.0298914897929525,0.0355366823329808,0.0433441403597601,0.043795712148883,0.0356271812066706,0.0197869588530188,0.0105053025935142,0.00366816764847822,-0.0143037710258963,-0.0476063852890515,-0.0550143787953775,-0.0649359247494321
51,"ARM","Armenia",NA,NA,NA,NA,NA,NA,NA,NA,NA,-0.035005579363395,-0.0748375638770183,-0.172732849895729,-0.083012447812208,-0.00590487712583698,0.0225201974880513,0.0534513211751915,0.0725359195178519,0.0717741288034526,0.0657148429230625,0.0521548499748166,0.0331982162193256,0.0127218843486072,0.0171166106838188,0.0273552978696012,0.0286099669228139,0.051210691219735,0.0674974984479246,0.0705427265860443,0.0689778244016448,0.0635416844436516
533,"ABW","Aruba",NA,NA,NA,NA,NA,NA,NA,NA,NA,0.0610589581224064,0.0377007168965728,3.59578218336321e-05,0.000129065073388945,0.000220422296592249,0.000273676099969089,0.00800790777743376,0.00319770629266003,-0.00370862228958502,-0.00544625119401423,-0.0188064124642172,-0.0649005370091865,-0.053689057743506,-0.0460943217908718,-0.0493606139800471,-0.0622318535696181,-0.0905215114105705,-0.160164592509274,-0.159299095212229,NA,NA
36,"AUS","Australia",NA,NA,NA,NA,NA,NA,NA,NA,NA,-0.0681811761503363,-0.0594829870177788,-0.0632733201698071,-0.0462279954126427,-0.0250231407252135,-0.00310287991561263,0.00649037542998765,0.0126389393361948,0.00456541988029313,-1.62507815812249e-05,-0.00144121713024047,-0.00114150903963167,-0.00590020117657919,-0.0107643215700701,-0.0174084767777292,-0.0172865034104156,-0.0281602451367588,-0.0450879601292528,-0.0698950881408309,-0.0722498098371536,-0.0650729557903881
40,"AUT","Austria",NA,NA,NA,NA,NA,NA,NA,NA,NA,-0.155253045211258,-0.145534102813097,-0.125024557413721,-0.11742375581485,-0.101354556092115,-0.103396804944939,-0.0999818400882877,-0.0864166089190871,-0.0860590279829392,-0.102942203035133,-0.136932293545798,-0.158093665709442,-0.166153551187794,-0.163740343263014,-0.143275934470158,-0.124366131025685,-0.102374119386134,-0.0654182150103608,-0.0478512293467952,-0.0400074846684429,-0.050554948321055
31,"AZE","Azerbaijan",NA,NA,NA,NA,NA,NA,NA,NA,NA,-0.00297423482180837,0.00146198913167983,-0.0289205234492729,-0.089538922564488,-0.102697932341842,-0.143847637322135,-0.149016776708355,-0.167337747604188,-0.182003203094804,-0.213750281384383,-0.269349710517541,-0.348428622157611,-0.400402307333002,-0.423797674169219,-0.408710080363023,-0.418542442913058,-0.274671668678639,-0.0918083129615777,0.0155075106405211,0.0695033741016979,0.0903017113489697
44,"BHS","Bahamas",NA,NA,NA,NA,NA,NA,NA,NA,NA,-0.0483910592404818,-0.0533154322404239,-0.0570380023370478,-0.0493411671918961,-0.0479101225128958,-0.0291756234977565,-0.0232425764365928,-0.0183015672559766,-0.0348395630418536,-0.0470785296890588,-0.0139607085422694,0.0357737653696106,0.0271808122453165,0.0325958041009986,0.0339443741886134,0.0373808439528176,0.0306516526378078,0.0196433729690366,-0.0108745627282938,-0.0785883810497715,-0.108079232432177
48,"BHR","Bahrain",NA,NA,NA,NA,NA,NA,NA,NA,NA,0.0913365759584419,0.0687549439689441,0.0415076754555372,0.0225773048595452,0.0247519081208329,0.0249426374759327,0.0422080456809788,0.0755194483706196,0.0943529787685107,0.0969035032422483,0.0843526730927706,0.0675094483647314,0.0490998606502755,0.0276876810230697,0.00577422274342587,-0.0258963369421771,-0.0363361633055085,-0.00448959698629608,0.0120113951555589,0.0207200550429785,0.0208801166867718
50,"BGD","Bangladesh",NA,NA,NA,NA,NA,NA,NA,NA,NA,0.0222375471570793,0.0163973183819772,0.0132964939178657,0.0109156795249923,0.00869811360333617,0.003846726349922,0.0147611880751424,0.0188306987414151,0.0278974788879389,0.0379996470109818,0.0423465287753024,0.0451299016152062,0.0603713113550759,0.0793962539550104,0.0920883135441222,0.0975350434490865,0.106480831961828,0.0971263925328045,0.0897357224606645,0.0920324666380432,0.0843013733638616
52,"BRB","Barbados",NA,NA,NA,NA,NA,NA,NA,NA,NA,-0.0217595088930818,-0.0220909444811201,-6.9157580814734e-05,0.00847199404467358,0.0308836287956886,0.0253561282827985,0.0216610994180189,0.0160713724924129,0.0129520820500402,0.0314436441120394,0.0494904042699964,0.0610744568556265,0.0435046020047216,0.0376412021986938,0.0317328170247106,0.021643953071798,0.00400249024359978,-0.0123839570803909,-0.0401570739779399,-0.0715934711270674,-0.0926347227441452
112,"BLR","Belarus",NA,NA,NA,NA,NA,NA,NA,NA,NA,-0.0212278367841294,-0.0507507096491816,-0.107912920395931,-0.153033996758197,-0.177218134811155,-0.179544075867379,-0.18069716201078,-0.14942474241502,-0.155742383570734,-0.134444070708093,-0.0363153631957425,-0.0267802703533759,-0.0395701619977293,-0.0429439069629242,-0.061988654874568,-0.0756145105545511,-0.0928476594404574,-0.0831579609406704,-0.121872235151105,-0.139119233150829,-0.0611963162128924
56,"BEL","Belgium",NA,NA,NA,NA,NA,NA,NA,NA,NA,-0.147898355434358,-0.16105380830512,-0.162025187995365,-0.156405073912886,-0.142620556671382,-0.125020181243848,-0.116458327276048,-0.108066404442161,-0.103697235381235,-0.117075012559303,-0.155057021471781,-0.198754914241904,-0.236517382654479,-0.267792503319307,-0.286805140120827,-0.278778018056926,-0.246726181009328,-0.201368682253239,-0.161522497276597,-0.126934941631086,-0.0959239340520351
84,"BLZ","Belize",NA,NA,NA,NA,NA,NA,NA,NA,NA,0.0261998631713229,0.0354679979722532,0.0542955034255961,0.032230994570096,0.0172675903469355,0.00355664690988444,-0.010265053056607,-0.0444918272506013,-0.0613044327189221,-0.0826671732216399,-0.0405689137587624,0.0182804022454688,0.041630702819178,0.0399947246545469,0.0382566140813227,0.0317887939417834,0.0208908367916005,0.00865284838257474,-0.0227055813035782,-0.0566788363000498,-0.0833630529916082
204,"BEN","Benin",NA,NA,NA,NA,NA,NA,NA,NA,NA,0.0807827748174468,0.0813282503741064,0.0724009931939438,0.0646409699161012,0.0504587091634905,0.035574664035835,0.0204558962392007,0.0341477503414735,0.0663565693287216,0.0828397817471587,0.0980258118709951,0.104591864936816,0.0961264160907964,0.0831563274469125,0.0687702166577049,0.0697353058712362,0.0705283190074368,0.0797550568470962,0.0889580912904817,0.0899516991032734,0.0911613718856847
60,"BMU","Bermuda",NA,NA,NA,NA,NA,NA,NA,NA,NA,-0.0300106093489597,-0.0259767311720857,-0.0200788265633126,-0.0278589488628081,-0.0201841040888267,0.00603124055792792,-0.00614736844421761,-0.00654680210894142,-0.00652015797214979,-0.0225653861945667,-0.0163527230173944,-0.00440072840760003,-0.0349343744401126,-0.0325365310621974,-0.0302066544904583,-0.0135986569179772,-0.0164684263851734,-0.0159526606952699,-0.0239030799227372,-0.0214087827162009,-0.0274867965604634
64,"BTN","Bhutan",NA,NA,NA,NA,NA,NA,NA,NA,NA,0.0321439485515533,0.026071508763885,0.0188787249555042,0.0154431961786736,0.0104006403257941,0.00492011220447064,0.00125166526894804,0.00317053635493481,0.0106970537657889,0.0242611975340552,0.0337344868923066,0.0342685224256118,0.0496105038787633,0.0648807867005594,0.0798062562839805,0.080992996150459,0.0822357874864503,0.0765665955929131,0.0686299816313465,0.0698338876565727,0.0569726268793322
68,"BOL","Bolivia",NA,NA,NA,NA,NA,NA,NA,NA,NA,-0.00810677840471078,-0.000439116828606216,0.00489845368517061,0.00695500709325625,0.0187381511326308,0.0465546363095788,0.0797324405034632,0.106895096278197,0.0963013692048111,0.089680854396883,0.0717582940080164,0.0711109313452378,0.0675925540002102,0.0885123363357685,0.077115691572339,0.0853102998684283,0.0442119942232124,0.0462627412445211,0.0713259692935095,0.0962309923162232,0.104432545356671
70,"BIH","Bosnia and Herzegovina",NA,NA,NA,NA,NA,NA,NA,NA,NA,NA,NA,NA,NA,0.221191872313946,0.17640400970552,0.12289528880554,0.0569960905045781,0.0467525310370991,0.0498685041398472,0.0406436068477876,0.0370050948330618,0.0382368026183009,0.0331595667456845,0.0271370831980822,0.0157398440716521,0.0054374948559206,0.006568545296747,0.00967092666649139,0.017829342938509,0.0326042719833524
72,"BWA","Botswana",NA,NA,NA,NA,NA,NA,NA,NA,NA,0.0225068148328904,0.019126301132643,0.00757540542468638,0.0078208221336602,0.0132832026713479,0.00996508471219171,0.0192065279225253,0.0167105535940808,0.00427016089761412,0.00523850944284754,0.00543876887230943,-0.00487211621463946,-0.0460710717575408,-0.0540007088373603,-0.0268481016349827,-0.0199728699816199,-0.000957768901720638,0.00864998974638453,0.0168622202717628,0.027805688308969,0.0359343415849613
76,"BRA","Brazil",NA,NA,NA,NA,NA,NA,NA,NA,NA,0.0372496814762382,0.0317043549537397,0.0198127487476338,0.00520114334003052,-0.00253535146578756,-0.0097623505495711,-0.0161705986575884,-0.0276150850770157,-0.0306316457267586,-0.0459856264584693,-0.0530416019064026,-0.0472768353970156,-0.0373852367842259,-0.0136327511254733,0.00768297602099444,0.0279657609516952,0.0411712065451113,0.0370893901881104,0.0312944649807139,0.022054165756916,0.00747220471908405
92,"VGB","British Virgin Islands",NA,NA,NA,NA,NA,NA,NA,NA,NA,NA,NA,NA,NA,NA,NA,NA,NA,NA,NA,NA,NA,NA,NA,NA,NA,NA,NA,NA,NA,NA
96,"BRN","Brunei Darussalam",NA,NA,NA,NA,NA,NA,NA,NA,NA,0.0658672895988748,0.0547231902089271,0.0420644170577562,0.0265318936825354,0.0131011916327823,0.0132311443270556,0.0124238293812691,0.0214692463554462,0.0346271542190582,0.0682799807606747,0.0863202497082112,0.0794782524873545,0.072809397331064,0.055354101463821,0.0331233542754164,0.01039292616387,-0.0224290955852071,-0.0354683630497901,-0.0407077806486969,-0.0148652703347421,0.0181014861005577
100,"BGR","Bulgaria",NA,NA,NA,NA,NA,NA,NA,NA,NA,0.00218274567221943,-0.00713679041352906,-0.0142100757888707,-0.0363732060593496,-0.0531102314967891,-0.0651297903558932,-0.0691237120930878,-0.0658401786193311,-0.0333456827687093,-0.0423967552063687,-0.0856682377740021,-0.123568312619708,-0.126267269385049,-0.17230481414634,-0.231232853229332,-0.275301042396032,-0.321344613024644,-0.34924429748407,-0.334300095368312,-0.349881428999558,-0.351041681531724
854,"BFA","Burkina Faso",NA,NA,NA,NA,NA,NA,NA,NA,NA,0.0385188085655257,0.0463114187834808,0.0538692591133658,0.05267336521048,0.0474671892808878,0.0476361361985758,0.0438614980497145,0.046986289043554,0.053945832737458,0.0585330322443354,0.0537786873142698,0.0513611687840232,0.0492907320385918,0.040201198888961,0.0269528490643158,0.0187418893545197,0.0116381765275124,0.0113645536898928,0.0201230403894417,0.0233757842061133,0.0227582048931001
108,"BDI","Burundi",NA,NA,NA,NA,NA,NA,NA,NA,NA,-0.00123625979481059,-0.011178714361958,-0.0178544127063867,-0.0251395245327657,-0.045416569429161,-0.0672085648670475,-0.0790748674211354,-0.0518004720294197,-0.0297821554157966,-0.00468617642608853,0.0060705931555145,0.0166119495516559,0.0200198712866484,0.0215407211717991,0.0145054259208099,0.0146772210197583,0.00606959877751345,0.00359012290451921,0.00317328624067814,0.00356246463851928,0.00341086400076995
132,"CPV","Cabo Verde",NA,NA,NA,NA,NA,NA,NA,NA,NA,0.0745334245438891,0.0810680126122025,0.0905819570243422,0.0981895802458723,0.0941626485837352,0.0939616011993585,0.0911220010203055,0.0868095418538983,0.080573391884978,0.061645623388414,0.0426885853638947,0.0221881623691909,0.0237011113384831,0.0242429084723288,0.0177038902463562,0.0201360568021438,0.0292343560613577,0.0346182233187942,0.0494836952014812,0.0468224217365987,0.0414660023339182
116,"KHM","Cambodia",NA,NA,NA,NA,NA,NA,NA,NA,NA,NA,NA,NA,0.108912113053141,0.0820792680454816,0.0467371006919559,0.0694815400774265,0.0675107170214426,0.0690941017918867,0.0726261148700533,0.0852063084738626,0.0852629415400112,0.084463665176479,0.0760760672940657,0.0608255421754156,0.0463873998947084,0.0359558056977969,0.0382539685291983,0.0402222327363213,0.0523212214122082,0.0731163724526251
120,"CMR","Cameroon",NA,NA,NA,NA,NA,NA,NA,NA,NA,0.00424555136438909,0.01460366612916,0.0169009297831559,0.0192783658367548,0.0218461481883792,0.0266456034565028,0.0313447072744526,0.0324684128901362,0.0379906401657335,0.04113068009633,0.0495310022595596,0.061203215055899,0.0632361957695207,0.0620790158014719,0.0603395011267822,0.0597652915784106,0.0463086526057865,0.0292818175855993,0.0163768264030826,0.00663855159364557,0.0059543251287193
124,"CAN","Canada",NA,NA,NA,NA,NA,NA,NA,NA,NA,NA,NA,NA,NA,NA,NA,NA,-0.0411222159517466,-0.0506231784530895,-0.0662134826052856,-0.0922196612975334,-0.116019986993097,-0.136954595095963,-0.146762156502414,-0.145822444972734,-0.13256030783227,-0.115293719110515,-0.0972915312050065,-0.0855852188876473,-0.0895066430084523,-0.0980936832269118
136,"CYM","Cayman Islands",NA,NA,NA,NA,NA,NA,NA,NA,NA,NA,NA,NA,NA,NA,NA,NA,NA,NA,NA,NA,NA,NA,NA,NA,NA,-0.000589538409889559,-0.015857782997615,-0.0486046370947044,-0.0680011340561644,-0.0809622510561935
140,"CAF","Central African Republic",NA,NA,NA,NA,NA,NA,NA,NA,NA,0.0282927943345292,0.0279549873823153,0.0255408988980743,0.0176267439602551,0.00608374686439395,0.00056176253640472,-0.00281139279670946,-0.00844210894639777,-0.0171404034866014,-0.0132742033378873,-0.00962190240073245,0.000613799726491004,0.00757640754091016,0.0107495505849051,0.00912423929577,0.00940726974436434,0.0114270328181159,0.0130336446786377,0.0155322228598138,0.0161597871045087,0.0141834586123037
148,"TCD","Chad",NA,NA,NA,NA,NA,NA,NA,NA,NA,0.0263299365293241,0.0413776130475696,0.0427355236380842,0.0394631899453541,0.0513981809131607,0.066897139282301,0.0810993560281119,0.0893528414888476,0.0919812048068311,0.0912813683221068,0.080671257082259,0.0709395906024688,0.0539225316032192,0.0288747255591537,0.0188214283423169,0.0125781096155235,0.00526940036267276,-0.00051147239948574,-0.00127259104272621,0.00240459645495639,0.0043908119056264
152,"CHL","Chile",NA,NA,NA,NA,NA,NA,NA,NA,NA,-0.0127982978448649,-0.0167914962894322,-0.0306612995972135,-0.0551453145778071,-0.0813504689566989,-0.11864593316465,-0.149734663553191,-0.16772801332044,-0.186850816312238,-0.210287550336512,-0.22693024147755,-0.224551804898213,-0.207908961515538,-0.191640753267202,-0.169133578866788,-0.162935780869806,-0.141579070336656,-0.110792800088155,-0.0833143700946257,-0.0630307620523956,-0.0579884883609571
156,"CHN","China",NA,NA,NA,NA,NA,NA,NA,NA,NA,0.0237593418958952,0.0175956347673103,0.0127046212798685,0.0106785688422868,0.018119534372647,0.0336476319235566,0.0562112679991837,0.0737872887457582,0.0827859119737269,0.0799641928179655,0.0638780669373631,0.0402426236568452,0.017858444162252,-0.00683507112028291,-0.0474879327541662,-0.0913166563913507,-0.125789325519564,-0.162016923861905,-0.19881674126803,-0.223086380612053,-0.234562262984574
170,"COL","Colombia",NA,NA,NA,NA,NA,NA,NA,NA,NA,0.00220445820655701,-0.00928433765012534,-0.022365989215646,-0.0323069190253235,-0.0454454334426502,-0.0684715454211128,-0.0650382983391915,-0.063862939793277,-0.0433182085350295,-0.0309723056563086,-0.0205691383451565,-0.00211606503190094,0.00491910798047779,0.00929062367670985,0.0317319662423454,0.0365110977796446,0.0354440701746885,0.0475358093076717,0.0376248150478904,0.0195970047661402,0.0230518447078847
174,"COM","Comoros",NA,NA,NA,NA,NA,NA,NA,NA,NA,0.00448676418795935,0.0105817587894244,0.0202569268475667,0.0242927744706818,0.027866097137708,0.0376403404821768,0.0505947862776412,0.0511769394625652,0.0412940925764937,0.0379978417217164,0.031630102290277,0.0277293212425795,0.0294318405837379,0.0250882923848736,0.017420700732824,0.0170335036215061,0.0209955750207091,0.0249581272352268,0.0263109727428941,0.02673866390496,0.0230947896822209
184,"COK","Cook Islands",NA,NA,NA,NA,NA,NA,NA,NA,NA,NA,NA,NA,NA,NA,NA,NA,NA,NA,NA,NA,NA,NA,NA,NA,NA,NA,NA,NA,NA,NA
188,"CRI","Costa Rica",NA,NA,NA,NA,NA,NA,NA,NA,NA,0.0210126012616427,0.00934336931226265,-0.00275526367269193,-0.015124889775987,-0.0239263784962666,-0.0193211494852753,-0.00267014011633757,0.00765334992271205,0.0200942926194863,0.0254771113097869,0.0233316320181569,0.021155010565872,0.0300142902151579,0.0314586677289692,0.0376308107186705,0.016434241397338,-0.0418890039239949,-0.0898460917300244,-0.131293509058139,-0.164522820333152,-0.201659630883006
384,"CIV","Cote d'Ivoire",NA,NA,NA,NA,NA,NA,NA,NA,NA,0.0561208193144898,0.0558666683697511,0.0524456063755185,0.0395095247012902,0.00543824805122584,0.000153439059670912,-0.00645936633628211,-0.0226278810946634,-0.0522749233307863,-0.0835199001845573,-0.0914639236368393,-0.0699203683575529,-0.0517053617889843,0.0102415565075076,0.0100348438360458,0.0418570238296139,0.0659396921614341,0.0522220641823812,0.03278861486958,0.0201745142905898,0.00448033611734844
191,"HRV","Croatia",NA,NA,NA,NA,NA,NA,NA,NA,NA,NA,NA,NA,NA,NA,-0.0618706314079726,-0.064439022716152,-0.0969599047042586,-0.0852777435845042,-0.0581562845332141,-0.0181061275797467,-0.0512620146933068,-0.0866073725772778,-0.0922367856490005,-0.0749560470475909,-0.0579516070963618,-0.0310380079800686,-0.0438694259970308,-0.102209857992812,-0.192832398800165,-0.186702423951462
192,"CUB","Cuba",NA,NA,NA,NA,NA,NA,NA,NA,NA,0.0181910047853149,0.0417138543830813,0.0500329015522647,0.0428143462477621,0.027978552583259,0.009202819557663,-0.0031382262621247,-0.01819300482187,-0.0197674523160702,-0.0265094694128827,-0.0246987878219216,-0.00304857398241939,0.00192599864294696,0.00777934101146416,0.00474839275741168,-0.00400174445070799,-0.0112841911813958,-0.011406248737044,-0.0169100024378011,-0.0283117445332581,-0.0374467676557433
531,"CUW","Curacao",NA,NA,NA,NA,NA,NA,NA,NA,NA,NA,NA,NA,NA,NA,NA,NA,NA,NA,NA,-0.00871751941780809,-0.0575977169303284,-0.0405302887466958,-0.0686688015658201,-0.0877843964854836,-0.0945787653828716,-0.0869985235928088,-0.049329869633101,-0.0234366514829737,-0.0218202980364332,-0.0153970321089842
196,"CYP","Cyprus",NA,NA,NA,NA,NA,NA,NA,NA,NA,0.0457767596633829,0.0390247490207867,0.0262543815211449,0.0193882869515216,0.0166452337578646,0.00709249843103121,-0.0131214232758944,-0.0559675828692326,-0.0980069013635402,-0.146442103118091,-0.191632107557789,-0.201194707021201,-0.20518208469308,-0.212168433985416,-0.183263673822295,-0.120776479863259,-0.06577516861115,-0.0309126262472099,-0.015229747067297,-0.0163414814124341,-0.0182911525851662
203,"CZE","Czech Republic",NA,NA,NA,NA,NA,NA,NA,NA,NA,-0.282223635935875,-0.383066146684588,-0.403905743348004,-0.405352019414669,-0.367368067909834,-0.301626599810685,-0.225089528804442,-0.15290652816657,-0.082291706752184,-0.0618817966194713,-0.0725464874043806,-0.0750156350658418,-0.0776246294473722,-0.0819505332460557,-0.0820688577997612,-0.085523951743904,-0.0863810053214067,-0.0898257693879975,-0.0922303689021919,-0.113656174375656,-0.142347671990162
180,"COD","Dem. Rep. Congo",NA,NA,NA,NA,NA,NA,NA,NA,NA,-0.0187870211224535,-0.0140525219529262,-0.0111955449023432,0.0153312636695335,0.0211180246586706,0.0286945160085841,0.0313768065575559,0.0356204988513782,0.0389195974866683,0.0442762011740643,0.0467701664526408,0.0466457060132035,0.0474168089156402,0.0395907391937427,0.0387020198467982,0.0422027221329619,0.0362663825276994,0.0275360637712201,0.0218419773442557,0.0194266803733996,0.016913439037699
208,"DNK","Denmark",NA,NA,NA,NA,NA,NA,NA,NA,NA,-0.213394513273335,-0.319462978964335,-0.360335613767036,-0.387552700532247,-0.392777488057344,-0.380496416457384,-0.344535296741825,-0.239478023972435,-0.161980891287656,-0.111977423816289,-0.0877598246379537,-0.10611086127342,-0.129251512933922,-0.148307774045593,-0.109210627094043,-0.10398254620153,-0.119137168428516,-0.128875469105729,-0.120179859460445,-0.103691609217822,-0.0905008160193488
262,"DJI","Djibouti",NA,NA,NA,NA,NA,NA,NA,NA,NA,NA,0.00615977502717913,-0.000742908496124939,0.00049981872787197,0.00346602604229984,0.00923386759374534,0.0156097365225745,0.0205755198062267,0.0193539399910971,0.0247485695536458,0.0250869660588442,0.0220253961417012,0.00399208085989877,-0.00782391765431268,-0.0260968162093203,-0.0318230644408481,-0.0235824147108239,-0.0152333096643537,0.000749897850526926,0.0114398931307094,0.015843819103053
212,"DMA","Dominica",NA,NA,NA,NA,NA,NA,NA,NA,NA,0.0312281524019076,0.0300948622344288,0.0356901342906777,0.0316226658911372,0.0312169875172332,0.0297038552724915,0.0326082918249169,0.0238985050900236,0.0356385308058902,0.0345906540657546,0.0307391448293,0.0436736316125281,0.0264471328196254,0.0167690036423183,0.0128269507694072,0.00303714421476386,-0.00739650672890825,-0.0338620099226836,-0.0235188064892995,-0.0267687331128969,-0.0356577079834186
214,"DOM","Dominican Republic",NA,NA,NA,NA,NA,NA,NA,NA,NA,0.0756028299459266,0.0774670313766583,0.0814937435370298,0.0916338616265386,0.0718265199387063,0.0500550737967143,0.0364522647647925,0.0166361729352067,0.00079121184817077,-0.00717917005844605,-0.0276661348439449,-0.0372915618517798,-0.034625836807165,-0.0188610441821637,-0.00929796667455312,-0.0203394430935871,-0.00356104966424679,0.00888598420004794,0.0131206576127698,0.0194766403342903,0.0252018874823081
218,"ECU","Ecuador",NA,NA,NA,NA,NA,NA,NA,NA,NA,0.0478662278940951,0.0342345729292328,0.0238592779959017,0.018045530104398,-0.00182415430509842,-0.0175901588635711,-0.0199019614480041,-0.00903873159976895,0.00785161088090747,0.0228271377608924,0.0249900475834868,0.0344478880698553,0.0453566427254444,0.0551889564765724,0.0553644081769917,0.0554698469090857,0.049001861081253,0.0307609414671317,0.00628924316039337,-0.0141331890086896,-0.0415519493041413
818,"EGY","Egypt",NA,NA,NA,NA,NA,NA,NA,NA,NA,0.00823818368789397,0.00779771731128687,0.00272456198408633,0.000963869170842457,-0.00186816062209639,-0.00282621155343172,-0.00191265281408205,0.0009936539091282,0.0121613140672825,0.0348761949172818,0.0532132779102188,0.0591341815629534,0.0502906985256768,0.0430982449763624,0.0340075261478088,0.0418854038469918,0.0387059096689666,0.0271133432298216,0.0107802513928288,-0.00296394053468209,-0.0174899181585637
222,"SLV","El Salvador",NA,NA,NA,NA,NA,NA,NA,NA,NA,0.0987397025834555,0.0756191379162432,0.0723424685239289,0.0722375960366195,0.0657525100522616,0.0544227752751114,0.0501505962927986,0.0400357265232794,0.0463669094715182,0.0387444388395404,0.0201421115315208,-0.00229104757985222,-0.0155437119639892,-0.0191399839214241,-0.0356911677961153,-0.0584839687034907,-0.0603631405923378,-0.0431601974348113,-0.0543702137672331,-0.0702496427038682,-0.0887487732380012
226,"GNQ","Equatorial Guinea",NA,NA,NA,NA,NA,NA,NA,NA,NA,0.0856883672556212,0.119851215774153,0.128160111456125,0.240456536481681,0.342131320257616,0.312933895766414,0.271303036515942,0.199279355061475,0.169340828928125,0.0994820721367244,0.067097979431767,0.0230980385087294,-0.140109636208333,-0.18908756646928,-0.117862225565488,-0.0593953382555672,-0.0534111482493234,-0.0396626755066012,-0.0199582245696584,-0.00656298323948995,0.00782136188767701
232,"ERI","Eritrea",NA,NA,NA,NA,NA,NA,NA,NA,NA,NA,NA,-0.0332416391247739,-0.0586967524667945,-0.062241805336524,-0.0425605528958387,-0.0205518892836909,0.00312081218851534,0.0187335598312806,0.00175669479916785,-0.00406003488933876,-0.010445530059155,-0.0134462237280084,-0.00752121142610837,0.00119270925089565,0.0140075635342978,0.0233888852898276,0.0264965772797532,0.0301738603081407,0.0254705949680643,0.0228590806088114
233,"EST","Estonia",NA,NA,NA,NA,NA,NA,NA,NA,NA,NA,NA,NA,NA,NA,-0.0633071331975234,-0.076777314815385,-0.0806864743181897,-0.0521306998407968,-0.0578176546657697,-0.0741167300179848,-0.0502686892075214,-0.0434655936465636,-0.0802919237986444,-0.0702935946796448,-0.064332935420544,-0.0777188382969446,-0.0963471375444785,-0.108620593508773,-0.105011112907762,-0.111840766537413
748,"SWZ","Eswatini",NA,NA,NA,NA,NA,NA,NA,NA,NA,0.0887492662412441,0.0569579790642518,0.0279650908987046,-0.00322880109790706,-0.0811999634618191,-0.118838810622179,-0.188335244443571,-0.242404146587766,-0.224953549989749,-0.181438334066773,-0.146243595910747,-0.141100321014123,-0.144355894373354,-0.131540351089675,-0.114840091516388,-0.0790222467038643,-0.0718143430534188,-0.0608841348312093,-0.0375006546207122,-0.0127687346251621,-0.000418150106191557
231,"ETH","Ethiopia",NA,NA,NA,NA,NA,NA,NA,NA,NA,0.0226475507762012,0.0381891528901899,0.062536341364575,0.0548468278712262,0.047987031746842,0.0489771118497531,0.0488426929161108,0.0484671610027043,0.0460784817729052,0.0478608797856652,0.044335823888912,0.0394952834179918,0.0437323556739175,0.046533912447176,0.0493076769036473,0.046909285345049,0.0374857404328373,0.0341931124940313,0.0310449534059303,0.0320001339061426,0.0301943011953398
234,"FRO","Faeroe Islands",NA,NA,NA,NA,NA,NA,NA,NA,NA,NA,NA,NA,NA,NA,NA,NA,NA,NA,NA,NA,NA,NA,NA,NA,NA,NA,NA,NA,NA,NA
238,"FLK","Falkland Islands",NA,NA,NA,NA,NA,NA,NA,NA,NA,NA,NA,NA,NA,NA,NA,NA,NA,NA,NA,NA,NA,NA,NA,NA,NA,NA,NA,NA,NA,NA
242,"FJI","Fiji",NA,NA,NA,NA,NA,NA,NA,NA,NA,0.00700032930089645,0.0186747133388743,0.0314755762680363,0.0317247604658706,0.0356311939751388,0.0511432405346599,0.0698543789025403,0.0787314670949195,0.0508970832647386,0.0104910467937833,-0.0402063230751614,-0.0729792727992406,-0.0707232301994816,-0.0885359770878725,-0.0952047030462692,-0.0639117916054082,-0.0141490071979272,0.0241064502360069,0.0494205932856902,0.063868643318185,0.0493181524124435
246,"FIN","Finland",NA,NA,NA,NA,NA,NA,NA,NA,NA,-0.149271095459961,-0.143945411963331,-0.1055419917491,-0.0787918008582839,-0.0378982764338269,-0.0269940842701835,-0.0443517102260313,-0.0310317665231848,-0.0247701527793608,-0.042812500592149,-0.0615722397880212,-0.0802230811654622,-0.0807791717319696,-0.0912800426554819,-0.0671789647532986,-0.0520123294612198,-0.0508512983464175,-0.0447774400944848,-0.084442480266208,-0.117977768608177,-0.131495500788656
250,"FRA","France",NA,NA,NA,NA,NA,NA,NA,NA,NA,-0.122800036328143,-0.13815520661098,-0.142156781572184,-0.146659578757015,-0.150942657813582,-0.150520924642848,-0.145511726321805,-0.132869096519431,-0.126419016680524,-0.117518414798167,-0.118835831586137,-0.123961095883389,-0.136278121115402,-0.147208326212882,-0.157093513224494,-0.170295714582796,-0.173051068224766,-0.17377375966476,-0.16788561807413,-0.15862609796475,-0.149208777439346
258,"PYF","French Polynesia",NA,NA,NA,NA,NA,NA,NA,NA,NA,NA,NA,NA,NA,NA,NA,NA,NA,NA,NA,NA,NA,NA,NA,NA,NA,NA,NA,NA,NA,NA
266,"GAB","Gabon",NA,NA,NA,NA,NA,NA,NA,NA,NA,0.0814233845446735,0.0665351534301528,0.0485386064190128,0.0494418838352204,0.0587601898713788,0.0600698060661411,0.0705662434594247,0.075660249239482,0.0736179939559245,0.0699733228691262,0.0469165085176615,0.0468748084938626,0.0367059762561952,0.0272278603638301,0.0297706902696222,0.0166427544535852,0.0170703842483257,0.0129471965771402,0.00664751033446165,0.00414916109237407,-0.00133996689193136
270,"GMB","Gambia",NA,NA,NA,NA,NA,NA,NA,NA,NA,0.030678289464773,0.0372550661322921,0.0463767156713604,0.049124626183028,0.0475063193237399,0.0502924527759281,0.0506977535610253,0.0443035788973292,0.0366844113539131,0.0368000555186223,0.035868293320533,0.0383714253249312,0.0316746457481412,0.0236815117483784,0.0103786849348697,0.00615435545383058,0.00407747084210164,-0.000216323999879409,0.00278575493719724,0.00853340493815069,0.0157045284222601
268,"GEO","Georgia",NA,NA,NA,NA,NA,NA,NA,NA,NA,-0.0150887506171508,-0.0320139388887389,-0.165193398272925,-0.360222825134722,-0.38837716683437,-0.364575825342186,-0.323052520267383,-0.273845967981227,-0.178451277956083,-0.0768252566348949,0.0151221504013173,0.0687284852398045,0.0424973318758834,0.0123843409996049,-0.00580727108675027,-0.0207407780176088,-0.0199898855299379,-0.0356568326782955,-0.0142063497102221,0.0100136455673119,0.0532559368294576
276,"DEU","Germany",NA,NA,NA,NA,NA,NA,NA,NA,NA,-0.372453531467903,-0.359379158742449,-0.348242461648261,-0.337546761847535,-0.305306022965758,-0.27054375563757,-0.237770869573766,-0.188043878017563,-0.138011472850133,-0.0993317701668172,-0.0776225596466219,-0.0681556052200127,-0.0599193198272755,-0.0576744059108438,-0.0537434378457083,-0.0577736942263989,-0.0591861028161016,-0.0613094266582032,-0.0622346596710339,-0.062487413355936,-0.0807452280836365
288,"GHA","Ghana",NA,NA,NA,NA,NA,NA,NA,NA,NA,0.0954909527739536,0.102056155276638,0.110746587600175,0.137405136154257,0.137736069246678,0.0914116256110877,0.0608754313855233,0.055392016370903,0.0432850126471152,0.0442379593000375,0.048303304784751,0.0397631547742752,0.0123545640541329,0.0406781851059943,0.06689930021778,0.0336336266032675,-0.0105539144638106,-0.00845140254336282,0.00312996377540498,-0.000296070121264889,-0.00115764854252997
300,"GRC","Greece",NA,NA,NA,NA,NA,NA,NA,NA,NA,0.00939713748177429,0.00989838235728491,0.00889375842555551,0.00707094101329253,0.0046813129094645,0.00364617482319241,0.00258760896502208,-0.00464554327567628,-0.0107157845834157,-0.022693747934121,-0.0417802420364805,-0.0758849117923142,-0.0702223246805755,-0.0425491114512264,-0.0262677670685874,-0.0188555031889246,-0.0081908822042252,-0.00556543242436951,-0.00466880200625645,-0.00644728944995543,-0.0114540811362027
304,"GRL","Greenland",NA,NA,NA,NA,NA,NA,NA,NA,NA,NA,NA,NA,NA,NA,NA,NA,NA,NA,NA,NA,NA,NA,NA,NA,NA,NA,NA,NA,NA,NA
308,"GRD","Grenada",NA,NA,NA,NA,NA,NA,NA,NA,NA,0.0531161064318377,0.0393969929707445,0.0301075301402973,0.0252144383612063,0.0196383750356619,0.0142293052991065,0.0106350273354423,0.00865929382101749,0.0114658656708555,0.0229575135244096,0.035119480373067,0.0479348974315774,0.0281976419237515,0.0241035513230885,0.0222458758750232,0.0125196521096396,0.000138700855418339,-0.0138807095819451,-0.0562941767948813,-0.0771776668209739,-0.0886612335628665
320,"GTM","Guatemala",NA,NA,NA,NA,NA,NA,NA,NA,NA,0.123106556890981,0.112590402454969,0.0975575292442268,0.0859541778113344,0.0851316942838292,0.0753058519636174,0.0710245940579284,0.0593810309788669,0.0464107819296566,0.0404935903796271,0.0331329546555326,0.0137134415150097,0.00134032024694242,-0.00515299344377861,-0.0078552660301009,-0.0118747978722376,-0.0010779204941576,0.0119141493097581,0.0246442539523639,0.0292704538552657,0.049270682429899
831,"GGY","Guernsey",NA,NA,NA,NA,NA,NA,NA,NA,NA,NA,NA,NA,NA,NA,NA,NA,NA,NA,NA,NA,NA,NA,NA,NA,NA,NA,NA,NA,NA,NA
324,"GIN","Guinea",NA,NA,NA,NA,NA,NA,NA,NA,NA,0.0179109447803336,0.0161968193844826,0.0176590404544017,0.0120915010565521,0.00569898655550749,0.00632643694723178,0.00903845209969223,0.0114730918992478,0.010783588954435,0.0346618987286407,0.0528792696068701,0.0729412392436914,0.084054708253706,0.0839055238072071,0.0734190024973973,0.0652684204836635,0.0548445349914104,0.0389341371120524,0.0189404709627743,0.019675423755859,0.0198060776252571
624,"GNB","Guinea-Bissau",NA,NA,NA,NA,NA,NA,NA,NA,NA,-0.00849955959779951,-0.0187363715962984,-0.0224998350149695,-0.0251227738920346,-0.0202148044953719,-0.011378984786246,-0.00387340296752893,0.00755302940237135,0.0278280266412585,0.0328757382901812,0.0399414674158178,0.0320631628016996,0.0226761835018314,0.00743206293751886,-0.00314099971018825,-0.00452068905045856,0.00132608407933499,0.00381662261177618,0.00969018500120589,0.0150353770996938,0.0197527664949149
328,"GUY","Guyana",NA,NA,NA,NA,NA,NA,NA,NA,NA,0.0428043055330369,0.0311581129943257,0.0214589853689688,0.00711639531942709,-0.0133224590559399,-0.0224221715829739,-0.037032707023175,-0.06174428074343,-0.0464419451347287,-0.0229666473892925,-0.00432348297970477,0.0153807448418488,0.0104939954934851,0.0177251777186265,0.0243316828274813,0.0293700699547488,0.0221569176036265,0.0051505465348034,-0.0250467427601267,-0.0564208425447081,-0.0773419269097696
332,"HTI","Haiti",NA,NA,NA,NA,NA,NA,NA,NA,NA,0.0177934878828669,0.0406981329729279,0.0677433817924611,0.0997365054633255,0.095363805743063,0.0213652741785091,0.000387283161779717,-0.0300397790955062,0.00200613322987331,0.0158844745077973,0.0235117651026195,0.0198034056525465,0.0200548784332648,0.042503728619413,0.0621026186517546,0.0878327590487202,0.104859492761371,0.102362991736174,0.10613985743419,0.102006507756159,0.0867960937556032
336,"VAT","Holy See",NA,NA,NA,NA,NA,NA,NA,NA,NA,NA,NA,NA,NA,NA,NA,NA,NA,NA,NA,NA,NA,NA,NA,NA,NA,NA,NA,NA,NA,NA
340,"HND","Honduras",NA,NA,NA,NA,NA,NA,NA,NA,NA,0.103073254277273,0.108397948615446,0.11265185048491,0.113127468033421,0.104377449441806,0.102171477020937,0.108814790842596,0.106674892016982,0.109433433966098,0.10381437185325,0.0812331021947266,0.0572765750330273,0.0435660456582971,0.0286528644712136,0.0187194322325148,0.0188388628199649,0.0230815586030391,0.00948899153451976,0.0110344429092086,0.0137169970473985,0.00797518062461777
344,"HKG","Hong Kong",NA,NA,NA,NA,NA,NA,NA,NA,NA,-0.0342648126633205,-0.0826192304219835,-0.102764076138357,-0.0915415609775924,-0.0388854624206649,-0.0124014581926572,0.00702779778844409,0.0167600360970166,0.0163791953969319,0.0283975716757814,0.0469861713758846,0.0265944772958688,0.020784613441003,0.0134064108922922,0.0162943628716183,0.0188189009557405,0.00852453348409798,0.00156626153425177,-0.00296403609941108,-0.0124703822425528,-0.0165945127813801
348,"HUN","Hungary",NA,NA,NA,NA,NA,NA,NA,NA,NA,NA,-0.0969046454245369,-0.127848471012155,-0.174186744237375,-0.207925550691327,-0.279426831730759,-0.43286290010285,-0.53293106173934,-0.584008087151769,-0.595186331517911,-0.572755594975623,-0.520181792065045,-0.428781779113398,-0.317838128995838,-0.166800141471166,-0.0430169737842975,-0.0529022735866261,-0.070357052179269,-0.056251678434393,-0.0521264931892071,-0.0748291076509653
352,"ISL","Iceland",NA,NA,NA,NA,NA,NA,NA,NA,NA,NA,NA,NA,NA,NA,0.0102555283067303,0.00146108953719648,-0.00708493740483599,0.00362464052657163,0.0211476597685887,0.0394601984771732,0.0502404725032293,0.0533249196912275,0.0596782747339146,0.0608410700940856,0.05276251177186,0.0353093206136137,0.00499896405859945,-0.0195456669119621,-0.0241042869538844,-0.0274147404868409
356,"IND","India",NA,NA,NA,NA,NA,NA,NA,NA,NA,0.0442455410401952,0.0410833708888982,0.0389245029533232,0.0377872101957024,0.0368955626892236,0.0369737267508872,0.039652361447978,0.046506289565142,0.0538537887022497,0.0583191988237033,0.0640539922058911,0.0651982768138339,0.0619163982900339,0.0575439505240631,0.050934874094487,0.0465540112485199,0.0414371386704044,0.0379442871987909,0.0365733704668092,0.0336765036546598,0.0292781396563957
360,"IDN","Indonesia",NA,NA,NA,NA,NA,NA,NA,NA,NA,0.0507166583629026,0.0507109027392589,0.0535163221536974,0.0529708564601887,0.0523491957985316,0.0482757243929659,0.0504584442302047,0.0458586362477338,0.0447916777079487,0.0421831155314272,0.0414528812481167,0.0331195683169356,0.0311038418845504,0.0284332337654745,0.0230712164395996,0.0236301578985543,0.0232148790530193,0.0198842024277806,0.0194384031174575,0.025673942552926,0.0334110694046525
364,"IRN","Iran",NA,NA,NA,NA,NA,NA,NA,NA,NA,0.0538066334364344,0.04851762492492,0.0460689159036538,0.0377019477732314,0.025825653849876,0.0213703281175859,0.0189931688731475,0.0185631959702763,0.0198860352892853,0.0189433913230603,0.0182089689963267,0.0154631692780935,0.0185705912612115,0.0138494269237033,9.56716007338709e-05,-0.0143096403161693,-0.0307121498632916,-0.0583745588461816,-0.0627691505928009,-0.0657752265810661,-0.0639124941154752
368,"IRQ","Iraq",NA,NA,NA,NA,NA,NA,NA,NA,NA,0.0647276547959479,0.0154785493959575,-0.0584760136928327,-0.113142874324038,-0.116511327855253,-0.0961771068738923,-0.0928022094956247,-0.0838858793779525,-0.0448160484455006,-0.0136153789815384,-0.00688085082322437,0.00675509253170437,0.0287009287925457,0.0523657550437564,0.0813000988924342,0.109872623516354,0.114307054084233,0.107091700572094,0.0668685042874986,0.0416582841198179,0.0269699531167473
372,"IRL","Ireland",NA,NA,NA,NA,NA,NA,NA,NA,NA,-0.0131602147617291,-0.0204786766796324,-0.0238231522727697,-0.0565317862518139,-0.111353228150188,-0.152548325615389,-0.187517634884556,-0.235036578476487,-0.253341717495733,-0.25696322146712,-0.267974917022067,-0.274856698719482,-0.248337152576466,-0.214203798120575,-0.172037362231948,-0.167344566085174,-0.18876691136735,-0.203622423512002,-0.210797466286298,-0.213153121783295,-0.225134350048398
833,"IMN","Isle of Man",NA,NA,NA,NA,NA,NA,NA,NA,NA,NA,NA,NA,NA,NA,NA,NA,NA,NA,NA,NA,NA,NA,NA,NA,NA,NA,NA,NA,NA,NA
376,"ISR","Israel",NA,NA,NA,NA,NA,NA,NA,NA,NA,NA,NA,NA,NA,NA,0.019891427959867,0.0157111892317621,0.0103646928723335,0.00415677944980897,-0.0141052202182932,-0.0390277797373511,-0.0440309591759111,-0.0493251847259912,-0.0220407519616293,-0.0287806273798833,-0.0605865559865531,-0.0885679822145334,-0.118910765845294,-0.141169020767163,-0.166554012229363,-0.175095213118781
380,"ITA","Italy",NA,NA,NA,NA,NA,NA,NA,NA,NA,-0.140448006935025,-0.160566860663276,-0.176526570305186,-0.188019235924913,-0.203550333093115,-0.211212708389951,-0.220428380331612,-0.219042718142767,-0.212796327930401,-0.211807659954453,-0.181791769588336,-0.15951428605516,-0.139822758050862,-0.0895245922363764,-0.0469662356072689,-0.0209009816033025,-0.010288512727539,-0.008939298141787,-0.0238434876075615,-0.0581859582884635,-0.0574641648743032
388,"JAM","Jamaica",NA,NA,NA,NA,NA,NA,NA,NA,NA,0.0243353255404108,0.0250538856093823,0.0246609011983414,0.0246665875003191,0.0234809643409675,0.0185985777868127,0.0117983387587381,0.0129569825542573,0.0103516189389736,-0.000266956356819559,-0.0301332486667286,-0.0465317567842888,-0.0470674491255634,-0.0333363564841526,-0.0197725056994239,-0.0113531066063924,-0.00663986578769876,-0.00569996905755724,-0.00710840798075801,0.00405351985737501,0.00177465559782219
392,"JPN","Japan",NA,NA,NA,NA,NA,NA,NA,NA,NA,-0.0876112295002285,-0.0734989993405579,-0.0556807972918941,-0.05673393817364,-0.0571001710827049,-0.0528360387268172,-0.040536168029116,-0.0272613164621094,-0.027292138310226,-0.0328117588570047,-0.0334926400629117,-0.0157405660302978,-0.000524138078685136,0.0109985606285186,0.0175888982000669,0.0174521911362926,0.0103735265674421,0.00461570555978463,-0.00618447569649005,-0.0243016892109351,-0.0762722553015797
832,"JEY","Jersey",NA,NA,NA,NA,NA,NA,NA,NA,NA,NA,NA,NA,NA,NA,NA,NA,NA,NA,NA,NA,NA,NA,NA,NA,NA,NA,NA,NA,NA,NA
400,"JOR","Jordan",NA,NA,NA,NA,NA,NA,NA,NA,NA,0.0444468822937492,0.0405514888369056,0.0316705858281487,0.0315567600861673,0.0250092670282485,0.00742017261422134,-0.00493154366657302,-0.0323553087655621,-0.0697011083433498,-0.0946813179986863,-0.130976171567662,-0.111585518111399,-0.0519111258190945,0.00376868448409984,0.0350994195887859,0.0633562818666471,0.0714871806230346,0.0419399738876669,0.0148576531960303,-0.0170424181703462,-0.0837520894100873
398,"KAZ","Kazakhstan",NA,NA,NA,NA,NA,NA,NA,NA,NA,-0.00217023189190655,-0.003227260281306,-0.00846746264402978,-0.00992005743027115,-0.000868766908390302,0.0137741656424257,0.0188999499558391,0.0241021029956261,0.0166266548322984,0.00281934662786409,-0.0422322619124151,-0.109186521165663,-0.160564015107491,-0.184413086108006,-0.186878437153889,-0.180264220787291,-0.145605465621578,-0.0969591994961707,-0.0503858823472664,-0.00264675876727067,0.00942224838559413
404,"KEN","Kenya",NA,NA,NA,NA,NA,NA,NA,NA,NA,0.0148662461526119,0.0294609448736431,0.0356029694687519,0.0360341091756899,0.0268581439878295,0.0218594188897567,0.0202908992053401,0.0318385798044316,0.032308763134494,0.0380636842943367,0.0472538963854305,0.0651062128109694,0.0771187375704443,0.0638373885803107,0.0446682435044363,0.0221282626283246,-0.0343007433566617,-0.0721726588797405,-0.110919538817959,-0.121990235902921,-0.108754514254184
296,"KIR","Kiribati",NA,NA,NA,NA,NA,NA,NA,NA,NA,0.0537765495940274,0.0606484497325561,0.0489104460414398,0.0663953329234013,0.0767875141119803,0.0773530767305404,0.0808051379030692,0.105241711802706,0.0803859770350537,0.0643706457275457,0.0181958579415122,0.00537400745577243,-0.0156622566765392,-0.00908699449664918,-0.00682213727205507,-0.00216312721604837,0.0265666966063163,0.061650567554755,0.068840966192516,0.0761385364871749,0.0516608230810138
689,"XKX","Kosovo",NA,NA,NA,NA,NA,NA,NA,NA,NA,NA,NA,NA,NA,NA,NA,NA,NA,NA,NA,0.032914541165622,0.0292228114620998,0.0333825172274373,0.0299179192313208,0.0296312525094615,0.0194510922338564,0.0145067933642395,0.0104643410551077,-0.00374047842609114,-0.0180810999612803,-0.000480325587289241
414,"KWT","Kuwait",NA,NA,NA,NA,NA,NA,NA,NA,NA,NA,NA,0.165391700504895,0.200089958994351,0.188960063058474,0.188141073397629,0.176388983911017,0.134801643987979,0.0851053789551879,0.0587857465115538,0.0537692328186221,0.0352853545472582,0.0199335025753431,0.00106073031275877,-0.005176568646544,-0.0307354939526767,-0.0232812042591241,-0.0173488816660528,-0.0194993491346369,-0.0194857413614425,-0.00248310862432077
417,"KGZ","Kyrgyzstan",NA,NA,NA,NA,NA,NA,NA,NA,NA,-0.00669946971765593,-0.0146996193135542,-0.0531981233999202,-0.0776964482569341,-0.0446555126950594,-0.00202598293188581,-0.00620779484930821,0.00661330411342909,0.0254852360839579,0.0489268755810028,0.0472588584741229,0.0444909734472199,0.0183125849298293,0.0523577890401705,0.0514339512425139,0.0394752635278783,0.02991470281662,0.0249630615009839,0.0260130058544696,0.0354715879885195,0.0334770724498576
418,"LAO","Laos",NA,NA,NA,NA,NA,NA,NA,NA,NA,0.0318377769870746,0.0340951259222551,0.0354699866280503,-0.0191144047515821,-0.072770880256015,-0.125218219749737,-0.0031870234407145,0.0965504928031182,0.187802251985338,0.265362975019787,0.324874562764107,0.36604495422533,0.384998606862489,0.292576895876679,0.182918822662104,0.0503166284153438,0.021344900917055,0.03034849119761,0.0402000435840879,0.0593422476216889,0.0730148949890408
428,"LVA","Latvia",NA,NA,NA,NA,NA,NA,NA,NA,NA,NA,NA,NA,NA,NA,-0.384487418555814,-0.383352872848086,-0.341494131388589,-0.290819628628423,-0.248124317732518,-0.204409107249829,-0.193291166191133,-0.173767950123516,-0.141066572111362,-0.100551664661811,-0.0676523620273618,-0.052291599634042,-0.0546973677099932,-0.0684446384408231,-0.0673883018798475,-0.03171821636519
422,"LBN","Lebanon",NA,NA,NA,NA,NA,NA,NA,NA,NA,0.0914857443959023,0.0752965052325489,0.072988247652668,0.0435186119951982,0.017793612183268,0.00311275524159571,-0.0141541651403287,-0.0460646025713176,-0.0562540233794743,-0.0483969370016287,-0.019311775150342,-0.0112132448737914,0.00395173664240556,0.0111401036937295,0.0167671475186388,0.0323772072832673,0.0449651295481199,0.04453930690302,0.0444332691349194,0.0465697153595219,0.0560516624147187
426,"LSO","Lesotho",NA,NA,NA,NA,NA,NA,NA,NA,NA,0.0107939013653202,0.00855249471864128,0.00551441588497537,-0.000602093678328763,-0.0164506696212899,-0.016027423525826,0.202861057871088,0.400861399130073,0.561034321990794,0.684822652394916,0.739959990718019,0.719029980632531,0.589477786488561,0.415618023804266,0.212147845091418,-0.00751191826740231,-0.0207806357952439,-0.0329638481461231,-0.0428171551250728,-0.0310060408957279,-0.0214591031025617
430,"LBR","Liberia",NA,NA,NA,NA,NA,NA,NA,NA,NA,NA,NA,NA,NA,NA,NA,NA,NA,NA,NA,0.0299505372281379,0.0288392850713424,0.0319377180887996,0.0267699922670153,0.0178157275561925,0.0184395638706569,0.0283898174509645,0.0391745698834629,0.0426927632035374,0.0372400665039421,0.0227431301854499
434,"LBY","Libya",NA,NA,NA,NA,NA,NA,NA,NA,NA,NA,NA,NA,NA,NA,NA,NA,NA,NA,-0.0430914114669298,-0.0312906639749658,-0.018532255819898,-0.0180671922389455,-0.0123869617429339,-0.00730438601586442,-0.00705850907952967,-0.00414364780162708,-0.00538799847019847,-0.0105271130087612,-0.01795652769542,-0.0255455465514241
438,"LIE","Liechtenstein",NA,NA,NA,NA,NA,NA,NA,NA,NA,NA,NA,NA,NA,NA,NA,NA,NA,NA,NA,NA,NA,NA,NA,NA,NA,NA,NA,NA,NA,NA
440,"LTU","Lithuania",NA,NA,NA,NA,NA,NA,NA,NA,NA,NA,NA,NA,NA,NA,-0.216529086445232,-0.214250434322466,-0.185819773802772,-0.178331032752264,-0.138327340695216,-0.112640668175704,-0.1183922562302,-0.0988304908570902,-0.0495430133283864,-0.0523946618120495,-0.0566276376141188,-0.0439062286231154,-0.0285755944438239,-0.0409889298778603,-0.0435924329719183,-0.0515600688194701
442,"LUX","Luxembourg",NA,NA,NA,NA,NA,NA,NA,NA,NA,-0.337978214656317,-0.360281407459684,-0.337596680992958,-0.321303081866526,-0.277793431144723,-0.227394935288222,-0.182141937783597,-0.104750781889808,-0.0630670590106117,-0.105783251653043,-0.130188778690972,-0.138802009857088,-0.140772444926265,-0.140121871195161,-0.130837919909306,-0.115906533249828,-0.105973303916627,-0.101311717147169,-0.10357800901764,-0.112011388354926,-0.0910952920154057
446,"MAC","Macao",NA,NA,NA,NA,NA,NA,NA,NA,NA,0.0535818402782868,0.0551115580693633,0.0568581409854814,0.0538440074888786,0.0534717818711257,0.0542571946549766,0.0441854012020382,0.0234423939476223,-0.00574346423784402,-0.0749045063180828,-0.142732134899279,-0.229112514228318,-0.260148632883017,-0.268719231022709,-0.249817339805883,-0.202815755485822,-0.127252364521554,-0.0503798750479005,0.0116528656750914,0.037449909514222,0.0601912257150499
450,"MDG","Madagascar",NA,NA,NA,NA,NA,NA,NA,NA,NA,0.0582962249592642,0.0531930329887313,0.0477964615769773,0.0222916531392252,0.0117286145018154,0.00905944819073135,0.00279259084512984,-0.00198655423116268,-0.00227921966448697,0.00213849369560615,0.00610653071669875,0.0129596427454719,0.0227965575838591,0.0143008311204416,0.0130876051247228,0.0183340669223413,0.0233843107228371,0.0262830053975698,0.0301791487413237,0.0316819941463928,0.0251125423820937
454,"MWI","Malawi",NA,NA,NA,NA,NA,NA,NA,NA,NA,0.0408344709235293,0.0400620894655406,0.0336623375169594,0.0291275234105695,0.0330913237325607,0.031957848495743,0.016467125078669,0.00618330195299532,-0.0131734208521168,-0.0324694135333793,-0.0219701264610618,-0.0163174910859165,-0.0237950686534988,-0.0228044846790466,-0.018916206989594,-0.00195634725582863,-0.000995660101863677,0.00237477638118477,0.00722727298744164,0.0108936857226052,0.00831372584080681
458,"MYS","Malaysia",NA,NA,NA,NA,NA,NA,NA,NA,NA,-0.0078639888473673,-0.0288704328600601,-0.0473490514477448,-0.0437736227471827,-0.0569784132859437,-0.0651609694873786,-0.0522669574538407,-0.0251976713543735,0.0123330523661198,0.0398400559300212,0.0429337674755508,0.047309265823003,0.0524091724953966,0.0609898456967548,0.0434023572780879,0.027113256163938,0.0101678635740807,-0.0125676637550885,-0.0177806098404189,-0.0144748909451032,-0.0226264992186408
462,"MDV","Maldives",NA,NA,NA,NA,NA,NA,NA,NA,NA,NA,NA,NA,NA,NA,0.134502466867197,0.121934352758958,0.113425574211997,0.101748020909298,0.0803779364529853,0.0681716739078448,0.0480194366654831,0.0345305029024821,0.0324176811165098,0.0166979110783199,0.0146608558093158,0.0103139913992671,0.0180146381113109,0.0250049385947551,0.037960735613811,0.0451561768086592
466,"MLI","Mali",NA,NA,NA,NA,NA,NA,NA,NA,NA,0.0509793543960964,0.0597358654161293,0.0667864876825639,0.0640176545993167,0.0544909017907067,0.0509426909434174,0.0459506636145472,0.0386000860358025,0.0268754153757944,0.0319089008048781,0.0353694712108301,0.0390970816052065,0.0377827698287327,0.0312626475246798,0.0194842339281907,0.0139503998108437,0.0106749936522481,0.00889777812356973,0.00973204374311076,0.0112005966032513,0.0134790347651235
470,"MLT","Malta",NA,NA,NA,NA,NA,NA,NA,NA,NA,0.0415905316873801,0.0278488276904136,0.0122659128517046,-0.00738582985245275,-0.00133711924135357,-0.0771536315365066,-0.144296313912075,-0.185789031138034,-0.205557329525039,-0.21213529002405,-0.226017312569176,-0.227097176683619,-0.200493223578203,-0.153139795837245,-0.115287883365694,-0.135619905426999,-0.193320660801779,-0.257763510216242,-0.390192702316632,-0.474648785948281,-0.532805652497008
584,"MHL","Marshall Islands",NA,NA,NA,NA,NA,NA,NA,NA,NA,0.036736588922416,0.0342274779106946,0.0349438954420489,0.0446596571445252,0.0581162953288665,0.0656574455957577,0.0590216745793413,0.0441202999997052,0.0252261730928045,0.00598422870580206,-0.0195082698499906,-0.0660020699547025,-0.0885899280349674,-0.0863786195801013,-0.0711714945526559,-0.0467956754907762,-0.0181487097151561,0.00595031189830708,0.0262429875810541,0.0435047866925709,0.0523359964929844
478,"MRT","Mauritania",NA,NA,NA,NA,NA,NA,NA,NA,NA,-0.12155199578716,-0.171437797299116,-0.19011661040665,-0.192388037854063,-0.174378807913103,-0.116094741575555,-0.0552216168867032,-0.00591867580310951,0.0490540330285822,0.0492872434757443,0.0485418609694024,0.0440777511654351,0.0410690864018644,0.0332044120935009,0.0192632587397783,0.00920008610097867,0.00402536056033798,-0.00259990593096425,0.000694019263870471,0.00214966143121575,0.00761173015360717
480,"MUS","Mauritius",NA,NA,NA,NA,NA,NA,NA,NA,NA,0.059159737421921,0.0686200031098292,0.079014328745036,0.0790376670504125,0.0861279096195868,0.086944211529087,0.0814216679414934,0.0739410710410586,0.0630210075126927,0.0494740305886496,0.0405695398005965,0.0383318200963949,0.0364917609924853,0.0318488350244339,0.0285117976959102,0.0216367908637454,0.0144146029503602,0.0140779265835351,0.0161047731527997,0.0201275625656492,0.0167997812524334
484,"MEX","Mexico",NA,NA,NA,NA,NA,NA,NA,NA,NA,0.0191350964571961,0.0151371346209583,0.0105870643413148,0.00371236688866716,-0.0017072414749596,-0.00621527627158586,-0.0203922914342123,-0.0481244340522132,-0.0433933322117971,-0.0134131276480495,-0.00771140248042958,-0.0043709689999758,0.00119267133243772,0.00343451778917081,0.00864608519045729,0.00958093624949385,0.0134587506528803,0.00688945255408568,0.000753907817638622,-0.00348268562111383,-0.0113300617689697
583,"FSM","Micronesia",NA,NA,NA,NA,NA,NA,NA,NA,NA,0.0413550867516133,0.0685294880071119,0.0969267444318525,0.112373059295325,0.117627899847433,0.10354971520939,0.0672121209046765,0.00667433244547833,-0.01931179589016,-0.0473752260178869,-0.03660631644103,-0.042849185594873,-0.0553336592088739,-0.0471798290103027,-0.0408491185060651,-0.0167759549409276,0.00596849175133096,0.0226486843760827,0.0371514552241652,0.0427233692484545,0.0537607495767634
498,"MDA","Moldova",NA,NA,NA,NA,NA,NA,NA,NA,NA,NA,NA,NA,NA,NA,-0.19296642530177,-0.207763587341055,-0.172727972738589,-0.151570657390669,-0.108536418672107,-0.0721688598590628,-0.0639097057612188,-0.0677168143005263,-0.0609038379349401,-0.0184966414408345,-0.0228751170768875,-0.0275377589825234,-0.0193064986062547,-0.013481345974753,-0.00294024473839439,0.0126003329711508
492,"MCO","Monaco",NA,NA,NA,NA,NA,NA,NA,NA,NA,NA,NA,NA,NA,NA,NA,NA,NA,NA,NA,NA,NA,NA,NA,NA,NA,NA,NA,NA,NA,NA
496,"MNG","Mongolia",NA,NA,NA,NA,NA,NA,NA,NA,NA,-0.0638867405348927,-0.0771803982463995,-0.0609825298746291,-0.0303458348685762,-0.0121712500296534,-0.00367979914989592,0.00737398882967422,0.0166973477821273,0.025759525854145,0.0298909821811439,0.036483123844099,0.0418721879448449,0.0498107227841578,0.0592777042560018,0.0643094749007602,0.0601968975419955,0.0494217389867999,0.0466720595778753,0.044939558830025,0.0750312360541308,0.0989958351515725
499,"MNE","Montenegro",NA,NA,NA,NA,NA,NA,NA,NA,NA,NA,NA,NA,NA,NA,NA,NA,0.708999868591527,1.02726731612657,1.28732683374084,1.31723466870064,1.27571747539435,1.08109079551445,0.753962246339485,0.371337354225044,-0.00428998550855267,-0.0175496323479764,-0.053915997353128,-0.115904496334216,-0.148697780844698,-0.245910531175632
504,"MAR","Morocco",NA,NA,NA,NA,NA,NA,NA,NA,NA,0.0131667595177087,0.00843232256436943,0.00601681749978278,0.00948246901480565,0.00980470628983943,0.0177818639457066,0.0251091442819722,0.0269158968518675,0.0295885053096807,0.0329279107885512,0.0207462725412777,0.0111411198955254,0.00781579702883617,0.00625134530422966,-0.00441766045783823,-0.0149187186080409,-0.0194697034778543,-0.0211097212505757,-0.0123964779928833,-0.0430145078982699,-0.0997703388751485
508,"MOZ","Mozambique",NA,NA,NA,NA,NA,NA,NA,NA,NA,-0.0147342147564703,-0.0136862284975173,0.0286700095709342,0.0673468929020711,0.126248331327326,0.178760038158124,0.218069400861475,0.220672798241708,0.209403682702561,0.169332156296637,0.117162975120871,0.0511037124293867,0.0302434086649259,0.00279399523196355,-0.00819980049394579,-0.00185264563706038,0.00163058694738427,0.0128351035258689,0.026267928104001,0.0281149714154902,0.0296612620323549
104,"MMR","Myanmar",NA,NA,NA,NA,NA,NA,NA,NA,NA,0.050759862690624,0.0489110890122961,0.0399367482604227,0.0394402129111147,0.0402780124192135,0.0424197242061723,0.042334411138194,0.0345693724430824,0.0389707541720448,0.0408362616350522,0.0425004486834744,0.0371014529073428,0.0280803612367344,0.0231770610632032,0.0187914352544483,0.0145586028169027,0.0126383733217896,0.0289873174455868,0.0730628626576824,0.124944399036061,0.161829609493132
516,"NAM","Namibia",NA,NA,NA,NA,NA,NA,NA,NA,NA,-0.238796872270279,-0.264056528213794,-0.184525524440765,-0.0972948141875106,0.0113509543224009,0.108978851695045,0.208192772960161,0.253777996922808,0.310098188185447,0.262756898859398,0.206814940440907,0.146730854956443,0.116397360152865,0.0654894554118532,0.0324317391618087,0.0296873102883746,0.0147756065788751,0.00478021232957926,-0.00030914715060269,-0.011639969132377,-0.0201654365683081
520,"NRU","Nauru",NA,NA,NA,NA,NA,NA,NA,NA,NA,NA,NA,NA,NA,NA,NA,NA,NA,NA,NA,NA,NA,NA,NA,NA,NA,NA,NA,NA,NA,NA
524,"NPL","Nepal",NA,NA,NA,NA,NA,NA,NA,NA,NA,0.0537513512089238,0.0559497650640723,0.0577272170896661,0.0498461605867038,0.0425801922486375,0.0394328681608345,0.0361338388790855,0.0299328356892159,0.0258761568247949,0.0217069247099744,0.0251336399550501,0.035380679688076,0.0466327486157336,0.050696707565923,0.0495554867161447,0.0531484246840774,0.0555706535316651,0.0659476008453399,0.0767940100224644,0.100916846275076,0.115776530746377
528,"NLD","Netherlands",NA,NA,NA,NA,NA,NA,NA,NA,NA,-0.163677361685259,-0.179083621644257,-0.181051616867131,-0.18217047091481,-0.178080381880794,-0.160317646911889,-0.1376958121702,-0.108652637909011,-0.0873779643831886,-0.0835181906625214,-0.0966310673099466,-0.124659542267729,-0.139065776151907,-0.147395754198031,-0.161154718364957,-0.154976898230782,-0.130438571250177,-0.093744220277604,-0.0778347417980551,-0.0774246046984579,-0.0804565022156506
540,"NCL","New Caledonia",NA,NA,NA,NA,NA,NA,NA,NA,NA,NA,NA,NA,NA,NA,NA,NA,NA,NA,NA,NA,NA,NA,NA,NA,NA,NA,NA,NA,NA,NA
554,"NZL","New Zealand",NA,NA,NA,NA,NA,NA,NA,NA,NA,-0.0076854886445901,-0.0040499958362725,0.00210531977849326,0.00876344555968256,0.0246245076863221,0.0324057314774275,0.0431956414754184,0.0448977572369649,0.0382371995528927,0.0325094312406469,0.0118234447376542,-0.00836948098139476,-0.0299836726048899,-0.0504171760554686,-0.0494741548181675,-0.0427356772507759,-0.0260438548534468,-0.0226611840430815,-0.022099638188037,-0.00909297927628459,-0.00952130863563914
558,"NIC","Nicaragua",NA,NA,NA,NA,NA,NA,NA,NA,NA,0.0723222294073507,0.0767120270272441,0.0747832110439,0.0792064324863158,0.0741212338301751,0.0671893631191158,0.055790001941538,0.0485477674433259,0.0335045711979318,0.0228573813436881,0.00919426290894143,-2.83016482799288e-05,-0.00458680114456384,-0.0118347622843548,-0.0270302802518635,-0.0302054386979685,-0.0217036025693198,-0.0112300867940817,-0.0134827380964879,-0.0115306219645719,-0.0135284728760818
562,"NER","Niger",NA,NA,NA,NA,NA,NA,NA,NA,NA,0.0334497764286377,0.123162748998964,0.197658875939305,0.255666185470929,0.294934232885454,0.313866684304917,0.302365171878904,0.262681937962938,0.20002786439416,0.124696619958268,0.0391068138426518,0.0552229229780064,0.0663357165622553,0.0736064727512973,0.0814509064189786,0.0699913646544228,0.052301423007816,0.0313389670051123,0.00972681126038455,-0.00987542131550215,-0.0307215636658445
566,"NGA","Nigeria",NA,NA,NA,NA,NA,NA,NA,NA,NA,-0.0273063291684594,-0.0594168183650077,-0.0699019656022851,-0.0387446480769795,-0.0106053893915703,0.00160925904085563,0.00538408303352167,0.00425701795388633,-0.0177927087180975,-0.0311875964105731,-0.0672663072013343,-0.0853488038948116,-0.0835049252625726,-0.0631426050892396,-0.0182460326306046,0.02026014737689,0.045629026267773,0.0550712577686374,0.0432638819783255,0.0497355989923554,0.0325774467338316
570,"NIU","Niue",NA,NA,NA,NA,NA,NA,NA,NA,NA,NA,NA,NA,NA,NA,NA,NA,NA,NA,NA,NA,NA,NA,NA,NA,NA,NA,NA,NA,NA,NA
408,"PRK","North Korea",NA,NA,NA,NA,NA,NA,NA,NA,NA,NA,NA,NA,NA,NA,NA,NA,NA,NA,NA,NA,NA,NA,NA,NA,NA,NA,NA,NA,NA,NA
807,"MKD","North Macedonia",NA,NA,NA,NA,NA,NA,NA,NA,NA,0.0045916579813623,0.021295782557686,0.0256501221027585,0.0190745987866032,0.0119239966661513,0.00503111901384345,0.00214437741316731,-0.00947793107973658,-0.0165768681941302,-0.0061906582359907,-0.0100913552620919,-0.0103839822422028,0.00187315863039594,0.00182179355024847,-0.00933131832297725,-0.0208457620117047,-0.0383550364652518,-0.0752548703990183,-0.108905594174303,-0.144054205969188,-0.174478128835124
578,"NOR","Norway",NA,NA,NA,NA,NA,NA,NA,NA,NA,-0.108737208434389,-0.0960893879817078,-0.0974613988336983,-0.110790549299633,-0.101485361576126,-0.074418780183807,-0.0550419189506035,-0.0375537486938069,-0.0261186044251635,-0.0168805517937963,-0.0248815945527776,-0.0267684912001772,-0.0291835106835498,-0.0619281977592296,-0.0686915637151963,-0.0556537319249741,-0.0588034717665828,-0.0645214360673589,-0.0775121926544863,-0.0813573529245934,-0.105442924743014
512,"OMN","Oman",NA,NA,NA,NA,NA,NA,NA,NA,NA,0.00320157287947653,-0.0472178591184924,-0.01883862925806,0.00557279919913078,0.0189867064804656,0.0329048654380533,0.0552214637917328,0.0609076108172919,0.0428666750495279,-0.0591410803358976,-0.183165134286631,-0.25737034900185,-0.307771131965877,-0.308181355948121,-0.295503580637473,-0.248276709882448,-0.175750246610637,-0.0834070310453692,0.0128628208434964,0.0229608319508818,0.0351294454526248
586,"PAK","Pakistan",NA,NA,NA,NA,NA,NA,NA,NA,NA,0.061321438914355,0.0523679948523157,0.0379239966842631,0.024642809220919,0.0069602427950719,0.000330638567942243,0.000694061091171205,0.0102393164539858,0.0251060414124711,0.029068189571394,0.0394729109780578,0.0451367160796736,0.0451468685431045,0.0413777591375677,0.0246365640138637,0.015917333757699,0.0061722691966164,0.0105668718094536,0.0207793095907629,0.0302763687823977,0.0421010915515012
585,"PLW","Palau",NA,NA,NA,NA,NA,NA,NA,NA,NA,NA,NA,NA,NA,NA,NA,NA,NA,NA,NA,-0.00126716848364822,-0.0272507795822772,-0.0216180774277909,-0.0123399427927221,-0.00200161872661625,0.00747204937551138,0.0254976312646988,0.0430968667761851,0.0528116243323482,0.0594138569865297,0.0552630028543952
591,"PAN","Panama",NA,NA,NA,NA,NA,NA,NA,NA,NA,0.0671190912160287,0.0577221792033431,0.0744138003325416,0.0661367231360794,0.0649928793544496,0.0569870896976612,0.082313109993313,0.099545061850097,0.0868235891207187,0.0665846053756323,0.0506538933865035,0.044600507080105,0.0564557508061569,0.0418704691797176,0.0303932888767402,0.00823544255816899,0.0175170455566658,0.028427390943174,0.0139373599052535,-0.021878999530531,-0.0453528894628517
598,"PNG","Papua New Guinea",NA,NA,NA,NA,NA,NA,NA,NA,NA,0.0294394922213967,0.0391562525501576,0.0540012458826495,0.0751604004120126,0.0961735747926764,0.115845600103325,0.110152701875912,0.0883404145163509,0.0843737222266931,0.0646017876038338,0.0311314556216251,-0.00448497144679513,-0.0170004970766147,-0.0167164158681979,-0.00891643812540428,0.00589051202907775,0.020766977203909,0.0301197788766085,0.0533109970631236,0.0589091612811579,0.0581669785914889
600,"PRY","Paraguay",NA,NA,NA,NA,NA,NA,NA,NA,NA,0.0895052737814666,0.0699997167497137,0.0438370252821552,0.0270274498823202,0.00880410563310186,0.00297643561766825,-0.00228777769311877,-0.0107090887237625,-0.0542942228642535,-0.0759212958564436,-0.0847091431539836,-0.0799811605466325,-0.0683024869337481,-0.0372894871673146,-0.0228563145284882,-0.0346166073400168,-0.0504835885922617,-0.039426394362246,-0.0766796549297303,-0.100756039915047,-0.120035636254633
604,"PER","Peru",NA,NA,NA,NA,NA,NA,NA,NA,NA,0.0385113733327953,0.0159167701585048,0.017078049320344,0.0144148198315333,0.0106018866932451,0.0130619399518239,0.0131383218847108,0.0108002969693262,-0.0225053882705692,-0.0357559806990478,-0.0461112961645173,-0.0536765222595818,-0.0386217593098558,-0.0282994534645577,-0.00847416768045458,0.00455724873085606,0.0159765093867712,0.0286811110808494,0.0181444787477494,0.0176476400116081,0.0143171742358763
608,"PHL","Philippines",NA,NA,NA,NA,NA,NA,NA,NA,NA,0.0640755996775826,0.0495368370077938,0.0310810720273971,0.00378739613655821,-0.0288491541903616,-0.0760242162139046,-0.0976610399472853,-0.112269117307848,-0.100477900060602,-0.0922884621908635,-0.0953327293210575,-0.0858106283099532,-0.0844892356888323,-0.0916929187716475,-0.0724715553588819,-0.0441460851942221,-0.020264985117458,-0.00252457726225725,0.0150565458786709,0.0283708624388705,0.0380978620630794
616,"POL","Poland",NA,NA,NA,NA,NA,NA,NA,NA,NA,-0.0931739821387609,-0.111474905586301,-0.119449793694982,-0.132914721794307,-0.136537008241918,-0.136488517255946,-0.128952425869319,-0.0985438708178785,-0.0740814925203512,-0.0772803355219193,-0.0931403657494919,-0.101041114148577,-0.10456540420502,-0.109086940168461,-0.110097043867502,-0.111685469824758,-0.107025913945947,-0.103124927194934,-0.0933366012091883,-0.102032892268793,-0.13756765745637
620,"PRT","Portugal",NA,NA,NA,NA,NA,NA,NA,NA,NA,-0.00582274312486538,-0.00695132563272994,-0.0157799568868451,-0.00774597904683096,-0.0399474161623144,-0.0751084008772895,-0.0857704705254853,-0.129405608283121,-0.164277063945824,-0.194972573176546,-0.214147842777541,-0.236409516510397,-0.232720693460099,-0.163526159415497,-0.113404844375022,-0.0776490338969622,-0.0434019964656923,-0.0297906160198038,-0.0342412043663608,-0.0493684224429713,-0.0525651036326314
634,"QAT","Qatar",NA,NA,NA,NA,NA,NA,NA,NA,NA,NA,NA,NA,NA,NA,NA,NA,NA,NA,NA,0.0864209278685784,0.0404131742293468,-0.0111479210870263,-0.0379120335241533,-0.0251797472613172,-0.0423271275057151,-0.0892162653753995,-0.132022663592023,-0.0301115680284415,0.00814884053053522,-0.0318437245099236
178,"COG","Republic of Congo",NA,NA,NA,NA,NA,NA,NA,NA,NA,-0.127971719110248,-0.108994052870735,-0.0406320198354739,-0.0214370948806606,0.0319185475148269,0.0528351440628949,0.0901558620399403,0.126225564118443,0.134893618887978,0.160241170161259,0.167396924029838,0.170024167647187,0.185831402255522,0.152352950489978,0.150317276157292,0.133639935524561,0.102165651684279,0.0641441370790228,0.0215357293162799,0.00806006289414385,-0.000220350876859348
642,"ROU","Romania",NA,NA,NA,NA,NA,NA,NA,NA,NA,-0.0468305223470739,-0.0914959260065825,-0.0960586961612773,-0.0787998372468842,-0.0409694991398238,-0.0223040409747665,-0.0036175504546968,0.0194350855519048,0.0248117567470638,0.0180721704468023,-0.00181831187777563,-0.0393192428860197,-0.0812188157443357,-0.135998498427998,-0.180003721625325,-0.22673959027564,-0.250178024847692,-0.262623448581935,-0.274283841947713,-0.300207294658932,-0.30936232852969
643,"RUS","Russia",NA,NA,NA,NA,NA,NA,NA,NA,NA,-0.00180169985836204,-0.00503766004845163,-0.0154346003783153,-0.0376838764774997,-0.0534224967578804,-0.0535030411982159,-0.0516235599220932,-0.0525159555721408,-0.0502785277208774,-0.0353505268836704,-0.0261374938971161,-0.0142783165720388,-8.7781723231588e-05,0.00849830389303641,0.00962362212301282,0.00720725369424979,0.00331995565427401,-0.00549952382521913,-0.0228238035643236,-0.0259853803761258,-0.0333444840386502
646,"RWA","Rwanda",NA,NA,NA,NA,NA,NA,NA,NA,NA,-0.000832490031810467,0.011050600386036,0.0208442557853936,0.0223394524754945,0.0180381124760221,0.0192349689631239,0.01885578363729,0.0168745986554391,0.0131723877931478,0.0128602479090705,0.0137195387919484,0.0152783566751902,0.0198635402441629,0.0196192012510739,0.0144965765727603,0.0140721275718376,0.00772323067684444,0.00263304669105469,0.000779691150184725,-0.00256080292891308,-0.00482243951366587
652,"BLM","Saint Barthelemy",NA,NA,NA,NA,NA,NA,NA,NA,NA,NA,NA,NA,NA,NA,NA,NA,NA,NA,NA,NA,NA,NA,NA,NA,NA,NA,NA,NA,NA,NA
659,"KNA","Saint Kitts and Nevis",NA,NA,NA,NA,NA,NA,NA,NA,NA,0.0895879647202551,0.0798244361871889,0.103503622534282,0.117586403789549,0.130210665149183,0.133682717510475,0.125575117532319,0.108437982612507,0.10500715941009,0.0974449388215781,0.0805032331133508,0.0604318968686919,0.0354942815028834,0.0249766195659653,0.0181515964434529,0.0107788985406605,0.00052134326363662,-0.0124133230987094,-0.0488349875017443,-0.0724407103041249,-0.0840435233485821
662,"LCA","Saint Lucia",NA,NA,NA,NA,NA,NA,NA,NA,NA,0.0675519428737987,0.0431518693266246,0.026246349558412,0.00997239485215928,0.000494559828060126,-0.00607629038132801,-0.00381839098815034,0.000641018481376321,0.00420130443620392,0.0123265886051553,0.0187464620772759,0.0309507691975592,0.0201766827671899,0.0158738800763907,0.0163191519068453,0.0121292065258787,0.00462242147333325,-0.0069484538757771,-0.0491024010639664,-0.0715181067867948,-0.0880235683066071
670,"VCT","Saint Vincent and the Grenadines",NA,NA,NA,NA,NA,NA,NA,NA,NA,0.0773479661837009,0.0560066519182432,0.0437485487447054,0.033416900995171,0.0303469562953977,0.0364777616935494,0.0377221128323664,0.034931313685804,0.0297680504472813,0.0387019541551983,0.0451191732737468,0.0438294930166305,0.0224288142012876,0.0156267793162388,0.0110085125550605,0.00841196882891859,0.00122480185011686,-0.00923183701666424,-0.0453711470653779,-0.0712465032798421,-0.0861754787605542
882,"WSM","Samoa",NA,NA,NA,NA,NA,NA,NA,NA,NA,0.0137723564260643,0.0180898163001677,0.0224184955029727,0.0335011756930412,0.0463588084816404,0.0501148335165613,0.0504593484454228,0.042816832140147,0.0272201014298974,0.0121117890281504,-0.00159305087869286,-0.0159448653937012,-0.00437148363681607,0.0078596110049447,0.0188502705033795,0.0317118481118395,0.0487379444571765,0.0621927944346286,0.0671411955902763,0.0683069333431801,0.0597943174854114
674,"SMR","San Marino",NA,NA,NA,NA,NA,NA,NA,NA,NA,NA,NA,NA,NA,NA,NA,NA,NA,NA,NA,NA,NA,NA,NA,NA,NA,NA,NA,NA,NA,NA
678,"STP","Sao Tome and Principe",NA,NA,NA,NA,NA,NA,NA,NA,NA,NA,NA,NA,NA,NA,NA,NA,NA,NA,NA,NA,0.0510053889912598,0.0385606349408023,0.0236854051146205,0.0074456657563633,0.00467821746333863,0.00643210109378844,0.01303538700379,0.0198004821421942,0.0210783874829228,0.0234019040558324
682,"SAU","Saudi Arabia",NA,NA,NA,NA,NA,NA,NA,NA,NA,0.0432868165558844,0.0403464310684178,0.0319159471717032,0.0262482644821955,0.0231092061777896,0.0234971198619729,0.0218580640187021,0.0289827004243322,0.0270021914912402,0.0335315090286212,0.0439000473980251,0.0566573690043584,0.0597337425346964,0.0571893577829268,0.0519518108690602,0.0480362096551556,0.0448682478968352,0.0448349807414776,0.0376923425687903,0.0266719486978511,0.0189068654729752
686,"SEN","Senegal",NA,NA,NA,NA,NA,NA,NA,NA,NA,0.0403396223576331,0.0380897227089623,0.0370094689499034,0.0391956641997373,0.0317401660271377,0.032318556268524,0.0318701137367936,0.0263264827555549,0.0274596440727797,0.0260936048413216,0.0382830627844761,0.035624923535631,0.0316407499683296,0.026155709388721,0.0207511856567517,0.0270209303865652,0.0415138001494622,0.0527111568084075,0.0653946645433212,0.0703299559492152,0.0799857867687934
688,"SRB","Serbia",NA,NA,NA,NA,NA,NA,NA,NA,NA,NA,NA,NA,NA,NA,-0.00102039140814003,-0.00585274327605378,-0.00606519826513548,0.00167222757935837,0.0107377082773084,0.00436515705696361,-0.00142743762135259,-0.000910688305427225,-0.00228418157527757,0.00262257235072316,-0.00687241885338829,-0.0125638409635243,-0.0141333861743715,-0.0101304388037701,-0.0236559147037494,-0.0374224595913373
690,"SYC","Seychelles",NA,NA,NA,NA,NA,NA,NA,NA,NA,0.176164478049812,0.186674493394413,0.204562989339864,0.193247939917468,0.16191373858896,0.150656291303549,0.116686931055139,0.0714849063065688,0.0496425161700729,0.038498003685342,0.0317314439660328,0.0227801853752716,0.0106559372182173,-0.0189964513224702,-0.0754217601364405,-0.0853922964263395,-0.0851455426913816,-0.066378956369611,-0.0541211406337737,-0.0303603675751079,-0.00234385490523346
694,"SLE","Sierra Leone",NA,NA,NA,NA,NA,NA,NA,NA,NA,-0.00388826226357053,0.00110385702139815,0.0403053894627972,0.0550868597600944,0.0610095994970892,0.0689521497434993,0.0650217220666394,0.0684464093914039,0.0540450227252833,0.0414125264534804,0.0226167370196679,0.00940659684480827,0.0138425291446749,0.0169429095417648,0.0156983257875316,0.0200123958492264,0.0174058879693593,0.0269070143904713,0.0280727151704816,0.0291156595337749,0.0265049892152609
702,"SGP","Singapore",NA,NA,NA,NA,NA,NA,NA,NA,NA,-0.0637744516194934,-0.0884265730127212,-0.112633624992867,-0.143117846339899,-0.153245362841257,-0.135903204726698,-0.100227874221209,-0.0798799696057781,-0.0508614764524874,-0.0355893439073733,-0.0475184644988359,-0.0425786506713477,-0.0270704552310486,-0.0315106684462469,-0.0699475458057952,-0.0908170039821463,-0.101108605134614,-0.117360559730263,-0.119939391617138,-0.136453521378992,-0.180214181629514
534,"SXM","Sint Maarten",NA,NA,NA,NA,NA,NA,NA,NA,NA,NA,NA,NA,NA,NA,NA,NA,NA,NA,NA,NA,NA,NA,NA,NA,NA,NA,NA,NA,-0.0208573206247127,NA
703,"SVK","Slovakia",NA,NA,NA,NA,NA,NA,NA,NA,NA,NA,NA,-0.0778693841900741,-0.0679398894100304,-0.0567078787741525,-0.0600913910771851,-0.0673193650012732,-0.0765442660654944,-0.102451260607947,-0.122309985917181,-0.139986921587791,-0.131654007129987,-0.107583296516021,-0.11138760014178,-0.108316846669232,-0.115593946857842,-0.0681756970865264,-0.111980351415608,-0.160202300720952,-0.194704106894692,-0.234968133862941
705,"SVN","Slovenia",NA,NA,NA,NA,NA,NA,NA,NA,NA,NA,NA,NA,NA,NA,-0.198155929961639,-0.226167614790904,-0.319321815231378,-0.371918223747417,-0.397603097449473,-0.416784656928899,-0.411614797656844,-0.386252894898682,-0.336803010626084,-0.237865021994395,-0.154017016361845,-0.0864480534085977,-0.121245890858801,-0.177985772868317,-0.227851948550899,-0.240620759664583
90,"SLB","Solomon Islands",NA,NA,NA,NA,NA,NA,NA,NA,NA,0.0051822135387205,0.00981946390730948,0.0164540705410157,0.0287677148157104,0.0413387832652792,0.0435501954669797,0.0387463616922963,0.0254706955494954,0.00658647742235918,-0.0195521208998265,-0.051257357757181,-0.0751424119577533,-0.0655078291020116,-0.0413525367733214,-0.0167225284408598,0.00203179272610576,0.0211325645763887,0.0368325266253757,0.0465850000435086,0.0537208250681067,0.0521525425441438
706,"SOM","Somalia",NA,NA,NA,NA,NA,NA,NA,NA,NA,NA,NA,NA,NA,NA,NA,NA,NA,NA,NA,NA,NA,NA,NA,NA,NA,NA,NA,NA,NA,NA
710,"ZAF","South Africa",NA,NA,NA,NA,NA,NA,NA,NA,NA,0.0157801018609698,0.0177089773957246,0.0239026518150189,0.0260188212765995,0.0266523637972962,0.0285251925232448,0.0258315501129618,0.0237785461926217,0.0253268533726791,0.0319323008331078,0.0254976613891447,0.0174527858363518,0.0118932778404532,0.00835867909835319,0.00627703718237815,0.0100500259614822,0.00596198706299078,0.000965301157526355,-0.00235241707595843,0.00145894982313255,0.00125509600674345
410,"KOR","South Korea",NA,NA,NA,NA,NA,NA,NA,NA,NA,-0.0715268183179843,-0.0916937567355955,-0.0988924077766449,-0.0979491051052085,-0.0851843524891929,-0.0793784675124817,-0.0759396798454535,-0.0605993353914142,-0.0538767257160335,-0.05717070263903,-0.0663041382605924,-0.0667139556029671,-0.0562018636938797,-0.0483546196004156,-0.0404018533282793,-0.0450691736471606,-0.0536074259784117,-0.0417218859352935,-0.0510937938036154,-0.0536328900261701,-0.0626934462004395
728,"SSD","South Sudan",NA,NA,NA,NA,NA,NA,NA,NA,NA,NA,NA,NA,NA,NA,NA,NA,NA,NA,NA,NA,NA,NA,NA,NA,NA,NA,NA,NA,NA,NA
724,"ESP","Spain",NA,NA,NA,NA,NA,NA,NA,NA,NA,-0.0770894060099753,-0.0851052370101749,-0.0884204437812123,-0.0708803844979193,-0.0731881018678381,-0.0653049248821011,-0.060078950778652,-0.0735914168623824,-0.0754218423792849,-0.164174171236294,-0.242616861013849,-0.311263199554493,-0.339211948857562,-0.302186696930476,-0.25278935517239,-0.161127104813639,-0.0824136998289827,-0.0558133990032194,-0.0303198643428586,-0.0346360111431961,-0.050825669496001
144,"LKA","Sri Lanka",NA,NA,NA,NA,NA,NA,NA,NA,NA,0.109543617449924,0.11731527064287,0.113406998272087,0.118302773766066,0.117977785920355,0.107905679195365,0.0812389408737664,0.0652816622516017,0.0480869192133495,0.0335594840900142,0.0166691167714068,0.0113120829776163,0.0123646954162695,0.0172987991334626,0.00664010590782671,0.0100812167463409,0.0327093621252053,0.0422643108639407,0.0488621901579656,0.0664801875671235,0.0766245696504499
275,"PSE","State of Palestine",NA,NA,NA,NA,NA,NA,NA,NA,NA,NA,NA,NA,NA,NA,NA,NA,NA,NA,NA,NA,NA,NA,NA,NA,NA,NA,NA,NA,NA,NA
729,"SDN","Sudan",NA,NA,NA,NA,NA,NA,NA,NA,NA,0.00124580549845144,0.0116518907429131,0.0242756012074563,0.0391726920154454,0.0244944135906555,0.0404942294433592,0.0574069823045966,0.075682384473162,0.108291888949636,0.132148345577379,0.139581009194574,0.136889805964785,0.117304030869404,0.0960065108709156,0.0638491581579679,-0.00377965840105968,-0.0457976775758926,-0.0587999192457873,-0.0612881367055568,-0.0377436620714576,-0.010195843202312
740,"SUR","Suriname",NA,NA,NA,NA,NA,NA,NA,NA,NA,-0.0151142560638522,0.0373293776564991,0.0873173216704199,0.0781880999020452,0.0774160690245822,0.0824529457805594,0.101365626613569,0.0919891109876287,0.0612789994199383,0.0240570115641798,-0.0444304308179596,-0.00246341390046953,0.0497443221629048,0.0452427604899415,0.0497956107579651,0.0589977303289242,0.0895783566431914,0.0922247173896322,0.0770321195370631,0.0544119390078668,0.0238172043348377
752,"SWE","Sweden",NA,NA,NA,NA,NA,NA,NA,NA,NA,-0.158531831805119,-0.171880716673291,-0.174057684894892,-0.163927275539367,-0.146693023087063,-0.130621215629919,-0.115844945874762,-0.0939167513193763,-0.08715350239748,-0.0833869918885872,-0.0866339355105995,-0.0683268725759025,-0.0735950324297614,-0.077691055785556,-0.0785656561534074,-0.0926523580602223,-0.112148503665599,-0.119074925825188,-0.129405051545719,-0.136893867981921,-0.133494584413916
756,"CHE","Switzerland",NA,NA,NA,NA,NA,NA,NA,NA,NA,-0.128847602182835,-0.145696185171331,-0.137600782606066,-0.137857367936479,-0.132789753862663,-0.126468811771085,-0.115077488276009,-0.100009400995241,-0.10524685116492,-0.0934526617670992,-0.0961532715488486,-0.103826086411894,-0.116162146293291,-0.127188957487149,-0.130624267105658,-0.130995309257847,-0.149979002601978,-0.162073887399831,-0.170967543515318,-0.169909218264266,-0.166466892383207
760,"SYR","Syria",NA,NA,NA,NA,NA,NA,NA,NA,NA,0.0196802160332725,0.014829937800702,0.0215307200414114,0.0190156315827577,0.0138503534171244,0.0100345302619764,0.0249854935963703,0.0433796012383483,0.0543633084912778,0.0681869222688003,0.0674211558217555,0.0541106706704673,NA,NA,NA,NA,NA,NA,NA,NA,NA
158,"TWN","Taiwan",NA,NA,NA,NA,NA,NA,NA,NA,NA,-0.114517508897837,-0.115004717186573,-0.117941437040852,-0.0988104584118255,-0.0989052528012256,-0.089178650219658,-0.0784503622297432,-0.0797068421352201,-0.0807349945647441,-0.0922759789354857,-0.113716569357321,-0.11780244193597,-0.122446194989369,-0.126825652134652,-0.132068444635023,-0.131597008872851,-0.130496862694469,-0.118003435033778,-0.106351154680046,-0.101871419209402,-0.11226240500406
762,"TJK","Tajikistan",NA,NA,NA,NA,NA,NA,NA,NA,NA,-0.00176561462685308,-0.00274026903150361,-0.00838842420236333,-0.0233614427968008,-0.0397402857205915,-0.0140661677662499,0.00118085004067892,0.0204842739235631,0.0423428020034791,0.0667750501706716,0.0766978616845855,0.0722585718346276,0.071566983908371,0.071905812638051,0.069389302422455,0.0659718976661634,0.0540953367019235,0.0416125691315974,0.0369913489953386,0.0378603873764984,0.0422479979596631
834,"TZA","Tanzania",NA,NA,NA,NA,NA,NA,NA,NA,NA,0.0453939785370778,0.0501973959006639,0.0483223761749403,0.0456909281371383,0.0419821909581546,0.0615667230644752,0.0748921828229443,0.0851050534382798,0.071227199794377,0.042424188093181,0.00925756272873679,-0.0107499423138482,-0.0165012180883591,-0.00631817956274982,0.00328344936544411,0.0253448511312049,0.0505350968097893,0.0545999443691203,0.0468974220792095,0.0282016165818424,-0.0032319007849405
764,"THA","Thailand",NA,NA,NA,NA,NA,NA,NA,NA,NA,-0.0181369820487418,-0.0916968783109896,-0.15937662959308,-0.215191908880614,-0.251485818136002,-0.237900133366404,-0.198878092416741,-0.154185649887289,-0.099091732081,-0.0534662629109145,-0.0535212199512654,-0.0734319939192773,-0.0770914517368049,-0.0822822068392559,-0.0921578332981082,-0.0827904211440612,-0.082290377068777,-0.0761108004925578,-0.0785199487001407,-0.0654099805335183,-0.072890656060817
626,"TLS","Timor-Leste",NA,NA,NA,NA,NA,NA,NA,NA,NA,NA,NA,NA,NA,NA,NA,NA,NA,NA,NA,0.254496394460253,0.112882134222328,-0.0609948705561874,-0.0438886633109187,-0.0298496294439551,-0.00739760061205705,0.0123263603741817,0.0293425409550996,0.0392888397718474,0.049704300356644,0.0492975066766626
768,"TGO","Togo",NA,NA,NA,NA,NA,NA,NA,NA,NA,0.0895142349334392,0.117048891566035,0.118936758424721,0.0877082685603903,0.0427623725417525,0.0336555624021562,6.08911415762581e-05,0.00290569759357329,-0.0199857114939537,-0.0399553509778021,0.0299666486503651,0.0922294391158178,0.0817677324928019,0.0625120002756352,0.0555547912516356,0.045649176797224,0.0231450646529259,0.00287376757572022,-0.031982177923966,-0.0764335409631541,-0.0217098955148951
776,"TON","Tonga",NA,NA,NA,NA,NA,NA,NA,NA,NA,0.0286824493497237,0.0268971565530645,0.0322724146799462,0.0326716528407678,0.0486599076604668,0.0556184217587627,0.0566010280874347,0.0405635710280374,0.0208196462983046,-0.000797163919151001,-0.00501035412437139,-0.0202058355419712,-0.0580384838070041,-0.0631501364384921,-0.0580738867877434,-0.0432393835573796,-0.0151749715423695,0.0101685226314718,0.0197119949038045,0.0325374050078535,0.043969584256025
780,"TTO","Trinidad and Tobago",NA,NA,NA,NA,NA,NA,NA,NA,NA,-0.0146219652620801,-0.0114063393275491,-0.000788665250087817,0.016194988280646,0.0729038388856975,0.0596764350414012,0.131318485563247,0.150028360827186,0.15948598932814,0.110397029466442,0.0702883037596542,0.0122664362760316,-0.0523872678091942,-0.149975098358969,-0.130806320519944,-0.261503354990833,-0.155160568139409,-0.0895703841372802,-0.0176869880819906,-0.012203013653373,0.0118876142917594
788,"TUN","Tunisia",NA,NA,NA,NA,NA,NA,NA,NA,NA,-0.0676575112648883,-0.0711068273505085,-0.0477463872447731,-0.0258396933969303,-0.0034229347618799,0.00516209521518363,0.0037470364011043,0.0101460860107696,0.0183511392294726,0.0166068279965585,0.0120718872367707,0.00430209671793724,-0.0114776975900582,-0.0266794300725478,-0.0450389555779706,-0.0877800600425926,-0.112542165296666,-0.134225262231038,-0.131875525778587,-0.122577744922674,-0.101417703435797
792,"TUR","Turkey",NA,NA,NA,NA,NA,NA,NA,NA,NA,0.0376817373428378,0.0377119776349226,0.031452853884445,0.0222013875634224,0.00640831603869163,-0.0133723440398995,-0.0211356952368512,-0.0166749337380944,-0.00346380912873818,0.00719215047455579,0.0158000210502358,0.0209415920699099,0.0252134525088763,0.0214403725862558,0.00434196678758214,-0.0119931942073754,-0.0279691470121617,-0.0211654850606309,-0.00132270799700339,0.0118282657614008,0.0230637179947173
795,"TKM","Turkmenistan",NA,NA,NA,NA,NA,NA,NA,NA,NA,-0.00962551082743593,-0.0166762898582304,-0.0284324493149326,-0.0115787435124253,0.00290468621916196,0.00779255405891921,0.00476512290118558,0.00574118409519553,0.0017915434414042,0.0107223691777896,0.0141149498757305,0.0113289906667207,0.0147124728581285,0.015079586266125,0.0261803590773277,0.0357898376079382,0.0408688910614141,0.0353657760141513,0.0352009858722104,0.0329906498120256,0.0266630071370626
796,"TCA","Turks and Caicos Islands",NA,NA,NA,NA,NA,NA,NA,NA,NA,NA,NA,NA,NA,NA,NA,NA,NA,NA,NA,NA,NA,NA,NA,NA,NA,NA,NA,NA,NA,NA
798,"TUV","Tuvalu",NA,NA,NA,NA,NA,NA,NA,NA,NA,NA,NA,NA,NA,NA,NA,NA,NA,NA,NA,NA,NA,NA,NA,NA,NA,NA,NA,NA,NA,NA
800,"UGA","Uganda",NA,NA,NA,NA,NA,NA,NA,NA,NA,0.0450689531764055,0.0519353565008374,0.0586727918540371,0.0562958565926654,0.0477542940931026,0.0432158588816409,0.0521471699256364,0.0629049097555325,0.0707771009622546,0.0810508257007299,0.0856164693880177,0.0832008688488179,0.0774775981981906,0.0626119838787251,0.039966262795488,0.0223749210666415,0.00402248738361211,-0.010085194460783,-0.0123703118181466,-0.0133100145022488,-0.00785038383489265
804,"UKR","Ukraine",NA,NA,NA,NA,NA,NA,NA,NA,NA,-0.00127917413755962,-0.00238621957377988,-0.00673752634960687,-0.0173333451262187,-0.0459809543290821,-0.0669684347727438,-0.0614948240120755,-0.0369544648343774,-0.013691336133156,0.00304317554359135,0.00562226847972913,0.00785303604875143,0.0115108507505424,0.0166728554560533,0.0294929693032355,0.0241253636792302,-0.000808279271839432,-0.00423454644531392,-0.0136708531979241,-0.0259736247887057,-0.0596879486504256
784,"ARE","United Arab Emirates",NA,NA,NA,NA,NA,NA,NA,NA,NA,0.00842514718539933,0.0136149394064953,0.0397748195319496,0.0629428891428496,0.0792684594888722,0.0914228423386236,0.0966922344285026,0.0934769983004724,0.0785018553490984,0.0441796048025931,0.000140756959095434,-0.0248951878072239,-0.0475791441386175,-0.0595939862631616,-0.0719984318863565,-0.0564306451934442,-0.0254511529384328,0.00365485464752302,0.0162043292937875,0.031929719973838,0.0204143793199696
826,"GBR","United Kingdom",NA,NA,NA,NA,NA,NA,NA,NA,NA,-0.229178106241147,-0.243264074801965,-0.244690893640886,-0.23603629049043,-0.21448152452822,-0.20281857127586,-0.194924196465274,-0.183859876741877,-0.185246312800713,-0.190235745231916,-0.212211210281891,-0.20969787686906,-0.200127186377635,-0.172506806189813,-0.140118149517571,-0.128017194023259,-0.142844345514585,-0.182407345120512,-0.213712871512381,-0.239037690299193,-0.269551072185538
840,"USA","United States of America",NA,NA,NA,NA,NA,NA,NA,NA,NA,-0.0610759344081902,-0.0662252508299979,-0.0692128175864297,-0.0749599588228284,-0.0743392105400287,-0.0680584467415504,-0.0696932274125274,-0.0775836090547302,-0.0849491371565722,-0.0921849549263788,-0.104762453302953,-0.127155959768561,-0.15370889558846,-0.199104606683044,-0.229988551360797,-0.235037023527993,-0.228874403961192,-0.234187737059344,-0.252129486212434,-0.253910482296738,-0.252128818561885
858,"URY","Uruguay",NA,NA,NA,NA,NA,NA,NA,NA,NA,0.0494705288550159,0.0411939285175567,0.0308546171617761,0.0147579607281374,-0.00287138759147554,-0.00834925302709571,-0.0110241439053939,-0.000675071597619872,0.00693177477773355,0.0353003132687182,0.0834526992319684,0.0859834935398047,0.0809977361429808,0.0741849768956782,0.0415127406210396,0.00756096077692492,-0.0380324351766017,-0.0617513753252142,-0.125607768683988,-0.128446385688782,-0.116703549099643
860,"UZB","Uzbekistan",NA,NA,NA,NA,NA,NA,NA,NA,NA,-0.0205715913203909,-0.0402692734458246,-0.0568117567549305,-0.0464126866755489,-0.0320333059169649,-0.0200481413973426,-0.0240315820569572,-0.0192549973724293,-0.0160066998532679,-0.0057076806204853,-0.014675248278495,-0.0277301811978033,-0.0398727259502238,-0.0183661524921155,0.0117173946038036,0.0271445945600624,0.0337185598665892,0.0393755876784136,0.0479233040772324,0.0624929462245727,0.0604605561355098
548,"VUT","Vanuatu",NA,NA,NA,NA,NA,NA,NA,NA,NA,0.037864160629953,0.0420337286804515,0.0454989359491964,0.0496208513344427,0.0485697168182078,0.0180722109586056,-0.0250780691172565,-0.0860659087017425,-0.0671888164274843,-0.0580059829409467,-0.0318939980686982,-0.0133084825701448,0.0275762587059092,0.0693638955167726,0.104745300387781,0.109664969448055,0.108452490226697,0.0832994446969673,0.0822401765228316,0.071349529873193,0.0622390383620812
862,"VEN","Venezuela",NA,NA,NA,NA,NA,NA,NA,NA,NA,-0.00475991649336686,0.0072595443425767,0.019281248911218,0.0281823725299399,0.0270642698458807,0.0242242013386333,0.0243115906210418,0.0236773127687093,0.0128153340797246,0.0199035113263852,0.0315989250337914,0.0458798164860492,0.0536381746796792,0.0564450321094034,0.0490583517248095,0.0368596521165054,0.0204866006633231,-0.000752911804304904,-0.0080047548546977,-0.00628128436269104,-0.00495351447872697
704,"VNM","Viet Nam",NA,NA,NA,NA,NA,NA,NA,NA,NA,0.0952931801087535,0.101772928181009,0.104647990560114,0.101521187816509,0.0934298948166326,0.0863354343724214,0.0779851876335451,0.070069238811127,0.0709269826381378,0.0701428860640572,0.062909612459469,0.0531483736258465,0.0369073818095045,0.0172887656992931,-0.00661087409625154,-0.0249725837644766,-0.0211572528573791,-0.00970023125497133,0.00620881228622761,0.0302859006525489,0.0640791916487902
876,"WLF","Wallis and Futuna Islands",NA,NA,NA,NA,NA,NA,NA,NA,NA,NA,NA,NA,NA,NA,NA,NA,NA,NA,NA,NA,NA,NA,NA,NA,NA,NA,NA,NA,NA,NA
732,"ESH","Western Sahara",NA,NA,NA,NA,NA,NA,NA,NA,NA,NA,NA,NA,NA,NA,NA,NA,NA,NA,NA,NA,NA,NA,NA,NA,NA,NA,NA,NA,NA,NA
887,"YEM","Yemen",NA,NA,NA,NA,NA,NA,NA,NA,NA,0.0729914209692828,0.065446533730084,0.0792064955133245,0.0854357544536126,0.0879143489466301,0.0809442201897799,0.0771593812055291,0.0665804962230208,0.0539624025404302,0.044808963643661,0.0464536256554573,0.0447520272451278,0.0320304374451703,0.00532086505155127,0.000754969294788577,-0.00361357732643523,-0.00445740273944793,-0.00326249553062865,-0.00293278734402856,-0.00262306834650103,-0.00103402753511411
894,"ZMB","Zambia",NA,NA,NA,NA,NA,NA,NA,NA,NA,-0.0979921482254721,-0.0983775394058692,-0.0285253734632594,0.0167923806273622,0.0243481744613931,0.0214903373657145,-0.00911092995391877,-0.00923689868528973,-0.0343221775020727,-0.0453588109622663,-0.0291197545479033,-0.000838571772198072,0.0573706462847512,0.113686024376939,0.13458879630874,0.151570493798765,0.141152155596495,0.141573163283315,0.111694348273465,0.0802120152391765,0.0629001910372653
716,"ZWE","Zimbabwe",NA,NA,NA,NA,NA,NA,NA,NA,NA,-0.103280315084017,-0.108958135605738,-0.114014239752884,-0.102493303762839,-0.0540461098332373,-0.0261010444820521,-0.0125483498399445,-0.00749529769314397,-0.00510591115387554,-0.00520359706453834,-0.00421539645404913,-0.00214330614051646,-0.00163595236089014,-0.000854299875857388,0.00218583841229658,0.00573239098824763,0.0124233687543245,0.00840079377481917,0.0013249722712867,-0.0238031200067209,-0.0705834011748951
