"code","iso","country","WTL.raw.1997","WTL.raw.1998","WTL.raw.1999","WTL.raw.2000","WTL.raw.2001","WTL.raw.2002","WTL.raw.2003","WTL.raw.2004","WTL.raw.2005","WTL.raw.2006","WTL.raw.2007","WTL.raw.2008","WTL.raw.2009","WTL.raw.2010","WTL.raw.2011","WTL.raw.2012","WTL.raw.2013","WTL.raw.2014","WTL.raw.2015","WTL.raw.2016","WTL.raw.2017","WTL.raw.2018","WTL.raw.2019","WTL.raw.2020"
4,"AFG","Afghanistan",0,0,0,0,0,0,0,0,0,0,0,0,0,0,0,0,0,0,0,0,0,0,0,0
8,"ALB","Albania",0,0,0.000496825042664624,0.00177823874877564,0.00177823874877564,0.00177823874877564,0.00356891989933663,0.00410264791208557,0.00282123420597456,0.00410066701957348,0.00410066701957348,0.00282455047381962,0.00205111613856499,0.00205111613856499,0.000771683324966075,0.000771683324966075,0.000764201825271601,0.000507083105112659,0.000507083105112659,0.000507083105112659,0.00206635244472519,0.00233350738146965,0.0026016058152028,0.00260160757756271
12,"DZA","Algeria",0.00303258647314584,0.00303258647314584,0.0037918037846153,0.00227748762916988,0.00151846205595854,0.000759217311469451,0.000759217311469451,0,0,0,0,0,0,0,0,0,0,0,0,0,0,0,0,0
20,"AND","Andorra",-9999,-9999,-9999,-9999,-9999,-9999,-9999,-9999,-9999,-9999,-9999,-9999,-9999,-9999,-9999,-9999,-9999,-9999,-9999,-9999,-9999,-9999,-9999,-9999
24,"AGO","Angola",0.000944704432543274,0.0015111293024146,0.00244640142308914,0.00217379388330948,0.00177560325857141,0.00154424955199759,0.000992079525901975,5.68074052274385e-05,1.42548437757093e-05,1.42548437757093e-05,1.42548437757093e-05,0,0,0,0.000191968064274446,0.000191968064274446,0.000191968064274446,0.000191968064274446,0.000191968064274446,0,0,0,0,0
660,"AIA","Anguilla",0,0,0,0,0,0,0.00416584638532872,0.00416584638532872,0.00416584638532872,0.00416584638532872,0.00416584638532872,0,0,0,0,0,0,0,0,0,0,0,0,1.33946725790292e-08
28,"ATG","Antigua and Barbuda",0.000690272057538643,0.000690313338855769,0.000690313338855769,0.0130839745008046,0.0130839745008046,0.0144652797867387,0.013774966447883,0.0220600341035989,0.0096663729416501,0.0096663729416501,0.00828506765571596,0.0110378800995067,0.0172122974960356,0.0172122974960356,0.0172122974960356,0.0172122974960356,0.0144594850522448,0,0,0,0,0,0,0
32,"ARG","Argentina",0.00036503130334228,0.0003628104639747,0.000361490945245672,0.000136834847404208,0,0,0,0,0,0,0,0,0,0.00146146476247831,0.00146146476247831,0.00146146476247831,0.00178522204978297,0.00261538083531974,0.00115596170447427,0.00115596170447427,0.00143251275322048,0.00110875546591582,0.000678065482250619,0.000676019850617775
51,"ARM","Armenia",0,0,0.00738140871345036,0.00738140871345036,0.00738140871345036,0.0275596771601052,0.0338750427211306,0.0264936340076802,0.0296615741087248,0.0296615741087248,0.0105362504993837,0.00422088493835834,0.00633202269701043,0.00316408259596589,0.00316408259596589,0.0021111377586521,0.0021111377586521,0,0,0,0,0,0,6.41871500194198e-09
533,"ABW","Aruba",0,0,0,0,0,0,0,0,0,0,0,0,0,0,0.0181844774478893,0.0181844774478893,0.0181844774478893,0.0181844774478893,0.0363687606909995,0.0181842832431102,0.0181842832431102,0.0181842832431102,0.0181842832431102,0
36,"AUS","Australia",0.000927033563243522,0.00107913820102211,0.00147091876715279,0.00123452086963774,0.001039355960644,0.000762574585265555,0.00060902843102024,0.000215942859384075,0,0,0,0,0,0,0,2.91976322082849e-06,5.43352909370437e-06,5.43352909370437e-06,5.78688624367785e-06,5.78688624367785e-06,2.86712302284938e-06,3.53357149973494e-07,9.81050263131642e-05,0.000135042001135686
40,"AUT","Austria",0.00382073820319687,0.00382073820319687,0.00372626954346553,0.00161908341672401,0.000380840155872197,1.25251829845991e-07,9.74700048687147e-05,9.74700048687147e-05,9.74700048687147e-05,0.000288419723309249,0.00277026153163254,0.00658686348770728,0.00725747279750584,0.00725747279750584,0.00706639782723546,0.00468025194100449,0.000766305231890885,9.56959220923221e-05,9.56959220923221e-05,9.56959220923221e-05,0.000571279028924648,0.000571279028924648,0.000571279028924648,0.000571279028924648
31,"AZE","Azerbaijan",0,0,0,0.000472351602043299,0.0037786782206965,0.0037786782206965,0.0037786782206965,0.0037786782206965,0.0033063266186532,0,0,0,0,0,0,0,0,0,0,0.000467045314846687,0.000467045314846687,0.000467045314846687,0.000467045314846687,0.000467045314846687
44,"BHS","Bahamas",0.00272038903967474,0.00319439589960504,0.00565676318986943,0.0100428658622907,0.0129971654190915,0.0120258960165944,0.0121824672187892,0.010193024990819,0.00459694602053172,0.00185032716557509,0.00185032716557509,0.00232367679883188,0.00409860951198996,0.00412561640209296,0.00340648875365048,0.00342724328850948,0.0023301759700631,5.4621801897476e-05,4.15061427334743e-05,4.15061427334743e-05,2.07516078744778e-05,4.22200105116892e-05,4.22200105116892e-05,2.83287795726938e-05
48,"BHR","Bahrain",0,0,0,0,0,0,0,0,0,0,0,0,0,0,0,0,0,0,0,0,0,0,0,0
50,"BGD","Bangladesh",0.000643320630551712,0.0010886420377595,0.0022735849852892,0.00400492087690522,0.0034607891818151,0.00336160024635351,0.00291627883914572,0.00173133589161602,0,0,0,0,0,0,0.000643518568781474,0.000693062513236128,0.000890952934261721,0.00197925831637541,0.00197925831637541,0.00168137972819468,0.00163183578374003,0.00148323203732887,0.00212812703299453,0.00212812703299453
52,"BRB","Barbados",0,0,0,0,0,0.0666873396549806,0.0666873396549806,0.0666873396549806,0.0666873396549806,0.0666873396549806,0,0,0,0,0,0,0,0,0,0,0,0,0,0
112,"BLR","Belarus",0.000198028230922929,0.000111030165619101,5.27994209385595e-05,5.27994209385595e-05,0.000206640094914478,0.000633916624078167,0.000633916624078167,0.000687384284690979,0.00136495002799303,0.00230273988745276,0.00241887304557468,0.00434219869034814,0.00495242596778917,0.00434020755981383,0.00319577760543963,0.00265236791815402,0.000896304940038255,0.000582281300002747,0.00054601122057034,0.0014410825515139,0.00247585845679683,0.00230859579013913,0.0019589244921208,0.00236738837221427
56,"BEL","Belgium",0.00395673516295126,0.00306451627659201,0.00267703673872671,0.00176753618653959,0.00164013676805742,0.00419108957418262,0.00584779423272365,0.00546994672493418,0.00535566877889134,0.00585738145367456,0.00215841733332426,0.000501712674783222,0.000501712674783222,0.000501712674783222,0.000129801158183054,0.000129801158183054,0.000129801158183054,0.0021983692667229,0.0021983692667229,0.00477414748294852,0.00884980847827225,0.0101189599599596,0.00971002000089729,0.00983730500282747
84,"BLZ","Belize",0.0437459188323196,0.0443334301203701,0.044480439206617,0.00191218370138397,0.00588426701621207,0.00588426701621207,0.00764594975557421,0.00735078532303714,0.00646952197850501,0.00234919402741264,0.00234919402741264,0.00102709029529987,0.00102709029529987,0.00146930479180415,0.00323533164785519,0.00323533164785519,0.00220824135255532,0.00220824135255532,0.00176602685605104,0,0,0,0,0
204,"BEN","Benin",0.00288386570315182,0.00288386570315182,0.00648866849179635,0.00432575544245717,0.00504671206319748,0.00504671206319748,0.00504671206319748,0.00144190927455294,0.000720956620740314,0,0,0,0,0,0,0,0,0,0,0,0,0,0,0.000720866204728429
60,"BMU","Bermuda",0,0,0,0,0,0,0,0,0,0,0,0,0,0,0,0,0,0,0,0,0,0,0,4.14129032276762e-09
64,"BTN","Bhutan",0,0,0,0,0,0,0,0,0,0,0,0,0,0,0,0,0,0,0,0,0,0.0287788344881884,0.0287788344881884,0.0287789221332486
68,"BOL","Bolivia",6.61227274934175e-07,6.61227274934175e-07,0,0,0,0,0.000263465517131795,0.000263465517131795,0.000599027509392118,0.00125620363037252,0.00215188012532256,0.00245719711079627,0.00271492213245775,0.00340023661433292,0.00332866909237808,0.00243708106313787,0.00229577128724035,0.00220577376482022,0.00118556954676939,0.00496934383381506,0.00554120545119213,0.00577107929070599,0.00863483291892042,0.00921179380674323
70,"BIH","Bosnia and Herzegovina",0.0043524764317422,0.00497483881322369,0.00622092964188693,0.00622092964188693,0.00207128952502451,0.00186845321014472,0.00124609082866326,0,0,0,0.000200101371740344,0.00183494484074241,0.00183494484074241,0.00203962155579264,0.00203962155579264,0.00183952018405229,0.000204676715050222,0.00143969582445669,0.00123501910940647,0.00123501910940647,0.00123501910940647,0.00123501910940647,0,0
72,"BWA","Botswana",3.81850111296717e-05,3.81850111296717e-05,3.81850111296717e-05,0,0,0,0,0,0,0,0,7.37788527424582e-06,0.000319166933724677,0.00101247814980206,0.00396407924211241,0.00481317381683678,0.00484863740909957,0.00490695300998584,0.00421364179390848,0.00143374587011155,0.000594099039929147,0.000551257562392108,0.000181152913055391,0.00018591207205482
76,"BRA","Brazil",4.23865639642331e-06,0.000424458275758367,0.000420219619361944,0.000420219619361944,0.000579842718929574,0.000579842718929574,0.000159623099567631,0.000159623099567631,0.000159623099567631,0,0,0,0,0.000183078164501907,0.000211543255887725,0.000211543255887725,0.000215990916909627,0.000464835870226023,0.000285835881858617,0.00122858623125775,0.00122858623125775,0.00122413857023585,0.000975293616919455,0.000971215440784954
92,"VGB","British Virgin Islands",0.0258157942580195,0.0258157942580195,0.0258157942580195,0,0.0149468022854216,0.0149468022854216,0.0149468022854216,0.0149468022854216,0.0149468022854216,0,0,0,0,0,0,0,0,0,0,0,0,0,0,0
96,"BRN","Brunei Darussalam",-9999,-9999,-9999,-9999,-9999,-9999,-9999,-9999,-9999,-9999,-9999,-9999,-9999,-9999,-9999,-9999,-9999,-9999,-9999,-9999,-9999,-9999,-9999,-9999
100,"BGR","Bulgaria",8.52322759655562e-05,8.52322759655562e-05,0.00384943927864678,0.00436335419578933,0.00427812191982377,0.00521866318592041,0.00521866318592041,0.00205299670818656,0.00188599390660756,0.00188599390660756,0.000945452640510916,0.000945452640510916,0.000346912115563546,0,8.34741037893302e-05,8.59595416595513e-05,0.00181480222605632,0.00191261688555376,0.00191261688555376,0.00182914278176443,0.0018266573438942,9.78146594974463e-05,0,0
854,"BFA","Burkina Faso",0.00015440985197932,7.74183973390386e-05,7.74183973390386e-05,7.74183973390386e-05,7.74183973390386e-05,0,0.000386261334048497,0.000386261334048497,0.000386261334048497,0.000386261334048497,0.000386261334048497,0,0,0,0,0.000154936842756378,0.000154936842756378,0.00209520930967285,0.00209520930967285,0.00309866985645527,0.00364220202485593,0.00827577783969377,0.0063355053727773,0.00648975095939178
108,"BDI","Burundi",0,0,0,0.000243996137071661,0.00105724392674334,0.00130040819753795,0.00162568000441073,0.00170695852939591,0.00154401384619972,0.000812098158202594,0.000568933887407983,0.000243662080535204,0.000162383555550018,0.000243855309316104,0.00211438960156417,0.00268358776145086,0.00300875325470494,0.00300875325470494,0.00284623004706339,0.00195098061505222,0.00203206859848858,0.00227587411003542,0.00235713541994019,0.00260091229567029
132,"CPV","Cabo Verde",0,0,0,0,0,0,0,0,0,0,0,0,0,0,0,0,0,0,0,0,0,0,0,0
116,"KHM","Cambodia",0,0,0,0,0,0,0,0,0,0,0,0,0,0,0,0,0,4.33526482082757e-05,4.33526482082757e-05,0.00274528778720654,0.00285919415730582,0.00285919415730582,0.00312593727915249,0.00320857659710009
120,"CMR","Cameroon",0.000465737778307913,0.000465737778307913,0.000465737778307913,0.000465737778307913,0.000189523707875055,0.000189523707875055,0.000722275912253545,0.00121303364724692,0.00173564679316716,0.00154612308529211,0.00154612308529211,0.00101337088091362,0.000522613145920246,0,0,0,0,0.00287937693404632,0.00287937693404632,0.00304418574878183,0.00334715005130126,0.00684324186036168,0.00569656262471198,0.00569656262471198
124,"CAN","Canada",0.00868998084846935,0.0119055803748982,0.0150851727234258,0.0207431962939756,0.0344107959368538,0.0393906518322185,0.0419918291254368,0.0456777156599997,0.0380865738859659,0.0248247281318294,0.0199197145475384,0.0158687222462582,0.0102377016235363,0.00728533563758022,0.00494820478868695,0.00306748774819127,0.00144739926310645,0.000209962709970053,0.000209962709970053,0.000149840734773136,0.000149840734773136,0,0,0
136,"CYM","Cayman Islands",0.00655789921081058,0.00655762087794782,0.00655762087794782,0.0098369322157229,0.00655812177674899,0.00983704357037195,0.00655823313139804,0.00655823313139804,0.00983704371373166,0.0131159098121101,0.0163948873009776,0.0327897740643563,0.039348062819319,0.0393477287195319,0.0360688626211534,0.039348173708049,0.0393481156473694,0.0393479488125154,0.0360676885768683,0.0360676885768683,0.0262304782074823,0.013114849559589,0.00655672763948035,0.00327920220520141
140,"CAF","Central African Republic",0,0.00166721089484909,0.00402969025848355,0.00402969025848355,0.00806322444947139,0.00806322444947139,0.00639601355462229,0.00403353419098785,0.00556075160430812,0.00486403405510331,0.00500138239668443,0.00528530722211667,0.00528530722211667,0.00459373754764391,0.00125692090586087,0.00111957256427976,0.000835647738847511,0.00208690911829363,0.00125126137944613,0.00125126137944613,0.00125126137944613,0.00125126137944613,0,0
148,"TCD","Chad",0,0,0,0,0,0,0,0,0,0,0,5.4396824427456e-05,7.87515941708685e-05,7.87515941708685e-05,7.87515941708685e-05,0.000116661960088238,0.000259726245339518,0.000635858216465757,0.000635858216465757,0.00139484855248253,0.0014731773457412,0.00431877389606239,0.00470984003253395,0.00481233976531822
152,"CHL","Chile",0.000698283584643815,0.00119750176860079,0.00119750176860079,0.000579597375774771,0.0248671236984067,0.0404820948148337,0.0683389536748151,0.123531761736539,0.135539616131136,0.116503287062275,0.102492749607315,0.0843048887771501,0.0324945474789576,0.0213259374286626,0.0161670063787812,0.0151164169584549,0.00506959538668072,0.00169738553322478,0.000858141188923051,0.000685495793216331,0.000131651552075078,1.02569100758777e-05,0.00029295914487872,0.000333768228659641
156,"CHN","China",6.0451009282696e-05,2.95587820969479e-05,0,0,0,0,0,0,0,0,0,0,0,0,0,0,2.46321899635716e-05,0.000517077533145841,0.00056842724341635,0.000868343655015367,0.00163661817126255,0.00259078226741682,0.00248605339251876,0.00264521531737106
170,"COL","Colombia",0.00074136982909921,0.00074136982909921,0.000734977583209146,0.000120314314177324,9.30408819361199e-05,9.30408819361199e-05,9.30408819361199e-05,9.30408819361199e-05,0.0002162886371693,0.000666534992838696,0.000666534992838696,0.000666534992838696,0.000666534992838696,0.000450246355669396,0,0,0,0,9.57839568633389e-06,9.57839568633389e-06,9.57839568633389e-06,9.57839568633389e-06,9.57839568633389e-06,0
174,"COM","Comoros",-9999,-9999,-9999,-9999,-9999,-9999,-9999,-9999,-9999,-9999,-9999,-9999,-9999,-9999,-9999,-9999,-9999,-9999,-9999,-9999,-9999,-9999,-9999,-9999
184,"COK","Cook Islands",-9999,-9999,-9999,-9999,-9999,-9999,-9999,-9999,-9999,-9999,-9999,-9999,-9999,-9999,-9999,-9999,-9999,-9999,-9999,-9999,-9999,-9999,-9999,-9999
188,"CRI","Costa Rica",0.00235751312791788,0.00235838529471073,0.00235838529471073,0.00353666436401387,0.0082527736075995,0.00766333431961417,0.00825275459915255,0.0147174341520867,0.0212103477905996,0.0159047993207444,0.0159047993207444,0.0147260919442277,0.00826141239129359,0.00528784173123314,0.00528784173123314,0.00528784173123314,0.00705460022366667,0.00764369353323133,0.00294594132698675,0.00294594132698675,0.00353584971628772,0.00176820128292912,0.00117910797336447,0.000589908389300971
384,"CIV","Cote d'Ivoire",0.129136093978345,0.143326685419926,0.185002602742374,0.142247496427253,0.0991410356731441,0.0664801457495417,0.0567453856886116,0.0159263624814199,0.00839805211810668,0.0054840817379101,0.0054840817379101,0.000856894115256098,0,0,0,0,0,0,0,0,0,0,0,0
191,"HRV","Croatia",0.00216273714562649,0.00373317548785748,0.00582735366204112,0.00473521831261435,0.00457769590229205,0.00366461651641463,0.00209417817418363,0.000115067083334798,0.000115067083334798,0.000115067083334798,0.000115067083334798,0.000421096155072496,0.000306029071737698,0.000306029071737698,0.000306029071737698,0.000306029071737698,0.000202426812388419,0.000202426812388419,0.000253554171653873,0.000253554171653873,0.000253554171653873,5.11273592654536e-05,5.11273592654536e-05,0
192,"CUB","Cuba",0.0022014830206384,0.00262764324293778,0.00542052696864982,0.00573787626384162,0.00767385594754719,0.00788918542734537,0.0101150680902537,0.00751362935015074,0.00617463156458421,0.00463988591370784,0.00638962264022288,0.00630445106866691,0.0157486753427672,0.0154576933620745,0.0145720564004458,0.0122546232648463,0.00966694234066635,0,0.000167453178498358,0.000167453178498358,0.000369465147751453,0.000369465147751453,0.000370645359604086,0.000327195716321279
531,"CUW","Curacao",0,0,0,0.00289785498432588,0.00289785498432588,0.00289785498432588,0.00289785498432588,0.00289785498432588,0,0,0.00579825204750966,0.00579825204750966,0.00579825204750966,0.00869722741720648,0.0115961726591504,0.00869686582299807,0.01159544861431,0.0144943938562539,0.0115954184865571,0.00869647324461321,0.00579752803325585,0.0434855338886559,0.0463850515884923,0.0463850515884923
196,"CYP","Cyprus",0,0,0,0,0,0,0,0,0,0,0,0,0,0,0,0,0,0,0,0,0.00344059312641868,0.00344059312641868,0.00344059312641868,0.00344060580706682
203,"CZE","Czech Republic",0.000860644953424316,0.000860644953424316,0.000860644953424316,7.5224050002303e-06,7.5224050002303e-06,0,0,0,0,0,0,0,0.000171156973476078,0.000171156973476078,0.00273529995564599,0.00273529995564599,0.00273529995564599,0.00256414298216993,0.00256414298216993,0,0,0,0,0
180,"COD","Dem. Rep. Congo",8.97734933671033e-05,8.7028698818416e-05,8.42874641022695e-05,3.69867008717465e-05,0,3.5419965383786e-05,3.5419965383786e-05,3.5419965383786e-05,3.5419965383786e-05,3.5419965383786e-05,0,0,0,0,0,0,9.16883150080109e-05,0.000507047732949965,0.000511773267417717,0.00265324056619701,0.00287059064206247,0.00277890232705445,0.0023635429091125,0.00235881737464475
208,"DNK","Denmark",0.000787700736979896,0.00111263925893625,0.00209768345916686,0.0018531079379639,0.00190695795996687,0.00153567464973145,0.00111194902711943,0.000101818966500766,0.000101818966500766,0,0,0,0,0,0,0,5.25524027839064e-05,0.000156766020050177,0.000181665123218751,0.00250455141900405,0.00276043969769196,0.00310050518561342,0.00419595604953775,0.00419499331169174
262,"DJI","Djibouti",0,0,0,0,0,0,0,0,0,0,0,0,0,0,0,0,0,0,0,0,0,0,0,0
212,"DMA","Dominica",-9999,-9999,-9999,-9999,-9999,-9999,-9999,-9999,-9999,-9999,-9999,-9999,-9999,-9999,-9999,-9999,-9999,-9999,-9999,-9999,-9999,-9999,-9999,-9999
214,"DOM","Dominican Republic",0.000817596792345519,0.00106099901324963,0.00164410150983884,0.00207136381400111,0.00323725838422572,0.00348977247645172,0.00364699990108319,0.00338554792230022,0.00262825955908293,0.00189041027186984,0.00220499331045265,0.00349584051512651,0.00413340356163735,0.00413340356163735,0.0036299200964168,0.00341199009842407,0.00164275305680004,0.000702411103191236,0.000806782904394443,0.00257822685031691,0.00261179405811779,0.0036821532620894,0.00355885523697647,0.00345448343577326
218,"ECU","Ecuador",0.000627028999305555,0.000627028999305555,0.000719458289137059,0.000332230186019162,0.00132643509375797,0.00162108386165971,0.00256027409596241,0.00244940141024685,0.00421851208913657,0.00335256075887775,0.00289186525620638,0.00283868559212539,0.00381545229380944,0.00263651485976384,0.00248977789968555,0.00300618460627153,0.00259991406820848,0.00394823389063819,0.00365307976683434,0.00361625238389867,0.00330260192941761,0.00282286189725892,0.00101444085089576,0.000756418961119961
818,"EGY","Egypt",0.00186388247667551,0.00227488807032569,0.00249120487636329,0.00115768244995342,0.00085221183267528,0.000689211197545986,0.000275158634305804,5.1217687231629e-05,1.35357073915411e-05,1.35357073915411e-05,8.84984836625414e-05,0.000196785430998446,0.000269995698275935,0.000271394687393716,0.000352135424902631,0.000497666362852047,0.000471542697865956,0.000837557412465155,0.000871256450779851,0.000895935855492815,0.000694354258434515,0.000612190976084702,0.000172965994208014,0.000352831238879778
222,"SLV","El Salvador",0.00532506771993655,0.00426182056285825,0.00851632826853132,0.00958320578411573,0.0149086269488255,0.01703869970752,0.0170310465254315,0.0127768168252793,0.0106448398758001,0.00958304913739223,0.00851775991779204,0.00745852450026798,0.00532841396539617,0.00639036180293686,0.00319152758318984,0.00212675659845394,0.00212675659845394,0.00212675659845394,0.00106480876091325,1.25543583397112e-08,0,0,0,0
226,"GNQ","Equatorial Guinea",0,0,0,0,0,0.00540292696713103,0.00810649317555224,0.0108100593839734,0.0189078458931311,0.0216071137834116,0.0189078588690384,0.0189078846255168,0.0189079904698535,0.0135137658717198,0.0189255224275505,0.0162218503747927,0.0189256107753411,0.0189256149332125,0.0162220530221886,0.00811102857607739,0.00811102857607739,0.00541055702388884,0.0027068808132596,0.00541042891122088
232,"ERI","Eritrea",0,0,0,0,0,0,0,0,0,0,0,0,0,0,0,0,0,0,0,0,0,0,0.000346652688115969,0.000346653062904278
233,"EST","Estonia",5.35957756951259e-05,4.25168662858692e-05,4.25168662858692e-05,0,0,0,0,0,0,0,0,0,0,0,0,0,0,0,0,0,0,0,0,6.72617256055746e-05
748,"SWZ","Eswatini",0,0,0,0,0,0,0,0,0,0,0,0.000343154740464628,0.030876517017876,0.0312212329496474,0.0332798436208174,0.0360246960725397,0.0363678508526415,0.0058344885752301,0.00548977264345869,0.00343116197228866,0.000686309520566456,0,0,0.000345005045676801
231,"ETH","Ethiopia",0.000738841621881145,0.000738841621881145,0.000942667761233223,0.00106423822129881,0.000987154634654581,0.00127598386890474,0.0016893584926312,0.00222909791690207,0.00149044476316294,0.00161441880394895,0.00129218560208406,0.000889760662713139,0.000134923725141562,0.000134923725141562,2.20905175997566e-05,2.20905175997566e-05,0.000145329917260729,0.000290972316332694,0.000290972316332694,0.000671538098191583,0.00105371640741288,0.00171837920643191,0.00317106775158334,0.00338289393814173
234,"FRO","Faeroe Islands",0,0,0,0,0,0,0,0,0,0,0,0,0,0,0,0,0,0,0,0,0,0,0,0
238,"FLK","Falkland Islands",-9999,-9999,-9999,-9999,-9999,-9999,-9999,-9999,-9999,-9999,-9999,-9999,-9999,-9999,-9999,-9999,-9999,-9999,-9999,-9999,-9999,-9999,-9999,-9999
242,"FJI","Fiji",-9999,-9999,-9999,-9999,-9999,-9999,-9999,-9999,-9999,-9999,-9999,-9999,-9999,-9999,-9999,-9999,-9999,-9999,-9999,-9999,-9999,-9999,-9999,-9999
246,"FIN","Finland",0.00558438726861741,0.0055823144360441,0.0128386806466568,0.0116202980691156,0.01719852080305,0.0199927408950434,0.0222858734715132,0.0218752948296255,0.0193263109539212,0.0132690963206953,0.0138389140110451,0.0144197348099595,0.0100564427912365,0.00957758890081643,0.00872126924219699,0.00550038224179659,0.00309426949206951,0.00301083994760707,0.00301083994760707,0.00521139976465013,0.00512612057863086,0.00465827995297372,0.00225843141296659,0.00225843141296659
250,"FRA","France",0.000114265802179229,0.000114265802179229,0,0.000226622201976969,0.000226622201976969,0.000656451119122571,0.00102362259034131,0.00102362259034131,0.000797000388364338,0.000817832366934689,0.000388003449789086,2.08319785703503e-05,2.08319785703503e-05,2.08319785703503e-05,0,0.000256480188236132,0.000972194172740402,0.00157144693283421,0.00164811175899967,0.00222497475964079,0.00232033611321453,0.00351170778319368,0.00445071967162695,0.00437405484546149
258,"PYF","French Polynesia",-9999,-9999,-9999,-9999,-9999,-9999,-9999,-9999,-9999,-9999,-9999,-9999,-9999,-9999,-9999,-9999,-9999,-9999,-9999,-9999,-9999,-9999,-9999,-9999
266,"GAB","Gabon",0.0512093504668091,0.062001780241157,0.0640304541638059,0.0621643478878248,0.0436549516528487,0.0146882137159916,0.00381454453913451,0.00348966914953006,0.00348966914953006,0.00340850459191994,0.00170379853304446,0.00178479278288871,0.000405641416984912,0.000486870845761743,0.00162362464363925,0.00162362464363925,0.00178623143092063,0.00162401252963355,0.00154278310085672,0.000406029302979209,0.000406029302979209,0.000162428265853577,0,0
270,"GMB","Gambia",0,0,0,0,0,0,0,0.00827286021635561,0.00914255849022337,0.00914255849022337,0.00914255849022337,0.00957755991780164,0.00391385562390179,0.00521866742049182,0.00521866742049182,0.00521866742049182,0.00478366599291355,0.00217451007045779,0,0,0,0,0.000870132809839769,0.000870132809839769
268,"GEO","Georgia",0,0,0,0,0,0,0,0,0,0,0.000159288209421624,0.000478840173412651,0.000478840173412651,0.000639678822441064,0.000639678822441064,0.000480390613019439,0.000160838649028412,0.000160838649028412,0,0.000318216529031207,0.000318216529031207,0.000801909715779062,0.000801909715779062,0.000958760016261362
276,"DEU","Germany",0.00011715761632595,0.000105596232821343,0.00027146897798852,0.00027146897798852,0.00027146897798852,0.000231269588714251,0.000220929345875426,0,0,0,0,0,0,0,5.34103938367757e-05,0.000415778670296012,0.000742680757880864,0.00234295923531101,0.00235390796203547,0.0066841899833759,0.00641348312766066,0.0060865810400758,0.00464256892537106,0.0046316201986466
288,"GHA","Ghana",0.0173190541598119,0.0245952299276715,0.156660671334064,0.166410951178382,0.153527276291474,0.151467448875208,0.145318661872142,0.0153150756142631,0.00423385088523862,0.00355492110766678,0.00444156364169474,0.0043059380459106,0.00250483313673793,0.00237429354798669,0.00263479377694244,0.00656595699094146,0.0165655087705301,0.0166163569093477,0.0166163569093477,0.0164081999356341,0.0113552565819987,0.00036394163340069,0.000208607508452488,0.0002348264112584
300,"GRC","Greece",0.000307270498563955,0.000307270498563955,0.00015501626025474,0.00015501626025474,7.59881501467976e-05,0,0.000376616963364354,0.000831884392432547,0.00166451146830604,0.00187057905263661,0.00187057905263661,0.00149396208927226,0.00103869466020406,0.000739848989839137,0.000991001219983081,0.00114179282240045,0.00129411360051713,0.0019703542540448,0.00151241851670402,0.00143248767632008,0.00135947945565597,0.00198544525506591,0.00138771992117353,0.00131187425300574
304,"GRL","Greenland",0,0,0,0,0,0,0,0,0,0,0,0,0,0,0,0,0,0,0,0,0,0,0,0
308,"GRD","Grenada",-9999,-9999,-9999,-9999,-9999,-9999,-9999,-9999,-9999,-9999,-9999,-9999,-9999,-9999,-9999,-9999,-9999,-9999,-9999,-9999,-9999,-9999,-9999,-9999
320,"GTM","Guatemala",0.00628457371160311,0.00662637793627888,0.0073083953042531,0.00749336790194387,0.0107251837875926,0.0103863869443573,0.0129317742973012,0.0118279029534395,0.0112334828600296,0.010471821266145,0.00970664182416917,0.00877829726812506,0.0107373399323031,0.0103951182097605,0.00784628085326233,0.00869584139407802,0.00733265553115493,0.00664013223706438,0.00561628388754483,0.00535582780251523,0.00356726149899425,0.00220548132408765,0.000595016454147379,0.000762798352686334
831,"GGY","Guernsey",-9999,-9999,-9999,-9999,-9999,-9999,-9999,-9999,-9999,-9999,-9999,-9999,-9999,-9999,-9999,-9999,-9999,-9999,-9999,-9999,-9999,-9999,-9999,-9999
324,"GIN","Guinea",0.00502283572361828,0.00502283572361828,0.0100254500460353,0.00500261432241702,0.00500261432241702,0.0130274347765,0.0271409774664861,0.0221383631440691,0.0512874740932225,0.107599310651986,0.115675852673597,0.125713156807983,0.125713156807983,0.0965640458588296,0.0402522093000658,0.0251577166529182,0.00201374800259199,0.00201374800259199,0.00201374800259199,0.00201374800259199,0.00100687817404637,0,0,0
624,"GNB","Guinea-Bissau",0,0,0,0,0,0,0,0.00623393177242941,0.00623393177242941,0.00623393177242941,0.00623393177242941,0.0072692172532418,0.00103721243787201,0.00103781645028743,0.00103781645028743,0.00103781645028743,2.53096947504494e-06,6.04012415420917e-07,0,0,0,0,0,0
328,"GUY","Guyana",5.0039397432763e-05,5.0039397432763e-05,0,0.000216395460688536,0.000416874400213567,0.00183821753884821,0.00183821753884821,0.00183821753884821,0.00247406807778886,0.00257399798404966,0.00121946631017272,0.00121946631017272,0.00121946631017272,0.000367220310543556,0.000284086910831524,0.000852224333650599,0.000969172779408499,0.000985859396114004,0.000985859396114004,0.000984914932776538,0.000349966045199743,0.000233017599441844,0.0015340469592004,0.00191874911452662
332,"HTI","Haiti",0.00026813883370427,0.000143797990793249,5.40635740604167e-05,5.40635740604167e-05,0.000447934026336502,0.000919668562593336,0.000919668562593336,0.00091782231236688,0.00129191397087758,0.00109469519789683,0.000938043583461958,0.0011288156559943,0.00146330188000662,0.00108921022149593,0.000840341218366622,0.000642397456707605,0.000796608304491049,0.000462122080478729,0.000573272371400597,0.000941028948582661,0.0011243855981075,0.000779402677791709,0.00122419944273891,0.00111304915181704
336,"VAT","Holy See",-9999,-9999,-9999,-9999,-9999,-9999,-9999,-9999,-9999,-9999,-9999,-9999,-9999,-9999,-9999,-9999,-9999,-9999,-9999,-9999,-9999,-9999,-9999,-9999
340,"HND","Honduras",0.0253184712461087,0.0255327458116032,0.027645573721211,0.00409132475726651,0.00926316646021249,0.00826277114185867,0.0146573529343588,0.0125445250247509,0.0126540962937586,0.00748545012673143,0.00672162316292105,0.000555193141353346,0.000555193141353346,0.000445621872345655,0.000442426336426875,0.00066255031767235,0.000220123981245475,0.000220123981245475,0.000220123981245475,0.000220123981245475,0,0,0,0
344,"HKG","Hong Kong",0,0,0,0,0,0,0,0,0,0,0,0,0,0,0,0,0,0.00562468056896267,0.0112457782534955,0.0561734145010082,0.0561734145010082,0.0561734145010082,0.0505487339320456,0.0674131090122268
348,"HUN","Hungary",0.00193892709983683,0.00206716565074005,0.00250105381250442,0.0016778422719054,0.00165220094847448,0.00201387435263166,0.00205685581231223,0.00228710873516968,0.00216791540933161,0.00195193687210406,0.00136885482750285,0.00176630466238332,0.00102867508813741,0.000807292179280432,0.000642264510187776,0.000642264510187776,2.45390737981876e-05,0.00120833683131402,0.00123284267924655,0.00123284267924655,0.00123284267924655,0.00120830360544836,2.45058479325369e-05,0
352,"ISL","Iceland",1.17942443495459e-06,1.17942443495459e-06,1.17942443495459e-06,2.33893965004718e-06,2.33893965004718e-06,1.15951521509259e-06,1.15951521509259e-06,1.15951521509259e-06,0,0,0,0,0,0,0,0,0,0,0,0,0,0,4.65754827471163e-06,4.65754827471163e-06
356,"IND","India",1.88646409752348e-06,1.88646409752348e-06,0,0,0,0,0,0,0,0,0,0,0,0,0.000237498313660445,0.000237498313660445,0.000237498313660445,0.000644687248756562,0.000656926716745405,0.000443223575223881,0.000500369251845651,0.000500369251845651,9.31803167495329e-05,0.000117231865922784
360,"IDN","Indonesia",-9999,-9999,-9999,-9999,-9999,-9999,-9999,-9999,-9999,-9999,-9999,-9999,-9999,-9999,-9999,-9999,-9999,-9999,-9999,-9999,-9999,-9999,-9999,-9999
364,"IRN","Iran",0,0,0,0,0,4.55531147251481e-05,4.55531147251481e-05,0.000287561502882553,0.000332459962135892,0.000332459962135892,0.000286906847410745,0.000286906847410745,4.489845925334e-05,0,0.000503955376501593,0.000503955376501593,0.000503955376501593,0.000503955376501593,0.000503955376501593,0,0,0,0,0
368,"IRQ","Iraq",0,0,0,0,0,0,0,0,0.000453592978325684,0.000453592978325684,0.000453592978325684,0.000453592978325684,0.000453592978325684,0,0,0,0,9.12565115267556e-05,9.12565115267556e-05,9.12565115267556e-05,9.12565115267556e-05,9.12565115267556e-05,0.000166924835909188,0.000515861246039347
372,"IRL","Ireland",3.43623701580235e-05,3.29744766189987e-05,0.000179812099391508,0.000397830202251613,0.000397830202251613,0.000376002774768941,0.000376002774768941,0.000246328769560739,2.83106667006348e-05,2.83106667006348e-05,1.71636175643067e-05,1.71636175643067e-05,0,0,0,0,2.3363812625376e-05,0.000106655722964501,0.000106655722964501,0.000307511022569106,0.000567393435106957,0.00118935758246877,0.00161640128037132,0.00172063862596775
833,"IMN","Isle of Man",-9999,-9999,-9999,-9999,-9999,-9999,-9999,-9999,-9999,-9999,-9999,-9999,-9999,-9999,-9999,-9999,-9999,-9999,-9999,-9999,-9999,-9999,-9999,-9999
376,"ISR","Israel",0,0,0,0,0,0,0,0,0,0,0,0,0,0,0,0,0,0,0,0,0,0,0,7.76090671904945e-08
380,"ITA","Italy",0.000300496973569595,0.00055602897941623,0.00191147415117659,0.00233882262894619,0.00233882262894619,0.00208194736436625,0.00196848011340517,0.000811098656404367,0.000530574769074937,0.000530574769074937,0.000530574769074937,0.000344888305199722,0.000576850688669501,0.000430026098229338,0.000651779261010971,0.000862904538988688,0.00102118626574872,0.000693952335370852,0.00112777676142377,0.000906023598642135,0.000745906879998333,0.000634216758826975,0.000531424590975506,9.76001649225864e-05
388,"JAM","Jamaica",0.00731896028428599,0.00572752185563865,0.00445419094701791,0.00127242863027509,0,0,0.00159130621784069,0.00159130621784069,0.00159130621784069,0.00159130621784069,0.00349856685266825,0.00190726063482757,0.00190726063482757,0.00190726063482757,0.00190726063482757,0,0,0,0.00063657539217084,0.00063657539217084,0.000636860525659813,0.000636860525659813,0.000956138888020469,0.00031956349584963
392,"JPN","Japan",0,0,0,0,2.81867948122653e-06,7.175848436405e-05,7.175848436405e-05,7.175848436405e-05,0.000178585649238631,0.000175766969757404,0.000106827164874581,0.000106827164874581,0.000106827164874581,0,0,0,0,0,4.28359092856796e-05,0.000505925239257983,0.000704846800288304,0.000704846800288304,0.00115817733706806,0.0013941563425362
832,"JEY","Jersey",-9999,-9999,-9999,-9999,-9999,-9999,-9999,-9999,-9999,-9999,-9999,-9999,-9999,-9999,-9999,-9999,-9999,-9999,-9999,-9999,-9999,-9999,-9999,-9999
400,"JOR","Jordan",0,0,0,0,0,0,0,0,0,0,0,0,0,0,0,0,0,0,0,0,0,0,0,5.94262565712052e-08
398,"KAZ","Kazakhstan",0,1.23617044218999e-05,1.23617044218999e-05,1.23617044218999e-05,8.37360932029358e-05,0.000192397098764491,0.000180035394342591,0.000180035394342591,0.000180035394342591,0.000108661005561555,0,0,0,0,0,0,0,0.000200654227388236,0.000200654227388236,0.0011420651022884,0.00135334426570868,0.0016807810803945,0.00181836959941162,0.00181836959941162
404,"KEN","Kenya",0,0,0,0,0,0,0,0,0,6.86957976988886e-05,6.86957976988886e-05,0.00012072895969761,0.00012072895969761,0.000126977152729866,6.66302867970752e-05,6.66302867970752e-05,2.91543390405947e-05,0.000245639914153332,0.000243553588758105,0.000788564388727627,0.000828106384395503,0.00134007794577707,0.00233923684947328,0.0027053711575154
296,"KIR","Kiribati",-9999,-9999,-9999,-9999,-9999,-9999,-9999,-9999,-9999,-9999,-9999,-9999,-9999,-9999,-9999,-9999,-9999,-9999,-9999,-9999,-9999,-9999,-9999,-9999
689,"XKX","Kosovo",0,0,0,0,0,0,0,0,0,0,0,0,0,0,0,0,0,0,0,0,0,0,0,0
414,"KWT","Kuwait",0.000916710525269938,0.000916616793224384,0.000458233432672991,0.000458233432672991,0.00641659883007182,0.0158120805573293,0.0181044618435966,0.0183335754273951,0.023604256416353,0.0208546402040645,0.0142104822341926,0.0126055979465182,0.013522917323261,0.0103143273415961,0.00802216997077092,0.00572912336598231,0.00527082123444612,0.00481180404348261,0.00435445447470784,0.00366706994914521,0.00320879279654824,0.00275049061076891,0.00229227591908071,0.00344010759173226
417,"KGZ","Kyrgyzstan",0,0,0,0,0,0,0,0,0,0,0,0,0,0,0,0,0,0,0,0,0,0,0,0
418,"LAO","Laos",0.00332206051255735,0.00334257189083421,0.00334257189083421,0.00334257189083421,0.000799572958174028,2.05113782768493e-05,0,0,0,0,0,0,0.00552917267446072,0.00661604857420971,0.00705747336556788,0.00705747336556788,0.00705747336556788,0.00152830069110716,0.000441424791358178,0,0,0,0,0
428,"LVA","Latvia",0.000182364904146244,0.000146807802608238,0.000137647998531218,0,0,0,0,0,0,0,0,0,0,0,0,0,0,0,8.89639566936874e-06,7.05039651719551e-05,7.05039651719551e-05,7.05039651719551e-05,7.05039651719551e-05,6.16075695025863e-05
422,"LBN","Lebanon",-9999,-9999,-9999,-9999,-9999,-9999,-9999,-9999,-9999,-9999,-9999,-9999,-9999,-9999,-9999,-9999,-9999,-9999,-9999,-9999,-9999,-9999,-9999,-9999
426,"LSO","Lesotho",0,0,0,0,0,0,0,0,0,0,0,0,0,0,0,0,0,0,0,0.00522465704477203,0.00698764689662315,0.00698764689662315,0.00698764689662315,0.00698765115343313
430,"LBR","Liberia",0.0366337560082885,0.035505638358088,0.0343780359778859,0.022541792729922,0.027624441872576,0.028188559771353,0.0338397042366274,0.0439890916799179,0.0270828271805284,0.019185190531779,0.0203133413779901,0.0157947464352427,0.00564535899195214,0.00508126211146055,0.00282481826751503,0.00113254952252697,0,0,0,0,0,0.000565783202701128,0.000565783202701128,0.010720161815477
434,"LBY","Libya",0,0,0,0,0,0,0,0,0,0,0,0,0,0,0,0,0,0,0,0,0,0,0,0
438,"LIE","Liechtenstein",-9999,-9999,-9999,-9999,-9999,-9999,-9999,-9999,-9999,-9999,-9999,-9999,-9999,-9999,-9999,-9999,-9999,-9999,-9999,-9999,-9999,-9999,-9999,-9999
440,"LTU","Lithuania",0.00142100980493052,0.00142100980493052,0.00138473058407681,0.00036299951245147,0.000291594967578001,0.000326087244229603,0.000327402866603145,0.000327402866603145,0.000434196235474692,0.000143980143213421,0.000108108991245088,0.000106793368871548,0.00123942776161077,0.00113263439273922,0.00113263439273922,0.00113263439273922,0.00113263439273922,0,0,0.000566516860726696,0.000566516860726696,0.000566516860726696,0.000566516860726696,0.000566516860726696
442,"LUX","Luxembourg",-9999,-9999,-9999,-9999,-9999,-9999,-9999,-9999,-9999,-9999,-9999,-9999,-9999,-9999,-9999,-9999,-9999,-9999,-9999,-9999,-9999,-9999,-9999,-9999
446,"MAC","Macao",-9999,-9999,-9999,-9999,-9999,-9999,-9999,-9999,-9999,-9999,-9999,-9999,-9999,-9999,-9999,-9999,-9999,-9999,-9999,-9999,-9999,-9999,-9999,-9999
450,"MDG","Madagascar",0.000845908418612431,0.000864191517354412,0.00109515196270996,0.00157008669048606,0.0013126238604057,0.000929862192892299,0.000911579094150318,0.000668465370518505,0,0,0,0,0,0,0,0,0,0,0,0,0,0,0,0
454,"MWI","Malawi",1.8032883383641e-05,9.00843372632676e-06,0,0,0.00101406401694874,0.00444993263919036,0.00457143064273099,0.00457143064273099,0.00457143064273099,0.00355736662578225,0.000121498003540633,0,0,0,0,0,0,0,0,0.000965779341564587,0.000965779341564587,0.000965779341564587,0.000965779341564587,0.000965779341564587
458,"MYS","Malaysia",-9999,-9999,-9999,-9999,-9999,-9999,-9999,-9999,-9999,-9999,-9999,-9999,-9999,-9999,-9999,-9999,-9999,-9999,-9999,-9999,-9999,-9999,-9999,-9999
462,"MDV","Maldives",-9999,-9999,-9999,-9999,-9999,-9999,-9999,-9999,-9999,-9999,-9999,-9999,-9999,-9999,-9999,-9999,-9999,-9999,-9999,-9999,-9999,-9999,-9999,-9999
466,"MLI","Mali",0.000295379150311896,0.00159095475843316,0.00159095475843316,0.00155734152549541,0.00145421421291608,0.00129557560812127,0,0.000153624975524745,0.000153624975524745,0.000153624975524745,0.000153624975524745,0.000153624975524745,0,0,0,0,0,0.000365276823327863,0.000365276823327863,0.000426238973482849,0.000426238973482849,0.000426238973482849,0.000134214798861126,0.000140326159493394
470,"MLT","Malta",-9999,-9999,-9999,-9999,-9999,-9999,-9999,-9999,-9999,-9999,-9999,-9999,-9999,-9999,-9999,-9999,-9999,-9999,-9999,-9999,-9999,-9999,-9999,-9999
584,"MHL","Marshall Islands",-9999,-9999,-9999,-9999,-9999,-9999,-9999,-9999,-9999,-9999,-9999,-9999,-9999,-9999,-9999,-9999,-9999,-9999,-9999,-9999,-9999,-9999,-9999,-9999
478,"MRT","Mauritania",0.000294283165858171,0.000235013347299641,0.00010737230487715,0.00010737230487715,9.75186275402978e-05,2.90960428913949e-05,9.79219204391556e-06,5.8857033933398e-05,5.8857033933398e-05,5.8857033933398e-05,5.8857033933398e-05,4.90648418894825e-05,0.00012743834133675,0.000156878722961184,0.000166676820968064,0.000166676820968064,0.000166676820968064,9.81496164039494e-05,7.85119731858488e-05,0.000205898848273996,0.000555913422634979,0.00125448432582507,0.00443032246440144,0.00451829368096962
480,"MUS","Mauritius",0,0,0,0,0.0222371370125667,0.0444496522448116,0.0444496522448116,0.0444496522448116,0.0666601731042983,0.0666601728599497,0.0444476576277048,0.0666601731042983,0.0888953316267616,0.066684810767275,0.0444476739990568,0.0444476739990568,0.0222351585224633,0,0,0,0,0,0,0
484,"MEX","Mexico",0.0336395104399052,0.0374574428401417,0.0407484461398784,0.0182138189054724,0.0300813203942305,0.0400832495487552,0.0529094179585792,0.0595921720256187,0.0629468524711256,0.050000236979181,0.0370543441513953,0.0221650106781457,0.0130068683530702,0.00537299135148347,0.00339863520043332,0.00293586703383273,0.00127077149934232,0.000274877403298047,0.000389160699723009,0.000389160699723009,0.000387340881259012,0.00012944213686404,0.00012944213686404,0
583,"FSM","Micronesia",-9999,-9999,-9999,-9999,-9999,-9999,-9999,-9999,-9999,-9999,-9999,-9999,-9999,-9999,-9999,-9999,-9999,-9999,-9999,-9999,-9999,-9999,-9999,-9999
498,"MDA","Moldova",0,0.000276830961996358,0.000276830961996358,0.000276830961996358,0.000554994676858542,0.000554994676858542,0.000278163714862185,0.000278163714862185,0.000278163714862185,0,0,0,0,0,0,0,0,0,0,0,0,0,0,0
492,"MCO","Monaco",-9999,-9999,-9999,-9999,-9999,-9999,-9999,-9999,-9999,-9999,-9999,-9999,-9999,-9999,-9999,-9999,-9999,-9999,-9999,-9999,-9999,-9999,-9999,-9999
496,"MNG","Mongolia",9.93815119022877e-05,9.93815119022877e-05,8.55970437462093e-05,6.14774758621723e-05,4.08882057189707e-05,2.33342323610975e-05,4.08942609375423e-05,4.08942609375423e-05,1.75600285764448e-05,1.75600285764448e-05,1.75600285764448e-05,0,0,0,9.88401227070232e-06,9.88401227070232e-06,0.000105439837073548,0.000210335862864489,0.000210335862864489,0.00047308001112517,0.000589181771767838,0.000493625946964994,0.000396841755255415,0.000406889311081883
499,"MNE","Montenegro",0.0125280808490169,0.0125280808490169,0.0129452202168731,0.00236506688319484,0.00222622321535806,0.00222622321535806,0.00278274739485618,0.00348016646893517,0.00167108262143333,0.00167108262143333,0.00167108262143333,0.00111455844193522,0,0,0,0,0,0,0,0,0,0,0,0
504,"MAR","Morocco",0,0,0,0,0,0,0,0,0,0,0,0,0,0,0,0,0,0,0,0.0142004223504014,0.0142004223504014,0.0142004223504014,0.0142004223504014,0.0142004699037374
508,"MOZ","Mozambique",0,0,0,0,0,0,0,0,0,3.57621440041549e-05,4.20206321591436e-05,4.20206321591436e-05,4.20206321591436e-05,0.000139859021203514,0.000436179835539151,0.000664741230438368,0.00130012653552399,0.00209327390855538,0.0020067473764244,0.00534158055126642,0.00510676066821221,0.00471504784899251,0.00392190047596111,0.00391058861904773
104,"MMR","Myanmar",0.0017325270081526,0.0017325270081526,0.0064269799255269,0.00659346939146943,0.00486094238331685,0.00486094238331685,0.00486726687060824,0.000172813953233938,6.32448729140535e-06,6.32448729140535e-06,6.32448729140535e-06,0,0,0,0.000126716950832078,0.000126716950832078,0.000272557119211899,0.000272557119211899,0.000272557119211899,0.000145840168379821,0.000145840168379821,0,0,0
516,"NAM","Namibia",0,1.30128854691478e-05,1.30128854691478e-05,1.30128854691478e-05,1.30128854691478e-05,6.26791069388056e-05,0.000187469169098371,0.000287181683156093,0.00135842460174641,0.00361241864013635,0.00580430415015197,0.00729732529607255,0.0112887379392916,0.0222676154502125,0.0200136214118225,0.0177720696803373,0.016141245586788,0.0120501204295112,0,1.24610475522788e-05,3.73235500940386e-05,3.73346057278516e-05,3.73346057278516e-05,3.73346057278516e-05
520,"NRU","Nauru",-9999,-9999,-9999,-9999,-9999,-9999,-9999,-9999,-9999,-9999,-9999,-9999,-9999,-9999,-9999,-9999,-9999,-9999,-9999,-9999,-9999,-9999,-9999,-9999
524,"NPL","Nepal",0,0,0,0,0,0,0,0,0,0,0,0,0,0,0,0,0,0,0,0.00228874495390877,0.00228874495390877,0.00228874495390877,0.00228874495390877,0.00305825728599362
528,"NLD","Netherlands",0.000753875583368871,0.000735203611524979,0.00274158562134838,0.00295773545676392,0.00295773545676392,0.00355338911807523,0.00406343020084578,0.00257105404479755,0.002354904209382,0.002354904209382,0.00154316194812695,0.00175801530155744,0.00123050823048746,0.00123989399657291,0.00154468533854418,0.00154468533854418,0.000620667869847163,0.00226701733819311,0.00225763157210766,0.00377691990515236,0.00399038916832688,0.00461118763772017,0.00438110877967335,0.00439935204300277
540,"NCL","New Caledonia",-9999,-9999,-9999,-9999,-9999,-9999,-9999,-9999,-9999,-9999,-9999,-9999,-9999,-9999,-9999,-9999,-9999,-9999,-9999,-9999,-9999,-9999,-9999,-9999
554,"NZL","New Zealand",1.34394269626366e-05,1.34394269626366e-05,0,0,0,0,0,0,0,1.10683393608552e-05,1.10683393608552e-05,1.10683393608552e-05,1.10683393608552e-05,1.10683393608552e-05,0,0,0,0,0,0,0,0,0,0
558,"NIC","Nicaragua",0.000368315428066884,0.000184012675537534,6.12263310158577e-05,6.12263310158577e-05,0,0,0.000242985580665824,0.0006119406424301,0.0006119406424301,0.0006119406424301,0.0006119406424301,0.000368955061764276,6.07096091016633e-05,6.07096091016633e-05,6.07096091016633e-05,0.000122031638959816,0.000122031638959816,6.13220298581528e-05,6.13220298581528e-05,6.13220298581528e-05,0,0,0,0
562,"NER","Niger",0,0,0,0,0,0,0,0,0,0,7.59319250742862e-05,7.59319250742862e-05,7.59319250742862e-05,7.59319250742862e-05,7.59319250742862e-05,0,0,0,0,3.25348632552351e-05,7.59140664381613e-05,0.000531362747795036,0.00151692096156044,0.00160367303099093
566,"NGA","Nigeria",0.00200818879537587,0.00222895725824999,0.00312842222395772,0.00240390365672305,0.00209341324079453,0.00113107282809729,0.000904886352916737,0,0,0,6.33528832037176e-05,0.00022266617057836,0.00022266617057836,0.00022266617057836,0.00022266617057836,0.000159313287374641,1.12703183228194e-05,4.97555695722492e-05,6.0572694730865e-05,0.000385495431430251,0.000525323493935153,0.00118660218095316,0.00210283113135565,0.00216255065072168
570,"NIU","Niue",-9999,-9999,-9999,-9999,-9999,-9999,-9999,-9999,-9999,-9999,-9999,-9999,-9999,-9999,-9999,-9999,-9999,-9999,-9999,-9999,-9999,-9999,-9999,-9999
408,"PRK","North Korea",0.000961493760103886,0.00127939004867066,0.00127939004867066,0.000957152619113815,0.000317896288566773,0.000637352873484673,0.00157057347723656,0.00157057347723656,0.00157057347723656,0.00157057347723656,0.00125111689231866,0,0.00221229550912972,0.00221229550912972,0.00221229550912972,0.00221229550912972,0.0158459667545063,0.0136336712453766,0.0136336712453766,0.0362639258507985,0.036269500432302,0.0226358291869254,0.0226358291869254,0.0226358291869254
807,"MKD","North Macedonia",0,0,0,0,0,0,0,0,0.0040799986259303,0.0040799986259303,0.0040799986259303,0.0040799986259303,0.00544076392313892,0.00136076529720862,0.00136076529720862,0.00136076529720862,0.00136076529720862,0.0109941578350865,0.0109941578350865,0.0164854695056709,0.0164854695056709,0.0164854695056709,0.00549131167058443,0.00549131167058443
578,"NOR","Norway",0.00491215963076648,0.00531053483799721,0.0231347059031203,0.02324545043095,0.0236205444404819,0.0225569254871861,0.0223989401983848,0.00527463084505135,0.0031334330792752,0.0022264598388319,0.00269054350103565,0.00525984349260094,0.00815954961010759,0.00811857533689988,0.00765122691783515,0.00645797537907012,0.0038199512323957,0.00235129699483085,0.00235129699483085,0.00235129699483085,0.00244408646275929,0.0022499404044478,9.27894679284348e-05,9.27894679284348e-05
512,"OMN","Oman",0,0,0,0,0.00056499923713362,0.00056499923713362,0.00056499923713362,0.00225726743012869,0.00225726743012869,0.00169226819299507,0.00282261425258196,0.00282261425258196,0.00169566895452638,0.00169566895452638,0.00169566895452638,0.000565322894939499,0.000565322894939499,0.0027681596221997,0.00442910288145244,0.00442910288145244,0.00442910288145244,0.00442910288145244,0.00222254167121806,0.000561599430157381
586,"PAK","Pakistan",6.214402793742e-06,0,0,0,0,0,8.12369586623047e-06,4.38591380718673e-05,4.38591380718673e-05,4.38591380718673e-05,4.38591380718673e-05,3.57354422056368e-05,0,0,0.000619568210537529,0.000619568210537529,0.000619568210537529,0.000714512606122143,0.000726625957465005,0.000163006230940433,0.000195994799527568,0.000414351459199477,0.000319407063614865,0.000307293712272003
585,"PLW","Palau",-9999,-9999,-9999,-9999,-9999,-9999,-9999,-9999,-9999,-9999,-9999,-9999,-9999,-9999,-9999,-9999,-9999,-9999,-9999,-9999,-9999,-9999,-9999,-9999
591,"PAN","Panama",0.00827273289482888,0.00827039350807411,0.00782318042095832,0.00312762263121954,0.00223313832963064,0.000892061028346668,0,0,0,0.00670779663152937,0.0156510788963481,0.0156510788963481,0.0203452807236048,0.0234775086108889,0.0203479188508795,0.0118516136139853,0.0147644928158236,0.0107425402042593,0.00828202077776318,0.0047038139062431,0.00470403450528559,0.0017911553034473,0.00111890608775483,0.00044719762696698
598,"PNG","Papua New Guinea",-9999,-9999,-9999,-9999,-9999,-9999,-9999,-9999,-9999,-9999,-9999,-9999,-9999,-9999,-9999,-9999,-9999,-9999,-9999,-9999,-9999,-9999,-9999,-9999
600,"PRY","Paraguay",0.000543160541768866,0.000543160541768866,0.000543160541768866,0.000543160541768866,0.00039347836804977,0,0,0.00393695766842499,0.00412991235794071,0.00412991235794071,0.00412991235794071,0.00412991235794071,0.000192954689515714,0,0,0,0,0.000137337479272249,0.000137921907879575,0.00150690041090157,0.00169242943121347,0.00177660059745768,0.00163926311818544,0.00164794890709399
604,"PER","Peru",0,0,0,0,0.000706205263564996,0.000706205263564996,0.00099329512125452,0.00099329512125452,0.00099329512125452,0.00118494114589054,0.00260764066761815,0.00232055080992863,0.00242003718455573,0.00242003718455573,0.00156386061944005,0.000141161097712433,0.000472763453088872,0.000373277078461771,0.000373277078461771,0.000331602355376439,0.000331602355376439,0,0,2.3371976922164e-05
608,"PHL","Philippines",-9999,-9999,-9999,-9999,-9999,-9999,-9999,-9999,-9999,-9999,-9999,-9999,-9999,-9999,-9999,-9999,-9999,-9999,-9999,-9999,-9999,-9999,-9999,-9999
616,"POL","Poland",0.000918195100409997,0.000952337713354527,0.00148723832664776,0.00195984310808448,0.00134042487791332,0.00104164800767449,0.00100750539472996,0.000472604781436728,0,0,0,0,0,0,0,0,7.60484413205031e-05,0.000633392887457488,0.000633392887457488,0.00518595133984137,0.00518595133984137,0.00510990289852085,0.00455255845238387,0.00455255845238387
620,"PRT","Portugal",0.000568978616919668,0.000337800153403036,0.000223864131392621,0,0.000232125301122758,0.000232125301122758,0.000703020649532605,0.000833033549698564,0.000949730936152284,0.000717605635029527,0.00129812860779691,0.000827233259387062,0.000811132838074934,0.000694435451621214,0.00104975899330635,0.000469236020538965,0.000469236020538965,0.000355323541685135,0.000474704073542252,0.000231815058079251,0.000693144914906984,0.00150694571924487,0.00174045836282437,0.00174053255474537
634,"QAT","Qatar",0,0,0,0,0,0,0,0,0,0,0,0,0,0,0.100003442196095,0.100003442196095,0.100003442196095,0.100003442196095,0.100003442196095,0,0,0,1.14131170186277e-09,0.0999965589452171
178,"COG","Republic of Congo",0.0131759112772476,0.0135712860776723,0.0138663590749522,0.00632537327065036,0.017864393132976,0.0185585481702648,0.0184211246184653,0.0182053520564483,0.0151798032595424,0.00235604701107263,0.000337251683888135,0.000653233285363054,0.00290820689870746,0.00290820689870746,0.00514411060133272,0.00514411060133272,0.004649235118275,0.0023149610696676,0.0023149610696676,7.90573670423458e-05,7.90573670423458e-05,0.000178093577832682,0.000178093577832682,0.000178093577832682
642,"ROU","Romania",0.0020905464141183,0.00238371224742112,0.00435096805809195,0.00483730782651349,0.00322699311149421,0.00277077701170392,0.00259346690362703,0.000857908565168305,0.000371568796746768,0.000371568796746768,0.000371568796746768,0.000246152938915841,0,0,0,0,3.89634653141567e-07,3.56520273368252e-05,4.9925987650838e-05,4.9925987650838e-05,0.000323631020535752,0.00032324138588261,0.000289210764116062,0.000274936803802049
643,"RUS","Russia",0.0026030136795599,0.00261150469729492,0.00464298884353696,0.00409337877187463,0.0055011295396681,0.00648125152373604,0.00740588268687643,0.0079433772316414,0.00657186733715456,0.00499067499397147,0.00503872400136243,0.0046725007534542,0.00273406756862369,0.00262192559487478,0.0023601178161666,0.00120356403721707,0.00075296595262216,0.000858098036703613,0.000858098036703613,0.0013621371351867,0.0013621371351867,0.00124275063357921,0.000504039098483092,0.000504039098483092
646,"RWA","Rwanda",0,0,0,0.000235866087109771,0.000660034292409744,0.00200365758408395,0.00282858582511677,0.00299362920721367,0.0027577631201039,0.00233359491480393,0.00167349651689418,0.000848568275861361,0.000848534884537888,0.000848534884537888,0.000848534884537888,0.000424437282903642,0.000424437282903642,0.000353732786096326,0.000353732786096326,0.00271121047994173,0.0027111011306587,0.00306475331029486,0.00315904568624107,0.00315904568624107
652,"BLM","Saint Barthelemy",0,0,0,0,0,0,0,0,0,0,0,0,0,0,0,0,0.0499996080993452,0.1,0.1,0.1,0.1,0.0500003919006548,0,0
659,"KNA","Saint Kitts and Nevis",0,0,0,0.00666598786602103,0.00666598786602103,0.00666598786602103,0.00666598786602103,0.00666598786602103,0.0333096595741542,0.039975345676312,0.0533065165846854,0.0599722026868431,0.0666380900129231,0.0466598026430845,0.0466598026430845,0.0333286317347111,0.0333287323466722,0.0399932100249967,0.0266618378206811,0.0199961517185233,0.0199961517185233,0.0133303650044044,0.00666457821826555,0.00666457821826555
662,"LCA","Saint Lucia",0,0,0,0,0,0,0,0,0,0,0,0,0,0,0,0,0,0,0,0,0,0,0,3.13259181759076e-07
670,"VCT","Saint Vincent and the Grenadines",0,0,0,0,0,0,0,0,0,0,0,0,0,0,0,0,0,0,0.0999994293213695,0.0999994293213695,0.0999994293213695,0.0999994293213695,0.0999994293213695,0
882,"WSM","Samoa",-9999,-9999,-9999,-9999,-9999,-9999,-9999,-9999,-9999,-9999,-9999,-9999,-9999,-9999,-9999,-9999,-9999,-9999,-9999,-9999,-9999,-9999,-9999,-9999
674,"SMR","San Marino",-9999,-9999,-9999,-9999,-9999,-9999,-9999,-9999,-9999,-9999,-9999,-9999,-9999,-9999,-9999,-9999,-9999,-9999,-9999,-9999,-9999,-9999,-9999,-9999
678,"STP","Sao Tome and Principe",0,0,0,0,0,0,0,0,0,0,0,0,0,0,0,0,0,0,0,0,0,0,0,0
682,"SAU","Saudi Arabia",0,0,0,0.000197626575158433,0.000392061302807364,0.000392061302807364,0.000392061302807364,0.000392061302807364,0.000194434727648931,0,0,0,0,0,0,0,0,0,0,0,0,0,0,4.71462742151107e-10
686,"SEN","Senegal",4.50542637062313e-05,1.49837425400571e-05,0,0,1.50219139398085e-05,1.50219139398085e-05,1.50219139398085e-05,1.97827683694594e-05,1.97827683694594e-05,4.76085442965083e-06,4.76085442965083e-06,0.00011953072203488,0.00011476986760523,0.000414271265430123,0.000414271265430123,0.000469295952142567,0.000374504781630066,0.000687639348468625,0.000398126151378783,0.000398126151378783,0.000407833485352703,0.000587240131997904,0.00273855988268753,0.00276861556238638
688,"SRB","Serbia",0.00386862216376908,0.00410980091936583,0.00917234484591754,0.00711910405014417,0.00796419307707774,0.00639048173932832,0.00626990410901799,0.00120736018246627,0.00120736018246627,0.000120601125286405,0.000120601125286405,0,0.000482039357420109,0.000482039357420109,0.000482039357420109,0.000482039357420109,0.000482039357420109,0.000239335724881654,0.000239335724881654,0.000239335724881654,0.000239335724881654,0.000239335724881654,0,0
690,"SYC","Seychelles",-9999,-9999,-9999,-9999,-9999,-9999,-9999,-9999,-9999,-9999,-9999,-9999,-9999,-9999,-9999,-9999,-9999,-9999,-9999,-9999,-9999,-9999,-9999,-9999
694,"SLE","Sierra Leone",0.0276776557624532,0.0332112333184388,0.0440833823641823,0.0662804612930977,0.0630077752102697,0.0529489308993023,0.0496720695733777,0.0514779737763027,0.0229700129865683,0.0175529480168331,0.017484493158785,0.0175995556034833,0.00492150235481481,0.00492150235481481,0.0043875225106074,0.00237177867475934,0,0,0,0,0,0,0,0
702,"SGP","Singapore",-9999,-9999,-9999,-9999,-9999,-9999,-9999,-9999,-9999,-9999,-9999,-9999,-9999,-9999,-9999,-9999,-9999,-9999,-9999,-9999,-9999,-9999,-9999,-9999
534,"SXM","Sint Maarten",0,0,0.0067800041510959,0.0169497962693107,0.0406775083831633,0.0406775083831633,0.0406775083831633,0.0338975042320675,0.0237277121138527,0,0,0.00339005557047366,0.00339005557047366,0.00339005557047366,0.00339005557047366,0.00339005557047366,0.027117981369798,0.0508469783548986,0.0508469783548986,0.0508469783548986,0.0508469783548986,0.0237289969851006,0,1.82423397519261e-08
703,"SVK","Slovakia",0.00752490120669957,0.00752490120669957,0.00752490120669957,0.00564302014477541,0.00376073492587524,0.000939679005535255,0.0018774882966819,0.0018774882966819,0.0018774882966819,0.000937809291146652,0.000937809291146652,0,0,0,0,0,0,0,0,0,0.000917096861114611,0.000917096861114611,0.00185145526233481,0.00185145526233481
705,"SVN","Slovenia",0,0,0.0024810106558711,0.00413032802752778,0.00578377416736171,0.00578718323292749,0.00578718323292749,0.00330617257705639,0.00165685520539971,3.4090655657852e-06,0,0.000827143823892153,0.000827143823892153,0.000827143823892153,0.000827143823892153,0.000827143823892153,0,0,0,0,0,0,0,0
90,"SLB","Solomon Islands",-9999,-9999,-9999,-9999,-9999,-9999,-9999,-9999,-9999,-9999,-9999,-9999,-9999,-9999,-9999,-9999,-9999,-9999,-9999,-9999,-9999,-9999,-9999,-9999
706,"SOM","Somalia",0.000456681238642091,0.000548014749125585,0.000913044931473389,0.00121679121744673,0.00112545459501428,0.000820999705564182,0.000729666195080689,0.000547362065466137,0.000213170916113024,0.000213170916113024,0.000274730759796991,0.000274730759796991,6.15598436839669e-05,6.15598436839669e-05,6.15598436839669e-05,0,0,0,0,0.00240008675013682,0.00252188062023567,0.00258293026306552,0.00358931337172573,0.00358931337172573
710,"ZAF","South Africa",0.000254227717952655,0.000172941735336078,0.000104776915891547,2.24298247522488e-05,0,0,0,0,0.000351651919182203,0.000351651919182203,0.000560327477943866,0.000590487553791552,0.000609233470484134,0.000257581551301931,0.000257581551301931,4.89059925402678e-05,0.000121658264892432,0.000849032362336534,0.000911518340387836,0.000911518340387836,0.000947192990756104,0.000844280642556257,0.000106814071667123,0.00126623762751941
410,"KOR","South Korea",0.000355237603799732,0,0,0.000364742090811896,0.000364742090811896,0.000364742090811896,0.000364742090811896,0.000364742090811896,0,0,0,0,0,0,0,0,0,0,0.000358332539956687,0.00107620589704852,0.00212612784424802,0.00212612784424802,0.00212612784424802,0.00287633367889399
728,"SSD","South Sudan",0,0,0,0,0,0,0,5.54557324227388e-05,5.54557324227388e-05,0.000468528387625972,0.000956202991574483,0.00120501653591302,0.00116330612142549,0.00116330612142549,0.000768418035761424,0.000372243421161463,0.000416942663690729,0.0010374247364268,0.0010374247364268,0.00271645777135714,0.00457807666034305,0.00428456387347524,0.00443343180892225,0.00443343180892225
724,"ESP","Spain",0.000586316864515411,0.000369510261134376,0.000155392877140747,0.000155392877140747,0.000155392877140747,0.000308832876844908,0.000153439999704161,0.000153439999704161,0.000153439999704161,0.000316751902725302,0.000573679491496376,0.000969951658963873,0.00127591091189474,0.00197646945143561,0.00204447918881313,0.00163411160033789,0.00185312738909084,0.00418818384528661,0.00354912493322965,0.0057065542874237,0.00662232180280596,0.00946162450110081,0.00729905941703107,0.00723755978954718
144,"LKA","Sri Lanka",0,0,0,0,0,0,0,0,0,0,0,0,0,0,0,0,0,0,0,0,0,0,0,4.4406675774884e-07
275,"PSE","State of Palestine",-9999,-9999,-9999,-9999,-9999,-9999,-9999,-9999,-9999,-9999,-9999,-9999,-9999,-9999,-9999,-9999,-9999,-9999,-9999,-9999,-9999,-9999,-9999,-9999
729,"SDN","Sudan",4.89032785874599e-06,4.89032785874599e-06,0,0,0,0,0.000495174059816003,0.0009946739874489,0.00119567630970573,0.00166590816313704,0.00273514845103156,0.00228907913072349,0.00249622729391574,0.00237866519973667,0.00255989284466267,0.00149065255676815,0.00208001929531324,0.00389032634348711,0.00380688611540935,0.0036499676605884,0.00480607444901458,0.00667349269187331,0.00686035913867351,0.00687979195847719
740,"SUR","Suriname",0,0,0,0.00379643382174899,0.00895006294415669,0.00895006294415669,0.00895006294415669,0.00895006294415669,0.00621392239880464,0.00106029327639695,0.00106029327639695,0.00106029327639695,0.00106029327639695,0,0,7.4071255949682e-05,7.4071255949682e-05,7.4071255949682e-05,7.4071255949682e-05,0.000370333518809531,0.000296262262859848,0.000296262262859848,0.000296262262859848,0.000296262262859848
752,"SWE","Sweden",0.000304069068067756,0.000302631819467325,0.000300189474566766,0,0.00148786645512976,0.00148786645512976,0.00148786645512976,0.00318450011351059,0.00367295106690905,0.00352568246023351,0.00589327631774492,0.0098121945170073,0.00966359749420402,0.00917514654080556,0.00783454869235135,0.00546695483483994,0.00154803663557756,0.000436394750147111,0.000436394750147111,0.000436394750147111,0.000436394750147111,0.000436394750147111,0,0
756,"CHE","Switzerland",0.0119897395080437,0.0119897395080437,0.0119897395080437,0.00423573399536057,0.00211951797577118,0,0,0,0.000699288534273242,0.000699288534273242,0.000699288534273242,0.000699288534273242,0.000699288534273242,0,0,0,0.00140588409718979,0.00140588409718979,0.00140588409718979,0.00140588409718979,0.00211217016510258,0.000706286067912788,0.00142944906172188,0.00142944906172188
760,"SYR","Syria",0,0,0,0,0,0,0,0,0,0,0,0,0,0,0,0,0,0,0,0,0,0,0,0
158,"TWN","Taiwan",0.00214654683174761,0.00214658784350154,0.00181611087660039,0.00177303027156895,0.00363380646216821,0.00454348230399509,0.00541108443252131,0.00739186647101571,0.00850762286235458,0.00677375978675211,0.00574452011773763,0.00561938026405608,0.0036440666597767,0.00384866643991864,0.00364339419647443,0.00479530039137697,0.00582636311839098,0.00578308882876291,0.00549368404686267,0.00499564706306711,0.00672390812727633,0.0104079281880519,0.0109425008650372,0.0122089950100877
762,"TJK","Tajikistan",0,0,0,0,0,0,0,0,0,0,0,0,0,0,0,0,0,0,0,0,0,0,0,0
834,"TZA","Tanzania",0,0,0,0,0,0,0,0,0,0,0,0,0,0,0,0,0,0,7.0442136845383e-06,0.000823993777726307,0.000958486406305196,0.00126227420901404,0.00166551635869382,0.00214545935986427
764,"THA","Thailand",0.000615170001440791,0.000615170001440791,0.000615170001440791,0.000615170001440791,0.000615170001440791,0,0,0,0,0,0,0,0,0,0.00108005231398228,0.00108005231398228,0.00200763391173361,0.00697500934583055,0.00697500934583055,0.00760145868296166,0.0126290499682405,0.0117014683704892,0.00673409293639226,0.00673409293639226
626,"TLS","Timor-Leste",-9999,-9999,-9999,-9999,-9999,-9999,-9999,-9999,-9999,-9999,-9999,-9999,-9999,-9999,-9999,-9999,-9999,-9999,-9999,-9999,-9999,-9999,-9999,-9999
768,"TGO","Togo",0,0,0.13798147948321,0.139050692055718,0.139050692055718,0.139050692055718,0.139050692055718,0.0010692125725082,0,0,0,0,0,0,0,0,0,0,0,0,0,0,0,3.56155115794213e-09
776,"TON","Tonga",-9999,-9999,-9999,-9999,-9999,-9999,-9999,-9999,-9999,-9999,-9999,-9999,-9999,-9999,-9999,-9999,-9999,-9999,-9999,-9999,-9999,-9999,-9999,-9999
780,"TTO","Trinidad and Tobago",0.00133830447582472,0.00133830447582472,0.00133830447582472,0,0.00133660048251362,0.00401157910657071,0.0133679411811716,0.021387568631493,0.0267374011389901,0.0334256082801393,0.0361004979440712,0.0320905500069868,0.0267417176694767,0.0254034498160378,0.0187152550226662,0.0160403039004775,0.0133660916805266,0.0106952965677154,0.00668373191365711,0.00534711908336586,0.00267220191756555,0,0,0
788,"TUN","Tunisia",0,0,0,0,0,0,0,0,0,0,0,0,0,0,0,0,0,0,0,0,0,0,0,0
792,"TUR","Turkey",7.29892057474255e-05,2.90084871826045e-05,1.4308130745098e-05,1.4308130745098e-05,1.4308130745098e-05,0,0,0,0,0,0,0,0.000262867941121663,0.000289406680403599,0.000642140823976034,0.000729423201073329,0.000941524938454242,0.00124264424626989,0.0013188520382908,0.00126362716266599,0.00129232816189187,0.00129711825676509,0.000930168537673684,0.000827422006370844
795,"TKM","Turkmenistan",0,0,0,0,0,0,0,0,0,0,0,0,0,0,0,0,0,0,0,0.0119792360915611,0.0119792360915611,0.0119792360915611,0.0119792360915611,0.0154759430273393
796,"TCA","Turks and Caicos Islands",0.000284275274175828,0.000284131789111997,0.000284131789111997,0.000852748473876573,0.000852748473876573,0.00341063036632181,0.00596923486382448,0.00596923486382448,0.00540061817905991,0.00540061817905991,0.00284273628661467,0,0,0,0,0,0.00483320872070864,0.00653880528367009,0.00653880528367009,0.00653880528367009,0.00653880528367009,0.00170559656296145,0.00170588309091639,0.00170588451218599
798,"TUV","Tuvalu",-8888,-8888,-8888,-8888,-8888,-8888,-8888,-8888,-8888,-8888,-8888,-8888,-8888,-8888,-8888,-8888,-8888,-8888,-8888,-8888,-8888,-8888,-8888,-8888
800,"UGA","Uganda",3.60171117033632e-05,4.62945942306038e-05,4.62945942306038e-05,4.62945942306038e-05,0.00040668072580153,0.000375804585142169,0.000365527102614929,0.000988029758667727,0.00128647997057805,0.00092095286796312,0.00092095286796312,0.00107007649236561,0.000843649408050092,0.000560636762114369,0.000627450007833155,0.000704551300991004,0.000555427676588517,0.000195245092112992,0.000184953593823302,0.000401138394287682,0.000432066987876177,0.000833737290966371,0.000952218052210115,0.000972792288937956
804,"UKR","Ukraine",0.00238355000220406,0.00255467228970698,0.00402068470949729,0.00243412810760328,0.0020599920625189,0.00199876443444244,0.00177854005142253,0.000458252646358209,0.000197297212165497,0.000197297212165497,0.000846704434776151,0.000846704434776151,0.000649407222610656,0.000649407222610656,0.000649407222610656,0,0,0,0,0,0.000223601818270912,0.000223601818270912,0.000223601818270912,0.000223601818270912
784,"ARE","United Arab Emirates",0.0105592736170281,0.0105592736170281,0.0105592736170281,0.00660048231269657,0.00396058899826138,0,0,0,0,0,0,0,0,0,0,0,0,0,0,0,0,0,0,0
826,"GBR","United Kingdom",0.00792474984383875,0.00852418408295499,0.0151162291345848,0.0172102972004173,0.0180147052047589,0.0138170679639117,0.0133888811383621,0.00717268366171517,0.00316915281563906,0.00129892400726086,0.000978074770452469,0.000774116521813963,0.000399694641825628,0.000450102582147079,0.000451944170330292,0.000387387718032705,0.00036918214014202,0.000418562705705858,0.000332151787837264,0.000284830543613426,0.000252405018983887,0.000220474108651503,0.000107894351281968,0.000180847685729148
840,"USA","United States of America",0.00829120041968762,0.0144319634064753,0.0258764696323702,0.0387771509693123,0.0489892659845937,0.0523898764318728,0.0522579442462679,0.0477720643441438,0.0325100808912971,0.0228284974461867,0.0176559108932419,0.0120921349352329,0.00661528829387365,0.0055480747460591,0.00286830391191914,0.00207981929517711,0.00163164088537436,9.23558705925726e-05,9.23558705925726e-05,0.000162723751777365,0.000471237088879634,0.000410707131956296,0.000402746145470999,0.000402746145470999
858,"URY","Uruguay",0.000233711106564595,0.000502747909596231,0.00122176213995079,0.00147486736247637,0.00157329085830375,0.00151080914868053,0.00149946615174853,0.000780451921393975,0.000453286530733836,0.000257693806099642,0.00242007244551429,0.00220551554803897,0.00328223682799843,0.005667947163621,0.005667947163621,0.00426391734069613,0.00490454814772932,0.00536346415502491,0.00298894366212124,0.0039953418756615,0.00342868545651194,0.00274491774085443,0.00148687513898825,0.00147568529626936
860,"UZB","Uzbekistan",4.19815044447965e-05,9.84512528573516e-07,9.84512528573516e-07,0,0,0,0,0,0,0,0,0,0,0,0,2.17128575442534e-05,0.000412454548781129,0.000803155869678499,0.000803155869678499,0.000933685064745732,0.000933694009777227,0.000586395953116252,0.000195694632218883,0.000195694632218883
548,"VUT","Vanuatu",-9999,-9999,-9999,-9999,-9999,-9999,-9999,-9999,-9999,-9999,-9999,-9999,-9999,-9999,-9999,-9999,-9999,-9999,-9999,-9999,-9999,-9999,-9999,-9999
862,"VEN","Venezuela",1.07833947592078e-05,1.07833947592078e-05,0,0,0,0,0,0,0,0,0,0,0,0,0,0,0,0,1.07941899773276e-05,1.07941899773276e-05,1.07941899773276e-05,1.07941899773276e-05,1.07941899773276e-05,0
704,"VNM","Viet Nam",3.04041528824327e-05,3.04041528824327e-05,0.000515580477479694,0.000515580477479694,0.000515580477479694,0.000515580477479694,0.000515580477479694,0,0,0.000150492885537357,0.000150492885537357,0.000150492885537357,0.000150492885537357,0.000150492885537357,0,0,0,0,6.08041399309887e-05,0.00356472132510106,0.00356472132510106,0.00356472132510106,0.00356472132510106,0.00350391718517007
876,"WLF","Wallis and Futuna Islands",-9999,-9999,-9999,-9999,-9999,-9999,-9999,-9999,-9999,-9999,-9999,-9999,-9999,-9999,-9999,-9999,-9999,-9999,-9999,-9999,-9999,-9999,-9999,-9999
732,"ESH","Western Sahara",-9999,-9999,-9999,-9999,-9999,-9999,-9999,-9999,-9999,-9999,-9999,-9999,-9999,-9999,-9999,-9999,-9999,-9999,-9999,-9999,-9999,-9999,-9999,-9999
887,"YEM","Yemen",0,0,0,0,0,0,0,0,0,0,0,0,0,0,0,0,0,0,0,0.00228437887634439,0.00228437887634439,0.00228437887634439,0.0068531871474271,0.00913761637296502
894,"ZMB","Zambia",0,0,0,0,0,0,0,0,0,0,0,0,0.000241126086426218,0.0002498433067531,0.0002498433067531,0.000253817575372783,0.000277084752538531,7.87485032066981e-05,7.07038893989598e-05,0.000200638559931919,0.000294191178476559,0.000322991223217494,0.000280201386123109,0.000279528779603965
716,"ZWE","Zimbabwe",0,0,0,0,0,0,1.32233809307271e-06,1.32233809307271e-06,1.32233809307271e-06,1.32233809307271e-06,1.32233809307271e-06,0.00308663064602472,0.00911485948021525,0.00911485948021525,0.0095404224077835,0.0095404224077835,0.00666476486379476,0.00108093591131903,0.00108093591131903,0.00186385657503646,0.00374228101701029,0.00396027585351945,0.00351587597180468,0.00351587597180468
